{"type":"Topology","arcs":[[[206704,136770],[118,-10],[137,40],[59,37],[201,128],[113,28],[209,52],[179,-15],[76,-53],[31,-22],[73,-3],[78,-2],[130,66],[79,8],[90,-48],[173,-39],[261,23],[210,-78],[64,-2],[166,-14],[258,89],[157,94],[152,146],[175,13],[164,-54],[97,-56],[16,-1],[64,-7],[156,94],[187,45],[148,69],[201,-70],[102,13],[94,58],[187,-39],[63,-34],[195,-58],[56,15],[139,100],[112,12],[229,177],[107,22],[92,76],[40,103],[114,118],[112,267],[179,177],[57,183],[89,65],[112,41],[161,138],[100,55],[46,14],[209,60],[145,72],[82,11],[59,38],[113,75],[127,24],[268,233],[119,8],[96,53],[98,-2],[109,41],[184,-26],[90,51],[75,-125],[91,-16],[40,-7],[113,-95],[139,52],[272,40],[55,105],[65,-33],[69,-101],[48,-65],[60,-2],[195,83],[122,140],[66,-49],[49,-112],[155,-247],[512,-107],[227,35],[203,0],[258,78]],[[217825,138943],[-3,-42],[22,-41],[2,-20],[-19,-25],[11,-51],[25,-63],[29,-33],[-7,-24],[10,-29],[-6,-19],[4,-29],[12,-25],[13,-18],[11,-16],[66,-57],[16,-33],[1,-57],[-14,-61],[2,-26],[-18,-54],[-15,-72],[-12,-34],[-23,-49],[-17,-23],[-43,-46],[-37,-109],[-179,55],[-136,1],[-27,-7],[-88,-44],[-17,-19],[-18,-1],[-32,-25],[-56,-20],[-26,-4],[-35,12],[-27,-8],[-76,-88],[-21,-17],[-14,-41],[-10,-82],[9,-20],[-12,-35],[-43,-270],[-132,-81],[-36,-72],[12,-26],[66,-25],[-5,-218],[1,-66],[-27,-81],[95,-279],[-3,-47],[41,-157],[-25,-61],[68,-164],[6,-33],[27,-157],[-323,-93],[-9,-135],[-125,-115],[34,-174],[-231,-81],[-86,-259],[28,-31],[114,-26],[61,57],[170,35],[80,-75],[113,7],[17,-93],[49,-80],[120,-38],[-18,-123],[27,-86],[185,-113],[201,-170],[78,-30],[89,-68],[162,-200]],[[217851,133916],[-116,-19],[-127,-60],[-119,48],[-16,-32],[-57,-20],[38,-104],[-36,-21],[-165,43],[-77,-20],[-230,-172],[-5,-48],[-4,-36],[-50,21],[-82,87],[-63,-13],[-81,24],[-41,43],[-86,36],[-82,111],[-65,7],[-115,68],[-127,-10],[-45,-72],[10,-44],[-14,-9],[-293,8],[-17,-16],[-17,-4],[-14,-16],[-18,-2],[-2,-16],[18,-30],[0,-18],[-28,-58],[-13,-8],[-15,1],[-20,-8],[12,-47],[-24,-54],[-3,-17],[-14,-3],[-18,5],[-162,-70],[-46,-63],[-113,22],[-64,-92],[-262,-11],[-102,-165],[53,-55],[-11,-48],[20,-36],[-38,-101],[-17,-47],[-345,-102],[-37,-206],[79,-83]],[[214585,132384],[-148,-29],[-129,44],[-48,-21],[-84,19],[-79,-65],[-23,-46],[-74,-36],[-12,-54],[37,-98],[78,-57],[71,20],[46,-64],[15,-90],[5,-31],[67,-18],[23,-77],[-34,-119],[96,-84],[-46,-66],[1,-90],[-37,-105],[-81,-43],[-121,-24],[-37,-44],[-39,-47],[-76,-21],[-28,-6],[-11,-18],[-19,-8],[-22,-21],[-54,-11],[-33,46],[-100,31],[-87,-80],[-111,-44],[-21,-67],[-116,30],[-81,-42],[-73,15],[-65,-20],[-29,-99],[-117,-4],[-93,-83],[-109,-40],[-66,-59],[-104,-32],[-97,8],[-35,40],[-26,49],[-91,56],[-105,21],[-34,39],[-65,-23],[-80,56],[-174,6],[-147,55],[-70,-57],[-111,-3],[1,-131],[-19,-13],[-42,22],[-83,47],[-71,78],[-116,-12],[-47,30],[-81,-19],[-43,74],[-75,72],[-66,150],[-50,34],[-89,-49],[-56,-87],[-105,8],[-59,-52],[-121,-40],[-45,72],[-80,55],[-92,-83],[-42,-79],[-183,39],[-78,-85],[48,-137],[-41,-54],[-70,16],[-91,-82],[-126,83],[-28,-77],[-187,-85],[-53,-110],[-200,-12],[-53,-88],[-35,-21],[-158,7],[-64,31],[-173,-26],[-79,-32],[-107,-108],[-60,74],[-55,0],[-119,-97],[-4,-102],[-50,-50],[-195,-49],[-145,14],[-227,-20]],[[207668,129979],[68,64],[-15,104],[-29,60],[31,87],[-55,107],[5,89],[-24,43],[12,71],[-15,23],[-42,61],[-19,116],[56,46],[78,180],[-4,40],[-69,109],[-89,8],[-92,170],[-29,54],[-61,47],[-28,80],[-49,57],[-57,235],[-74,-11],[-71,42],[-44,-18],[-87,13],[-32,24],[-24,19],[-86,-15],[-126,50],[-17,7],[-19,7],[-213,122],[-40,104],[-66,20],[-89,120],[-138,124],[-44,9]],[[206071,132447],[17,32],[72,39],[61,-6],[35,31],[3,84],[28,83],[68,29],[26,73],[22,167],[-57,88],[-150,99],[-69,16],[7,69],[12,123],[-12,32],[14,72],[-27,39],[51,145],[-54,65],[-87,103],[-11,55],[72,43],[55,67],[2,33],[41,34],[68,-7],[27,53],[47,22],[146,-42],[35,38],[56,23],[45,18],[40,105],[-17,55],[18,103],[103,79],[86,106],[53,156],[94,95],[11,75],[-22,75],[21,71],[-138,11],[-99,48],[-124,125],[-66,126],[-63,29],[-119,103],[-27,1],[-21,10],[-122,5],[-38,61],[-102,8],[-67,57],[-101,38],[-116,212],[-47,222],[-168,113],[-64,167],[-93,142],[27,185],[-15,137],[27,65],[-15,156],[65,46],[156,41],[19,34],[-15,35],[14,26],[107,45],[40,16],[-37,114],[4,131],[-20,33],[26,29],[14,78],[54,42]],[[205877,137778],[107,-27],[68,-17],[87,-62],[159,-54],[114,-68],[97,6],[137,-18],[33,-30],[2,-21],[2,-29],[-51,-122],[-227,-112],[-43,-233],[1,-92],[32,-63],[55,-32],[214,-29],[40,-5]],[[177764,145614],[25,-109],[37,18],[14,77],[52,-39],[16,-65],[52,11],[32,-24],[4,-18],[-45,-49],[35,-45],[-11,-62],[56,-10],[51,-36],[21,-3],[8,58],[-54,45],[64,64],[34,-62],[92,-36],[-34,-47],[33,-39],[6,-44],[16,-2],[21,-16],[11,0],[11,3],[71,20],[39,21],[33,25],[56,27],[22,6],[22,-3],[46,-4],[30,-14],[41,-2],[46,-30],[15,-4],[15,-4],[11,-2],[13,8],[17,-5],[11,-15],[15,-15],[21,2],[146,3],[204,-84],[42,-18],[201,-197],[52,-12],[21,-4],[47,-11]],[[179548,144872],[10,-123],[54,-84],[119,-46],[-17,-46],[9,-70],[34,-56],[-22,-49],[-83,-42],[-59,-115],[-11,-13],[-92,-110]],[[179490,144118],[-84,-244],[57,-231],[-17,-41],[-61,-51],[-4,-40],[116,32],[49,-36],[87,27]],[[179633,143534],[44,-23],[98,22],[72,-45],[127,-22],[97,-62],[69,17],[35,-76],[-29,-76],[13,-89],[264,-98],[73,-97],[56,-11],[37,-45],[78,21],[161,48],[1,84],[28,86],[131,-11],[-3,60],[31,28],[39,84],[82,33],[62,-61],[11,-51],[114,-62],[-35,-140],[3,-85]],[[181292,142963],[-33,-131],[-50,-48],[29,-97],[-68,-58],[19,-62],[-56,-81],[35,-123],[90,-1],[75,-67],[-25,-165],[-43,-68],[-70,50],[-226,2],[-9,14],[-28,46],[-67,16],[-6,39],[22,54],[-37,59],[-42,-34],[-52,11],[-109,-46],[-54,1],[-12,-72],[-62,-75],[-35,-40],[8,-211],[-14,-50],[77,-67],[96,22],[59,-57],[-3,-54],[-56,-30],[-51,-123],[21,-54],[72,-71],[38,-88],[-67,-83],[-135,-27],[-41,30],[19,50],[-14,51],[-105,62],[2,60],[-28,39],[20,66],[-76,79],[-57,-20],[-46,25],[-247,-112],[-71,29],[-24,-22],[-8,-82],[-26,-47],[-67,19],[-82,-37],[-93,22],[-88,39],[-78,143],[-67,48],[-15,130],[15,132],[-12,94],[-44,-23],[-52,-78],[-61,53],[-19,47],[-154,-23],[-30,-99],[-40,-49],[49,-91],[3,-113],[34,-89],[-28,-100],[-57,-93],[-13,-92],[-51,-19],[-74,-147],[-51,-11],[-77,-92],[-87,-49],[20,-87],[-23,-58],[-102,-38],[-25,-48],[29,-107],[-58,-50],[-3,-26],[34,-32],[16,-75],[96,-51],[23,-52],[-58,-64],[-54,-134],[-47,-1],[-23,41],[-75,17],[-82,-29],[49,102],[-29,113],[-47,62],[-4,68],[-125,92],[-80,17],[23,60],[100,114],[4,46],[-79,71],[-89,9],[-42,53],[-57,-60],[-133,70],[-57,5],[-37,56],[4,31],[-40,26],[-90,149],[-111,48],[-50,49],[11,54],[-39,77],[64,104],[7,309],[-43,48],[-109,-28],[-162,-84],[-20,-31],[37,-32],[3,-49],[-93,-47],[-16,-46],[-57,-26],[-49,-81],[-134,-17],[-100,-95],[0,-24],[97,-90],[42,-112],[-22,-108],[-63,-38],[-31,-54],[-136,-33],[-23,-74],[13,-71],[-30,-36],[-11,-48],[-49,-47],[-157,-6],[-54,-61],[-21,-91],[10,-33],[-9,-17],[-17,-11],[-81,26],[-45,-15],[-85,57],[-64,-37],[-36,72],[-79,69],[-133,-5],[-53,46],[-38,-13],[-17,-65],[-92,4],[-50,-62],[-165,-95],[-179,63],[-67,-75],[-90,-12],[-52,-71],[-74,50],[-95,-43],[-110,177]],[[174594,140484],[-17,85],[-40,41],[12,39],[-18,41],[-40,30],[-97,159],[-84,-43],[-30,14],[0,33],[29,42],[-6,51],[22,75],[-159,29],[-37,44],[-1,41],[35,56],[-1,76],[93,125],[22,61],[-6,29],[-138,139],[-22,52],[60,63],[43,136],[-268,87],[-310,19],[-191,-101],[-181,-30],[-153,-104],[-34,-50],[-7,-14],[-13,-25],[-26,-47],[51,-37],[-16,-63],[38,-66],[88,-4],[-25,-74],[-135,-62],[-75,-56],[-25,-53],[-88,-47],[-149,29],[-42,-30],[-88,18],[-73,-27],[72,126],[-40,54],[20,43],[105,58],[111,20],[35,-17],[32,23],[-24,95],[46,94],[79,110],[7,34],[-132,112],[-60,25],[36,64],[4,82],[141,182],[-17,57],[-43,51],[23,36],[320,265],[129,63],[196,146],[18,47],[-39,65],[57,112],[9,108],[-41,114],[111,107],[38,-8],[237,79],[54,69],[106,60],[-34,45],[28,49],[57,21],[20,52],[115,53],[104,88],[-12,30],[191,174],[7,127],[95,30],[16,30],[18,33],[56,18],[22,31],[-18,57],[-46,26],[-256,-27],[10,51],[39,38],[16,39],[41,17],[4,65],[115,50],[-10,119],[63,17],[101,-40],[103,32],[108,-41],[-32,-113],[8,-19],[98,-15],[36,-45],[148,44],[21,2],[29,-19],[53,-9],[78,38],[47,41],[15,28],[-43,35],[10,29],[85,-39],[62,56],[23,62],[-30,39],[97,69],[7,23],[17,10],[15,-2],[18,0],[10,37]],[[175807,145077],[48,-32],[83,41],[43,-50],[-15,-32],[-76,-10],[20,-24],[9,-13],[21,-11],[11,-23],[15,-8],[21,-3],[20,1],[33,16],[19,7],[55,6],[15,11],[66,21],[32,35],[15,44],[11,4],[16,-4],[9,-11],[29,3],[31,12],[30,0],[18,-7],[46,-107],[47,-6],[37,26],[118,-16],[75,27],[51,-7],[37,57],[114,42],[71,60],[43,-32],[112,-1],[23,-59],[48,-43],[98,-18],[46,21],[44,-22],[92,28],[-20,64],[107,80],[82,-37],[0,-51],[22,-10],[14,1],[27,25],[12,31],[-5,74],[17,15],[17,-25],[16,26],[-34,55],[-95,-2],[-50,-25],[-7,-33],[-103,-5],[-19,30],[-96,45],[12,38],[-9,57],[80,54],[3,54],[38,55],[70,33],[117,10],[-8,65],[88,-10]],[[177852,145292],[14,-3],[37,28],[22,-9],[14,-6],[17,2],[-25,55],[-50,2],[-29,-69]],[[178346,140501],[35,-10],[4,60],[-22,5],[-17,-55]],[[200801,132106],[16,36],[72,48],[40,-6],[20,53],[48,31],[12,9],[30,-14],[26,1],[30,10],[47,-2],[16,55],[0,39],[64,30],[13,25],[41,-3]],[[201276,132418],[68,-60],[127,-52],[91,-142],[54,-46],[14,-37],[-17,-53],[67,-65],[8,-76],[27,-57],[118,-2],[73,25],[55,-32],[96,-55],[112,-28],[143,-129],[113,-211],[13,-24],[4,-109],[5,-32],[80,-83],[93,-192],[-5,-79],[-68,-78],[43,-102]],[[202590,130699],[-43,-13],[-25,-20],[14,-62],[1,-16],[4,-49],[33,-81],[-23,-18],[-45,-36],[-25,-142],[38,-89],[-7,-90],[109,-207],[-188,-115],[14,-102],[78,-63],[51,-112],[59,-28],[46,-59],[-34,-160],[-62,-49],[13,-56],[69,-238],[44,-73],[50,-21],[72,-99],[25,-49],[-5,-61],[28,-49],[76,-5],[80,14],[107,-257],[81,-193],[5,-14],[60,-17],[32,9],[60,-8],[33,11],[15,17],[4,24],[13,39],[28,25],[237,-25],[39,-39],[24,-115]],[[203775,128008],[27,-151],[-30,-85],[39,-23],[25,-67],[85,-61],[77,-95],[26,-151],[-14,-151],[-65,-50],[-58,-87],[-32,-143],[-40,-21],[-175,6],[-48,-97],[-53,-49],[10,-159],[-16,-69],[-29,-34],[-2,-53],[-44,-39],[-38,-84],[39,-148],[-25,-68],[-55,-56],[3,-46],[35,-43],[-19,-70],[6,-74],[-128,-73],[-115,-58],[-97,29],[-50,-48],[-61,3],[-30,2],[-62,-58],[-36,-168],[-47,-12],[-106,-28],[69,-102],[11,-71],[57,-49],[40,-35],[85,-120],[5,-75],[-36,-75],[-37,-8],[-18,10],[-51,27],[-94,11],[-16,-31],[30,-55],[-12,-51],[61,-88],[-69,-67],[-34,-97],[-66,8],[-17,-43],[6,-50],[-63,-16],[-144,14],[-92,51],[-130,31],[-45,-23]],[[202112,124525],[-50,8],[4,122],[-35,36],[34,76],[1,227],[-229,91],[36,76],[-7,34],[-197,244],[-55,22],[-66,-8],[-33,36],[-53,15],[-56,66],[-202,61],[-424,196],[-218,203],[-60,130],[-141,155],[-2,34],[71,25],[81,-49],[67,-71],[55,-132],[45,-15],[51,31],[37,58],[-17,256],[-210,151],[-129,249],[-86,106],[-7,58],[65,101],[19,78],[-3,203],[-25,74],[43,62],[29,196],[103,147],[-4,39],[-70,52],[-11,104],[14,138],[-42,122],[-11,31],[59,61],[15,93],[49,107],[-1,102],[-82,92],[-86,4],[-33,23],[-66,204],[57,35],[20,66],[72,103],[25,85],[-19,110],[-84,52],[-30,64],[112,-9],[97,31],[27,44],[23,70],[-23,23],[-17,16],[3,16],[-12,43],[10,147],[-10,51],[-6,15],[-20,76],[48,46],[-12,84],[-175,82],[0,0],[-210,32],[-99,-59]],[[200056,130272],[-2,110],[-74,58],[37,52],[-36,52],[2,29],[58,35],[-49,177],[7,119],[27,89],[-250,171],[-8,23],[107,163],[117,254],[-8,70],[17,68],[89,77],[96,193],[51,153],[89,85],[-3,121],[17,30],[53,92],[43,27],[50,74],[36,12],[58,-51],[10,-57],[48,-58],[-37,-65],[12,-99],[54,-91],[134,-79]],[[200322,126529],[-24,-55],[-20,48],[-14,3],[-16,37],[11,28],[63,-61]],[[188334,154852],[24,-5],[2,-52],[68,-41],[44,6],[57,-57],[2,-64],[-47,-100],[4,-22],[33,-9],[113,38],[6,-54],[-48,-142],[13,-2],[10,-2],[31,-17],[20,4],[28,-13],[64,-15],[28,-35],[84,-6],[47,17],[12,55],[23,73]],[[188952,154409],[151,20],[95,-24],[62,24],[-16,141],[29,54],[5,82],[-23,36],[-57,10],[11,55],[67,45],[40,-21],[33,21],[68,-22],[15,-47],[36,0],[27,54],[39,23],[30,-92],[88,41],[29,-40],[44,-10],[36,-68],[-30,-76],[26,-96],[59,-72],[91,-44],[28,-54],[0,-72],[20,-56],[32,4],[70,86],[176,-67],[118,0],[200,-90],[188,55],[106,-211],[159,60],[55,-18],[51,-142],[-32,-52],[61,-27],[55,35],[19,75],[62,70],[103,-32],[46,-46],[50,18],[30,100],[107,-17],[57,17],[160,-134],[28,-22],[37,-56],[-55,-39],[-2,-56],[-27,-25],[13,-36],[-60,-77],[-79,2],[-32,-68],[-67,-19],[-42,-90],[-35,2],[-14,-39],[31,-62],[56,-2],[75,-103],[44,34],[94,-2],[19,-80],[51,-63],[35,2],[43,-4],[99,-128],[134,-121],[31,-155],[39,-38],[2,-29],[47,-17],[57,-57],[135,-29],[61,102],[57,42],[45,121],[56,54],[36,-16],[29,12],[37,64],[91,11],[26,52],[55,-58],[43,33],[-40,60],[15,68],[-27,55],[-114,51],[-79,180],[-89,60],[24,88],[43,28],[123,-69],[46,18],[112,-43],[84,3],[76,-57],[90,23],[26,-70],[88,-73],[73,-29],[84,28],[26,-52],[-4,-68],[19,-42],[30,45],[31,5],[61,-17],[20,-51],[127,69],[93,-3],[57,24],[61,-17],[104,98],[5,73],[38,-5],[72,-59],[-28,-101],[70,-69],[-2,-77],[-65,-22],[-31,-56],[-165,-62],[-9,-30],[28,-41],[53,-28],[44,-56],[28,-5],[27,29],[47,-16],[80,-93],[56,-128],[97,-32],[9,-41],[73,-44],[92,21],[55,75],[73,40],[80,-7],[-5,69],[-53,-10],[-16,24],[3,33],[43,38],[95,-51],[62,-121],[86,-28],[32,43],[52,-5],[36,-66],[98,-8],[28,-77],[61,-38],[42,38],[-3,40],[155,-7],[136,-74],[68,0],[17,61],[43,-5],[12,-22],[-1,-86],[62,-49],[-42,-91],[127,-220],[11,-62],[48,-32],[94,-4],[31,-47],[42,-15],[67,22],[48,-11],[84,-247],[17,-59],[39,-43],[-22,-62],[22,-23]],[[196527,151328],[-73,-16],[-100,-83],[-141,29],[-80,-34],[-42,0],[-28,24],[-55,-14],[-39,-48],[15,-63],[-74,-95],[-37,-82],[-48,-47],[-72,0],[11,-18],[19,-58],[-11,-22],[-14,-13],[8,-17],[-16,-10],[-21,-49],[-17,-16],[-70,-28],[-11,-12],[-228,-96],[-17,-58],[-47,-60],[-5,-39],[18,-52],[-30,-90],[10,-69],[-33,-77],[17,-38],[1,-85],[-63,-151],[-86,-56],[-172,-28],[-56,-262],[-172,-28],[-132,-184],[-106,-36],[-101,-87],[-56,-1],[-55,-44],[-140,69],[-97,-97],[-66,1],[-85,68],[-87,36],[-150,29],[-72,-91],[-70,-48],[-34,-122],[-69,-71],[-68,-162],[-48,-113],[-11,-115],[-32,-37]],[[193289,148462],[-33,15],[-32,200],[-23,34],[-11,15],[-41,9],[-144,-41],[-149,62],[-70,-24],[-24,99],[-28,35],[-123,-2],[-107,69],[-41,-32],[-110,0],[-76,-165],[-75,-59],[-45,32],[-42,-28],[-419,2],[-196,78],[-79,59],[-5,49],[-42,0],[-19,35],[-39,5],[-51,43],[-41,0],[-30,46],[-105,-9],[-50,-64],[-121,6],[-147,96],[-134,23],[-57,19],[-31,54],[-49,29],[-88,7],[-121,71],[-93,-17],[-57,37],[-27,-102],[-77,1],[-106,-50],[1,58],[-36,80],[-138,3],[-31,38],[-69,11],[-46,-18],[3,-48],[-33,-79],[37,-175],[-24,-105],[17,-62],[-18,-26],[-19,-120],[42,-56],[-42,-36],[-145,41],[-116,-8],[-9,-125],[-71,-73],[-60,-63],[-20,-97],[14,-142],[-46,-54],[-48,-2],[-30,55],[-45,3],[-36,51],[-96,-56],[-99,27],[-78,66],[-30,-13],[11,-43],[-32,-93],[-77,-10],[-2,-48],[-52,-9],[-41,-50],[-130,63],[-241,32],[-68,-18],[-101,42],[-15,47],[-56,32],[22,38],[48,17],[2,46],[-47,20],[-57,69],[-17,6],[-103,36],[-116,104],[-77,18]],[[187511,148473],[-59,18],[3,56],[-46,81],[-49,24],[-53,118],[-114,-7],[-51,55],[-14,34],[-35,87],[-40,-9],[-39,62],[-33,2],[-30,-3],[-72,0],[-20,-74],[-158,97],[-22,26],[-32,171],[-199,175],[-100,-13],[-82,40],[-32,33],[-10,86],[-107,75],[-10,44],[-36,26],[-19,46],[-95,64],[-15,92],[-101,81],[-141,40],[-22,-3],[3,-35],[-13,-8],[-171,32],[-46,69],[-20,68],[-88,70],[-85,26],[-18,77],[-34,38],[14,34],[-6,102],[-88,45],[-38,57],[-1,60],[-31,90],[-60,18],[-14,160],[-145,61],[-65,90],[-16,54],[117,80],[12,136],[34,20],[94,181],[-22,49],[-115,43],[-5,34],[37,49],[-11,26],[-55,37],[-52,-15],[-5,25],[-58,42],[-56,18],[-45,46],[-33,-2],[-34,51],[-85,5],[14,55],[-38,44],[-86,44],[-12,80],[24,79],[-25,59],[-71,84],[-111,83],[56,84],[-22,69],[-38,34],[59,4],[86,6],[30,-36],[14,-91],[102,-27],[6,-24],[-33,-26],[78,-59],[-12,-76],[30,-51],[47,-10],[22,47],[-13,43],[6,87],[38,13],[12,91],[61,58],[6,71],[52,17],[55,74],[44,5],[5,61],[39,61],[125,37],[157,27],[61,-38],[58,92],[90,45],[31,-18],[31,44],[225,-135],[121,125],[4,98],[21,73],[87,-18],[78,44],[111,-26],[91,239],[50,12],[38,-40],[42,14],[7,67],[83,59],[3,64],[35,-15],[50,-75],[70,-26],[72,86],[28,23],[2,46],[27,43],[-8,87],[135,29],[55,50],[15,4],[89,-30],[40,38],[74,16],[150,-13],[25,36],[56,19],[-16,67],[22,59],[61,2],[81,78],[77,-26],[78,21],[142,98],[114,51],[25,75],[56,21],[61,-20],[143,56],[20,68],[-11,28],[-140,39],[-19,37],[32,26],[-6,22],[-70,-18],[-40,26],[2,53],[29,36],[-1,49],[31,45],[27,6],[34,-34],[64,3],[34,-43],[40,-14],[77,47],[56,-23],[3,51]],[[171795,155969],[-62,-95],[72,-93],[8,-21],[18,-22],[-1,-88],[48,-17],[22,14],[47,15],[68,-52],[-32,-99],[18,-23],[162,-5],[41,27],[110,-36],[146,88],[35,-15],[63,-81],[14,-127],[135,-67],[28,-42],[161,-6],[29,-21],[16,-69],[85,16],[35,-58],[-72,-66],[29,-51],[-55,-25],[-8,-82],[-46,-6],[-23,-60],[17,-37],[-13,-36],[-13,-43],[-68,-77],[50,-39],[-62,-104],[-43,-12],[-34,-60],[-61,-35],[-16,-53],[24,-88],[52,-28],[13,-85],[-32,-66],[26,-6],[42,17],[17,-14],[13,-2],[17,31],[33,30],[13,5],[11,-6],[11,-35],[17,1],[24,-37],[40,5],[27,16],[6,-28],[26,21],[42,15],[8,-41],[16,-9],[8,8],[14,0],[7,-13],[23,14],[10,0],[22,7],[22,6],[21,-8],[5,-12],[14,-7],[67,-1]],[[173302,153996],[26,-26],[0,-62],[137,-20],[101,-188],[8,-70],[34,12],[111,-29],[-48,-90],[-97,-66],[-24,-39],[28,-47],[-5,-39],[25,-10],[33,-59],[159,-9],[42,-29],[4,-72],[52,-41],[-18,-113],[-40,-73],[91,-111],[5,-52],[-86,-31],[-79,32],[-47,-70],[-18,-69],[-116,-33],[-70,-56],[-19,-37],[23,-40],[0,-63],[-77,-29],[-10,-54],[19,-27],[-28,-36]],[[173418,152250],[-38,21],[10,38],[-15,45],[-45,12],[-22,-35],[-34,-1],[-40,27],[-11,50],[-97,-25],[-37,-106],[-106,-59],[-30,-77],[-40,-45],[-16,-93],[-60,-52],[6,-80],[-97,-61],[-38,-105],[-33,-44],[44,-74],[-51,-65],[11,-17],[-20,-38],[18,-112],[59,-9],[62,-127],[1,-65],[61,-3],[32,-33],[-36,-89],[72,-57],[-7,-60],[-47,-45],[-14,-40],[-43,-35],[30,-28],[-1,-31],[-96,-73]],[[172750,150659],[-19,12],[-25,5],[-16,20],[-13,8],[-10,6],[-23,-6],[-5,-13],[-1,-36],[-32,-8],[-9,19],[-52,-13],[-97,38],[-57,-49],[-25,-64],[-91,56],[-167,-74],[-32,59],[27,38],[-31,53],[16,42],[-100,150],[-77,36],[-66,-32],[-9,27],[35,85],[-68,84],[-197,39],[-36,69],[-45,-10],[-18,72],[-46,72],[-122,49],[-44,62],[-44,10],[-84,-37],[-122,28],[34,70],[-26,119],[69,134],[-65,103],[-87,36],[-7,31],[46,68],[17,84],[33,41],[-21,68],[31,25],[13,64],[44,-17],[8,81],[39,40],[-27,47],[-63,9],[-27,30],[-50,-39],[-57,-29],[-39,-68],[-80,-40],[-31,-44],[-13,-35],[23,-40],[-38,-149],[-189,-31],[-129,-84],[-146,-7],[-145,44],[-66,44],[-145,-15],[-31,1],[-17,1],[-18,-7],[2,36],[-32,17],[-7,10],[-37,0],[-22,13],[37,40],[-35,66],[33,59],[142,79],[-34,83],[-12,93],[-116,20],[47,72],[14,136],[124,114],[-21,43],[-66,44],[-25,-24],[15,-47],[-37,-2],[-27,51],[-10,68],[-62,36],[-56,91],[-30,47],[-241,-66],[-87,75],[-173,8],[-27,-25],[-17,-65],[-38,-25],[-64,130],[-7,59],[32,107],[-19,145],[-65,86],[-87,31],[-112,-15],[-4,27],[34,56],[-27,25],[-52,10],[-45,-56],[-127,-34],[-151,108],[-12,35],[6,164],[-44,175],[37,51],[2,60],[-20,39],[-64,9],[-46,122],[-46,94],[-57,13],[-31,-31],[-142,-2],[-137,-60],[-43,-102],[-41,-36],[-72,44],[-27,33],[-51,2],[-40,28],[-21,67],[-68,105],[-28,77],[-38,8],[-104,24],[-43,96],[23,171],[-21,23],[69,78],[-32,110],[-41,46],[-33,244]],[[167228,155404],[109,47],[87,44],[52,15],[25,11],[20,8],[84,40],[675,356],[80,23],[46,18],[-12,54],[31,28],[24,2],[39,-15],[5,-20],[-1,-32],[46,5],[74,25],[130,30]],[[168742,156043],[19,-96],[-38,-56],[21,-115],[91,-94],[145,-6],[11,15],[-1,95],[106,3],[29,34],[322,-149],[13,-18],[-6,-108],[109,-20],[54,21],[-9,-39],[18,-10],[60,35],[35,-12],[58,26],[55,42],[98,3],[182,110],[145,151]],[[170259,155855],[13,15],[-26,20],[-11,36],[45,1]],[[170280,155927],[63,-1],[87,-5],[23,-51],[54,-14],[92,22],[3,31],[-61,111],[19,47],[-3,49],[157,64],[111,-9],[-26,-86],[8,-58],[70,15],[160,-28],[-1,51],[47,19],[23,38],[20,5],[26,38],[9,6],[22,9],[10,23],[17,11],[80,-21],[54,-56],[-30,-85],[-2,-61],[-94,17],[-1,-33],[19,-18],[175,-2],[71,-55],[138,121],[30,84],[36,27],[24,-36],[55,-20],[30,-107]],[[171511,155993],[-20,0],[-20,16],[14,16],[19,-1],[7,-31]],[[193289,148462],[7,-122],[32,-102],[-14,-36],[-38,-26],[-6,-45],[-33,-22],[-67,-157],[19,-63],[-27,-108],[10,-40],[23,-35],[92,-54],[30,-108],[82,-61],[7,-77],[58,-133],[7,-38],[102,-74],[57,2],[24,-60],[47,-58],[-21,-44],[25,-97],[-15,-46],[32,-18],[44,20],[94,-51]],[[193860,146809],[-108,-108],[31,-31],[-27,-65],[28,-35],[-27,-127],[-132,-63],[110,-127],[-14,-68],[65,-197],[-8,-21],[-352,-86],[-24,11],[-26,56],[-71,-91],[-114,-17],[-99,135],[-202,52],[-107,-36],[-17,-31],[2,-63],[-121,-93],[-44,10],[-49,-78],[142,-53],[57,6],[108,-54],[97,29],[42,-13],[37,-48],[5,-100],[89,-68],[-28,-74],[-66,-37],[28,-77],[-33,-79],[-136,-124],[-97,-2],[-30,-46],[-41,37],[-52,1],[-10,-22],[7,-36],[14,-71],[-36,-32],[66,-68],[16,-44],[25,-72],[-12,-63],[-50,-58],[-22,-127],[56,-53],[22,-80],[86,5],[32,-35],[-84,-122],[17,-43],[57,-47],[-84,-76],[65,-80],[-105,-28],[-83,11],[-61,9],[-52,-26],[-78,12],[-30,-113],[-85,-78],[-47,-16],[-38,-82],[-111,-119]],[[192151,143480],[-104,-89],[-114,-22],[-12,-29],[16,-48],[-1,-169],[28,-64],[55,-32],[30,-61],[0,-80],[-327,144],[-83,-3],[-82,-45],[-122,-39],[-141,14],[3,-34],[-34,-33],[-67,10],[-85,-57],[-4,-98],[-71,-54],[-72,-12],[-40,65],[-97,33],[-205,-21],[-114,-38],[-169,37],[-86,-8],[-43,-30],[-33,11],[-90,-39],[-62,-103],[-53,68],[-59,-41],[-10,-34],[-58,2],[-27,1],[-63,-120],[-7,-33],[-27,-128],[-190,-50],[-31,-81],[-27,-10],[-15,-40],[-156,-59],[-10,-123],[-33,-48],[-88,136],[-80,-29],[-76,25],[-21,48],[-221,-46],[-75,28],[-80,-29],[-91,18],[-52,-22],[-53,35],[-51,75],[-129,35],[-83,-31],[-180,93],[-162,-15],[-59,-32],[-172,36]],[[187586,142215],[-69,-3],[-69,29],[-45,19],[-86,-9],[-17,17],[-38,15],[-56,-14],[-12,18],[-20,30],[-123,-28],[-121,42],[-109,-58],[-157,-7],[-161,84],[-442,38],[-156,-11],[-49,56],[-96,42],[-88,-32],[-33,40],[-29,6],[-19,15],[-89,-12],[-43,18],[-106,-25],[-105,65],[-71,3],[-180,96],[-66,159],[-136,29],[2,84],[31,60],[-69,125],[-49,13],[-53,-35],[-55,75],[-69,21],[20,74],[-50,54],[-14,58],[-19,83],[16,16],[22,20],[111,20],[28,82],[40,33],[-97,56],[-109,-31],[-74,-16],[-41,-43],[-57,-4],[-40,-32],[-75,0],[-113,-44],[-172,-118],[-94,-11],[-63,-57],[-18,4],[-22,6],[-45,50],[-98,7],[-56,47],[-164,-78],[-65,55],[-47,7],[-82,-94],[-58,-29],[-43,10],[-57,52],[-70,1],[-211,-72],[-90,-1],[-13,-72],[-74,-33],[-30,-40],[-10,-75],[-42,-101],[4,-82],[-63,-53],[-49,-93],[-169,12],[-94,-26],[-27,7],[-99,26],[-58,41],[-91,-10],[-10,27],[42,79],[-168,120],[-201,-82],[-182,33]],[[179633,143534],[14,49],[36,38],[-23,166],[-26,-1],[-65,59],[16,95],[-44,49],[9,59],[-60,70]],[[179548,144872],[225,-50],[84,22],[25,15],[60,136],[54,23],[56,-32],[-7,-96],[89,-49],[36,41],[68,-42],[69,16],[19,26],[-1,-66],[44,-52],[17,-58],[76,7],[43,-60],[54,-33],[17,-66],[-42,-62],[45,-124],[42,29],[73,-1],[44,46],[88,-18],[1,-36],[-48,-101],[8,-61],[-53,-52],[-6,-60],[112,13],[175,89],[7,11],[114,169],[72,52],[13,57],[66,75],[-14,115],[-40,23],[-18,38],[29,142],[-33,73],[74,27],[-20,-88],[109,-53],[100,1],[27,64],[33,26],[159,-30],[32,-40],[96,-22],[43,-50],[170,49],[39,10],[53,-58],[-72,-42],[-6,-43],[112,-10],[5,-33],[91,-104],[-16,-73],[38,-25],[27,-5],[21,6],[171,2],[55,49],[41,16],[99,38],[76,-7],[-41,-87],[75,1],[39,26],[14,53],[84,60],[157,-3],[-27,59],[-32,1],[-13,15],[9,23],[30,25],[9,16],[51,54],[128,-20],[129,30],[24,30],[5,76],[29,63],[48,21],[4,25],[69,-20],[136,13],[64,6],[122,-17],[34,51],[101,35],[175,34],[39,-25],[70,16],[140,-29],[122,10],[-2,83],[-62,160],[96,56],[52,59],[21,-17],[-22,-92],[24,-40],[151,43],[59,-31],[128,28],[13,-50],[44,-66],[73,-67],[70,27],[68,-6],[56,113],[168,34],[156,-41],[-23,-46],[96,-87],[-54,-105],[20,-50],[47,-39],[56,-5],[129,-127],[104,-51],[37,14],[46,-37],[68,75],[0,75],[-24,36],[31,66],[-16,60],[39,26],[-1,45],[52,83],[-39,144],[-111,94],[-90,-39],[-83,6],[-40,32],[53,104],[0,65],[45,56],[12,26],[51,109],[-132,245],[-47,40],[-70,18],[-12,17],[-21,76],[-38,69],[-157,142],[-22,104],[13,17],[0,23],[18,5],[30,-13],[15,26],[12,40],[21,14],[30,6],[12,15],[3,17],[22,10],[10,32],[11,20],[27,44],[129,19],[142,147],[260,102],[23,13],[157,11],[107,69],[163,165],[43,160],[-17,78],[40,137],[-36,109],[11,32],[45,-11],[45,34],[33,68],[105,-75],[63,16],[80,-46],[161,-92],[31,54],[13,82],[36,-8],[49,55],[4,66],[32,60],[-24,177],[33,36],[-54,30],[-20,12],[24,41],[15,13],[3,61],[12,14],[16,17],[2,19]],[[178949,165282],[107,-36],[93,-32],[3,-63],[25,-46],[138,-25],[72,98],[39,8],[20,-25]],[[179446,165161],[4,-24],[19,-37],[-6,-26],[6,-13],[10,19],[20,18],[9,14],[9,16],[45,6],[165,131],[1,-63],[23,-41],[300,-117],[82,-90],[40,-12],[37,27],[17,21],[8,58],[15,3],[71,-54],[51,-151],[53,-73],[-35,-20],[-31,22],[-20,-43],[91,-62],[8,-56],[-7,-182],[-2,-42],[-45,-94],[-67,-62],[-184,-75],[5,-36],[45,-30],[410,96],[111,-78],[-41,-64],[34,-93],[-68,-100],[8,-105],[21,12],[15,43],[87,184],[169,66],[102,-30],[149,-94],[187,-72],[63,-41],[93,-109],[37,-12],[138,32],[223,186],[64,1],[21,-22],[8,-8],[123,14],[58,55],[43,-27],[-18,-41],[-90,-51],[18,-31],[37,-391],[-162,-129],[-8,-8],[-179,-178],[-118,20],[-13,-33],[-9,-23],[-58,-66],[-2,-54],[13,-23],[34,-67],[25,-6],[72,-19],[52,-9],[23,-77],[30,-11],[271,146],[160,12],[125,-79],[19,-80],[29,-40],[130,29],[163,-102],[43,53],[1,68],[-50,58],[-69,-9],[-14,64],[73,59],[58,15],[20,-14],[17,-56],[55,83],[55,10],[33,40],[6,57],[56,42],[4,29],[-21,56],[62,72],[64,57],[257,-15],[250,88],[140,8],[17,-150],[16,-19],[4,90],[45,49],[-28,48],[134,178],[136,89],[91,87],[266,489],[85,-59],[159,-26],[429,-5],[-13,-33],[-55,-24],[-303,-27],[11,-43],[45,-48],[91,16],[63,-85],[64,26],[81,130],[110,62],[16,47],[26,8],[31,-31],[19,-107],[85,-68],[3,-92],[54,-80],[8,-72],[94,-24],[88,-75],[94,-21],[68,-107],[46,-63],[92,1],[8,-57],[99,-138],[33,-19],[14,7],[-2,61],[18,24],[142,43],[168,95],[21,-7],[20,-47],[75,-38],[-5,83],[73,31],[64,-114],[63,-71],[234,-122],[374,-328]],[[187393,162845],[-35,-45],[23,-129]],[[187381,162671],[-260,0],[-184,-83],[-151,6],[-6,50],[73,43],[43,62],[-3,82],[-33,89],[6,38],[61,11],[36,-74],[88,-1],[17,125],[-91,129],[-56,33],[-48,-9],[-21,-79],[-55,-51],[-16,7],[-3,52],[-16,21],[-124,-61],[213,-257],[-14,-51],[-102,-118],[-2,-34],[16,-27],[238,-174],[183,-70],[162,-16],[114,41],[27,-46],[-12,-65],[39,-37]],[[187500,162207],[25,-42],[-8,-43],[25,-86],[51,-58],[-1,-59],[-2,-127],[39,-108],[43,-39],[13,-56],[27,-56],[11,-101],[39,-98],[5,-68],[37,-68],[0,-57],[22,-73],[41,-24],[9,-30],[-41,-90],[-26,-57],[-43,-47],[-7,-75],[32,-84],[-31,-183],[-26,-63],[-88,-96],[-155,-114],[-78,-57],[1,-62],[32,-120],[3,-54],[-48,-88],[10,-38],[44,-10],[100,-22],[117,-110],[119,-56],[166,-193],[30,-7],[8,-9],[8,-25],[12,-12],[54,-31],[28,-19],[89,-38],[58,-40],[71,-93],[-42,-120],[16,-53],[36,-48],[-46,-102],[-84,-86],[-21,-99],[30,-52],[31,-125],[35,-51],[-1,-62],[41,-45],[149,-34],[43,-48],[4,-55],[-25,-67],[20,-70],[-28,-80],[8,-70],[132,-120],[-14,-117],[-40,-79],[-12,-81],[26,-72],[-41,-124],[-127,-141],[-32,-84],[27,-50],[73,-36],[49,-174],[124,-108],[37,-58],[28,-155],[-53,-81],[-22,-58],[47,-94],[100,-21],[105,-64],[112,-18],[62,-35],[44,-71],[-6,-134],[33,-54],[-7,-28],[25,-86],[91,-111],[10,-128],[-31,-104],[-17,-133],[5,-98],[-23,-39],[4,-76],[-23,-88],[-67,-175],[-2,-43],[-25,-33],[-12,-75],[-110,-150],[1,-49]],[[175807,145077],[1,40],[-40,74],[-83,107],[-11,87],[54,61],[11,61],[-24,105],[32,85],[30,81],[-4,94],[45,68],[12,89],[70,111],[-16,67],[-72,111],[20,221],[1,16],[111,176],[62,100],[32,95],[21,91],[19,42],[82,66],[-12,177],[61,162],[13,96],[68,73],[7,207],[77,149],[90,56],[109,123],[23,25],[31,108],[67,11],[43,65],[74,18],[56,64],[89,236],[94,144],[69,31],[-240,70],[-61,29],[-37,39],[-129,48],[-69,73],[-53,-25],[-38,6],[-52,-33],[-113,83],[-76,-43],[-107,29],[-48,-26],[-72,24],[-22,58],[-109,23],[-58,43],[-65,113],[18,44],[-23,43],[-59,-3],[-56,45],[-98,-19],[-10,-32],[-21,-43],[-63,-8],[-65,-68],[-85,37],[-83,-26],[-30,31],[-53,-15],[-52,48],[-32,3],[-9,44],[-31,-16],[-2,-54],[-59,-42],[-37,139],[2,73],[-40,5],[-56,46],[-37,-2],[-49,48],[-61,-28],[-67,29],[-32,-16],[23,-96],[-39,-72],[-109,40],[-69,-1],[-45,60],[28,54],[-7,37],[-34,-5],[-22,16],[-11,79],[-37,28],[4,54],[-100,83],[-69,117],[0,18],[39,-2],[15,28],[-25,56],[-69,53],[0,26],[29,20],[-227,164],[-64,-22],[-50,14]],[[173741,150393],[3,50],[2,39],[-4,23],[-11,56],[8,18],[37,40],[-30,63],[118,133],[30,77],[-10,42],[139,125],[0,95],[28,43],[-6,76],[31,40],[-91,48],[-80,-21],[-54,28],[-73,83],[-61,-27],[-23,78],[-81,44],[-51,57],[-27,135],[-34,12],[-12,37],[-18,-24],[-16,19],[-4,58],[-35,34],[-16,60],[9,20],[-39,101],[48,195]],[[173302,153996],[0,60],[-53,76],[56,29],[25,94],[83,17],[30,160],[-115,70],[-15,60],[23,68],[-127,21],[-90,-24],[12,66],[-41,90],[-8,48],[76,35],[39,-71],[35,-5],[85,129],[70,33],[106,95],[126,44],[7,18],[-35,41],[47,28],[-24,22],[-108,-50],[-32,7],[-17,84],[2,36],[21,22],[-13,50],[90,80],[93,152],[102,94],[-10,58],[10,34],[-24,20],[35,172],[-14,128],[-87,154],[-101,117],[40,133],[-129,59],[-12,83],[9,53],[-60,44],[-64,11],[-10,24],[52,69],[-34,116],[9,39],[85,19],[101,58],[155,-46],[5,42],[-45,85],[68,23],[65,-87],[127,-2],[46,-60],[69,-10],[33,-41],[67,-23],[-1,67],[-25,35],[9,19],[131,-47],[363,146],[79,-51],[99,65],[45,94],[48,26],[0,62],[-123,112],[-103,39],[-8,23],[20,56],[83,31],[32,102],[168,4],[28,51],[24,46],[50,48],[66,17],[67,110],[82,8],[56,36],[-43,57],[-17,70],[81,183],[3,62],[-18,60],[-38,25],[-38,71],[-29,94],[-24,3],[-37,-57],[-38,-15],[-151,69],[-147,14],[-106,72],[11,88],[-13,86],[103,46],[-41,63],[-1,69],[-21,41],[65,45],[70,16],[160,-6],[81,-40],[85,12],[47,-19],[58,-18],[17,17],[9,12],[33,308],[3,37],[5,54],[7,65],[23,44],[15,30],[0,42],[161,240],[38,107],[25,70],[-15,200],[8,100],[-27,24],[-7,39],[27,84],[38,45],[-5,133],[-1,35]],[[175684,160823],[18,16],[12,19],[19,52],[2,36],[-10,17],[22,25],[14,58],[25,3],[-388,48],[-53,65],[0,33],[15,16],[7,21],[-4,23],[10,39],[-2,52],[28,127],[40,96],[-10,70],[65,-11],[36,-44],[11,27],[41,17],[8,23],[-65,86],[1,30],[32,35],[83,91],[139,104],[190,50],[330,-42],[250,67],[186,10],[175,22],[172,-26],[17,-19],[-6,-54],[21,-106],[85,-24],[52,-104],[43,-25],[-8,-49],[31,-89],[-14,-67],[-48,-24],[-26,-9],[-50,-12],[-17,2],[-23,11],[6,-95],[22,-42],[35,-32],[56,15],[26,-12],[73,-110],[11,-15],[22,-8],[19,-6],[32,-4],[21,9],[34,31],[24,33],[9,16],[-3,14],[3,17],[19,18],[7,16],[6,23],[1,27],[1,109],[-12,29],[-123,14],[26,165],[17,20],[27,33],[52,27],[66,-18],[38,-46],[52,-64],[106,-47],[89,-4],[55,-47],[10,-32],[-3,31],[-77,100],[-24,58],[51,38],[-55,140],[-2,88],[112,347],[33,78],[83,105],[123,32],[2,-30],[72,-74],[91,-58],[187,-19],[134,27],[62,-14],[-7,15],[10,6],[16,4],[41,24],[26,4],[19,14],[101,13],[56,-1],[69,-4],[22,-4],[37,-6],[36,-6],[-3,28],[-121,36],[-95,-6],[-38,4],[-23,3],[-38,1],[-12,1],[-27,2],[-11,1],[-27,-1],[-23,-3],[-6,46],[-77,-11],[-14,10],[-40,43],[-6,14],[-35,30],[-13,27],[-21,46],[-29,82],[-29,51],[-13,24],[-8,6],[-18,38],[73,53],[137,-21],[35,52],[-89,207],[-102,-9],[-61,72],[-20,95],[38,99],[21,127],[-34,66],[-69,-20],[-118,27],[-33,-29],[-34,1],[-99,83],[-10,43],[13,43],[56,-6],[75,47],[0,43],[-57,21],[23,48],[347,23],[59,31],[84,96],[62,27],[19,63],[-49,105],[-51,-28],[-51,-103],[-41,-37],[-88,-2],[-49,23],[1,85],[103,93],[-2,86],[6,19],[24,81],[-65,70],[-34,77],[-85,59],[-24,16],[-34,107],[-69,30],[29,39],[-39,136],[-41,19],[-80,130],[3,120],[39,26],[4,44]],[[178178,165400],[75,-8],[79,-45],[69,1],[62,26],[214,-10],[170,-82],[102,0]],[[179854,164224],[52,-10],[-3,63],[55,37],[32,60],[83,58],[205,143],[20,39],[-287,-182],[-95,-126],[-111,-18],[-47,16],[-61,-41],[12,-16],[84,12],[61,-35]],[[185914,164773],[-15,-48],[24,-79],[49,-56],[67,-21],[264,46],[51,-34],[34,-35],[-1,-78],[-108,-114],[-36,-55],[-3,-41],[17,-58],[46,-72],[110,-32],[118,-134],[-38,-197],[-32,5],[-49,51],[33,61],[-31,71],[-85,-30],[-67,35],[-124,-34],[-204,-204],[5,-21],[42,-2],[25,-30],[0,-36],[-36,-27],[-101,31],[-28,60],[-89,-17],[-84,34],[-36,52],[-59,-7],[-4,12],[16,40],[-70,81],[14,81],[144,19],[35,38],[-56,99],[-79,15],[-15,51],[-42,17],[18,64],[38,40],[70,-8],[27,-39],[29,21],[-45,82],[-91,7],[-11,87],[144,29],[85,-63],[13,80],[78,64],[23,-76],[-8,-60],[53,8],[51,-106],[91,-38],[6,-57],[25,-33],[-3,-43],[69,1],[5,109],[-53,51],[-6,94],[-22,65],[-159,72],[-66,97],[-70,-75],[-103,-48],[35,191],[-25,20],[-71,-36],[4,35],[93,87],[210,40],[24,-9],[3,-30],[-63,-60]],[[182473,164132],[13,-33],[26,-39],[25,-61],[1,-13],[-43,1],[-43,13],[-42,4],[-46,-6],[-3,20],[-32,7],[-21,-12],[2,-35],[-27,-4],[-55,4],[-42,25],[2,60],[-17,34],[-44,13],[-20,-12],[-62,-14],[-11,29],[9,85],[31,77],[25,37],[36,29],[158,-33],[57,-33],[46,-19],[22,-26],[26,-60],[29,-38]],[[177778,165350],[113,-52],[1,-15],[-82,-48],[-106,75],[-58,-55],[-17,-41],[-6,-206],[-14,-58],[-17,33],[4,89],[36,326],[19,59],[132,311],[28,35],[24,-1],[-16,-36],[28,-29],[10,-36],[-74,-49],[-48,-72],[-1,-125],[6,-46],[38,-59]],[[178058,164956],[32,-29],[-5,-32],[18,-31],[-24,-23],[-11,-49],[-15,-33],[-19,-4],[-48,6],[-65,0],[-29,9],[-27,27],[-39,7],[-39,16],[-10,12],[-1,29],[15,41],[25,33],[29,17],[66,9],[15,-6],[45,10],[5,-8],[29,12],[53,-13]],[[178162,164225],[-26,0],[-20,15],[-31,40],[-8,40],[20,31],[44,3],[24,24],[46,15],[32,18],[24,2],[13,-13],[-22,-78],[-3,-25],[-42,-57],[-51,-15]],[[177767,164577],[-47,-10],[-42,52],[-55,76],[-16,32],[21,45],[56,52],[2,-28],[31,-114],[31,-29],[-3,-20],[25,-45],[-3,-11]],[[174929,161766],[-64,-8],[-53,36],[-15,40],[23,27],[150,34],[77,-39],[-13,-16],[-86,-13],[-28,-21],[9,-40]],[[175922,162120],[-86,-19],[-91,3],[-11,9],[-17,-17],[-35,4],[-10,17],[-15,-26],[-17,-1],[-25,29],[11,11],[73,29],[142,-2],[101,5],[20,-5],[4,-19],[-44,-18]],[[176438,162219],[3,-19],[-29,-1],[-69,9],[-55,-12],[-40,2],[-15,-10],[-5,-23],[-19,-21],[-14,6],[-23,-13],[-16,13],[16,57],[19,23],[18,5],[97,3],[74,-2],[58,-17]],[[176594,162294],[83,-6],[70,-1],[1,-18],[-96,-37],[-29,-1],[-70,15],[-27,-34],[-21,7],[-5,19],[22,34],[35,19],[37,3]],[[185521,164633],[11,-35],[-13,-20],[-16,28],[-16,-25],[-21,-5],[9,-23],[-7,-13],[21,-75],[-56,-66],[-7,7],[23,133],[-4,58],[34,37],[42,-1]],[[175245,162020],[-52,-4],[-36,4],[-3,9],[6,8],[47,1],[139,20],[124,9],[65,-3],[1,-20],[-67,2],[-60,-11],[-85,-3],[-79,-12]],[[178170,164640],[-54,-14],[-34,4],[-40,-21],[-26,-22],[-28,23],[20,26],[20,-2],[81,17],[62,22],[19,18],[19,-6],[-11,-31],[-28,-14]],[[182948,163051],[-24,-34],[-2,66],[46,54],[62,21],[1,-21],[-25,-15],[-14,-27],[-44,-44]],[[176892,162319],[95,-25],[25,-11],[-2,-19],[-34,17],[-25,-4],[-43,4],[-58,23],[-14,-41],[-31,39],[29,17],[58,0]],[[185572,164515],[-16,-7],[-7,21],[7,15],[101,102],[0,-43],[-61,-57],[-24,-31]],[[176101,162138],[-68,1],[-31,8],[-10,14],[40,22],[69,-9],[14,-10],[-14,-26]],[[178063,164423],[-48,-9],[-16,22],[-38,20],[-6,19],[74,-1],[16,-19],[18,-32]],[[175199,161925],[-3,-16],[-24,9],[-18,33],[3,14],[58,22],[7,-27],[-23,-35]],[[177924,162636],[-28,-14],[-21,7],[6,34],[16,15],[31,-27],[-4,-15]],[[177799,162715],[-24,-6],[-8,13],[11,29],[20,0],[5,20],[18,-10],[-22,-46]],[[185419,164297],[-12,-74],[-9,6],[-1,58],[6,31],[16,-21]],[[178330,164626],[-32,-21],[-16,15],[7,20],[34,10],[7,-24]],[[178228,163019],[-19,-24],[-8,20],[5,24],[19,19],[9,-12],[-6,-27]],[[185395,164202],[-29,-27],[-12,11],[29,40],[12,-24]],[[178475,164388],[-9,-23],[-37,29],[12,11],[34,-17]],[[178029,164148],[-21,-9],[-13,25],[8,15],[26,-15],[0,-16]],[[178478,164538],[-18,-35],[-20,23],[28,23],[10,-11]],[[176917,163394],[-14,-17],[-24,35],[21,11],[17,-29]],[[176958,163399],[-27,-7],[-13,24],[35,8],[5,-25]],[[186896,163099],[-17,-39],[-16,12],[20,42],[13,-15]],[[174970,161743],[-32,-17],[-3,33],[32,2],[3,-18]],[[186851,163699],[-12,-17],[-21,22],[24,27],[9,-32]],[[178316,164141],[-20,-10],[-11,26],[20,21],[11,-37]],[[177898,165770],[-14,-6],[-24,25],[9,11],[26,-9],[3,-21]],[[186220,163889],[-38,-17],[-4,19],[26,20],[16,-22]],[[178297,164756],[-8,-28],[-33,14],[10,18],[31,-4]],[[234765,118501],[-111,-38],[-52,-44],[-40,-100],[23,-194],[-43,-144],[-110,-59],[-98,-127],[-268,-231],[-215,-133],[-238,-64],[-142,-107],[-105,-167],[23,-104],[36,-51],[21,-30],[-168,-51],[-27,10],[-11,15],[-77,109],[-123,68],[-173,-58],[-193,-114],[-209,9],[-158,33],[-162,-10],[-210,77],[-98,198],[-103,40],[-79,77],[-19,73],[-55,67],[-24,117],[-99,94],[-41,118],[21,47],[190,-83],[118,15],[80,65],[52,79],[71,221],[23,78],[215,127],[185,12],[191,-31],[39,-6],[28,27],[87,81],[32,118],[-2,192],[-17,93],[-74,139],[-26,104],[175,-35],[141,11],[93,19],[40,41],[67,2],[482,84],[262,78],[360,187],[198,195],[24,24],[186,71],[245,174],[142,132],[129,122],[96,185],[118,65],[75,47],[158,201],[403,287],[-6,-101],[-201,-186],[-52,-124],[-15,-39],[-164,-234],[-309,-332],[-69,-140],[-29,-124],[-25,-13],[-165,-87],[-47,-71],[-31,-115],[21,-179],[85,-114],[149,-121],[220,-135],[20,-12],[93,-122],[-73,-6],[-186,-16],[-118,-74],[-92,-103],[-212,20],[-53,-19]],[[180688,170316],[195,38],[34,-19],[16,-38],[-19,-131],[-152,-179],[-10,-96],[133,174],[105,-128],[122,-73],[125,-18],[390,44],[32,3],[53,-34],[153,-210],[-28,-79],[-37,-202],[-150,-237],[-14,-14],[-70,-77],[-31,-142],[-39,-66],[-38,4],[-47,60],[16,80],[-8,31],[-89,10],[-84,-122],[1,-165],[-33,-29],[-46,71],[21,69],[-9,40],[-79,23],[-86,-22],[-53,54],[70,65],[78,-4],[14,77],[33,72],[-92,72],[-74,-21],[-91,-138],[-122,-133],[-21,-57],[14,-41],[-34,-59],[75,-287],[-14,-218],[-15,-74],[-67,-99],[-30,-102],[-200,90],[-92,-13],[-1,-30],[-32,21],[-148,-54],[18,-31],[174,-40],[59,-44],[0,-38],[-34,-81],[35,-64],[-54,-54],[-4,-72],[-311,-81],[-110,30],[-120,81],[-36,-46],[253,-243],[-144,-224],[-190,-28],[-29,-29],[131,-118],[-18,-61],[-63,-73],[-18,-123],[63,-124],[80,-267],[-56,-110],[-120,-26],[-98,-71],[-28,-94],[34,-80],[1,-60],[-130,-112],[74,-35],[167,24],[243,-172],[122,-44],[-6,51],[-54,67],[-143,55],[-55,82],[11,44],[36,30],[139,2],[303,-210],[105,-172],[31,-113],[-83,-61],[-111,43],[64,-68],[-12,-22],[-138,51],[-1,70],[-217,7],[-28,-38],[24,-93],[-34,-23],[-114,67],[-28,68],[3,63],[-12,12],[-118,-107],[-220,-137]],[[178178,165400],[10,46],[28,127],[-29,220],[72,236],[-22,38],[25,45],[-43,297],[30,184],[-73,245],[-112,78],[-157,11],[-223,281],[-8,33],[24,38],[-31,30],[-49,-8],[-40,-83],[38,-73],[-6,-30],[65,-78],[-4,-48],[-133,93],[-134,95],[-84,40],[-1,21],[33,71],[3,21],[46,117],[12,35],[79,280],[-3,170],[-42,362],[-52,274],[58,517],[-1,66],[-7,357],[13,400],[25,144],[61,212],[72,132],[7,-21],[11,-33],[-12,-32],[-36,-90],[33,-25],[43,-68],[70,-35],[15,-87],[44,33],[80,5],[204,-91],[78,45],[47,-103],[1,-74],[51,-65],[54,-18],[108,46],[13,122],[20,56],[-74,101],[-28,84],[80,38],[60,76],[66,83],[124,28],[-11,28],[-69,30],[50,116],[119,87],[109,-15],[62,25],[53,-26],[102,-211],[-88,-127],[-23,-67],[-58,-66],[-12,-85],[22,-73],[39,23],[27,82],[49,23],[-12,45],[32,50],[38,-49],[125,-1],[70,-33],[29,78],[3,79],[-57,58],[-132,-54],[-34,16],[72,117],[22,67],[-12,40],[-65,74],[-6,70],[38,123],[-41,84],[-4,40],[31,76],[114,163],[-211,136],[-112,-51],[-71,11],[-73,-25],[-88,-72],[-90,21],[-28,-53],[-84,-53],[-156,-11],[-60,-131],[-16,-94],[-23,-50],[-57,-64],[-70,-28],[-80,-76],[16,-86],[-15,-85],[41,-41],[3,-44],[-93,5],[-75,-49],[32,-9],[67,27],[41,-33],[14,-11],[15,11],[49,34],[57,9],[6,-21],[-7,-25],[-10,-46],[25,-58],[-5,-65],[-76,-41],[-18,-34],[-71,137],[-121,113],[-81,50],[-78,177],[-34,40],[-28,-15],[-18,-107],[-18,-5],[-10,103],[32,150],[193,402],[352,431],[78,19],[201,-51],[147,39],[189,94],[263,-40],[385,83],[239,217],[169,262],[180,352],[230,302],[238,31],[206,57],[137,81],[301,247],[78,13],[-185,-288],[-34,-115],[1,-59],[21,-75],[133,-255],[-19,-209],[25,-325],[-160,-295],[-120,-357],[-50,-46],[-153,-25],[-286,198],[222,-202],[161,-83],[-16,-298],[20,-176],[45,-192],[-192,-60],[9,-60]],[[177511,167945],[20,33],[-29,2],[-1,-19],[10,-16]],[[184477,167948],[31,-129],[-20,-111],[35,-10],[-2,-31],[-3,-38],[43,-7],[22,-38],[17,-88],[47,-49],[-3,-105],[-115,-88],[-45,1],[-90,81],[-10,48],[23,70],[-36,14],[-24,-101],[-149,28],[-48,-55],[-90,-52],[-107,-115],[-55,-140],[9,-118],[29,-52],[208,-71],[93,-72],[68,-102],[6,-105],[-44,-82],[-70,-53],[-176,-35],[-143,-75],[-70,-81],[-46,-88],[-44,33],[-53,-29],[-2,-32],[24,-31],[124,-12],[62,-47],[-7,-56],[-37,-75],[23,-181],[-159,-82],[-171,61],[-87,6],[-148,118],[-5,73],[-67,67],[-28,61],[60,86],[-91,66],[-38,76],[-80,-63],[-291,91],[-124,-38],[-154,12],[-51,29],[-71,200],[-167,187],[9,31],[70,53],[43,70],[-7,112],[-43,119],[-81,95],[31,77],[-7,105],[-62,90],[-124,84],[46,41],[7,36],[-77,72],[-94,89],[180,-4],[146,34],[85,-24],[110,6],[128,90],[57,166],[133,60],[49,62],[5,101],[-30,64],[-73,40],[-161,39],[-37,22],[1,19],[261,-57],[142,6],[89,-32],[194,55],[8,-32],[-34,-99],[-81,-24],[-21,-35],[51,-123],[7,-78],[-78,-45],[-39,-60],[33,-24],[130,-9],[8,-61],[-52,-70],[117,-53],[18,-55],[-21,-77],[41,16],[40,66],[16,53],[4,14],[14,44],[32,29],[-30,25],[13,134],[31,54],[81,32],[20,78],[-16,36],[-33,72],[-35,74],[3,38],[18,8],[65,-14],[97,-64],[-9,-39],[-17,-72],[50,-63],[51,-183],[3,-99],[-8,-24],[-51,-25],[-46,28],[-19,-12],[-16,-66],[-22,-91],[43,15],[32,53],[25,-19],[-1,-51],[95,-39],[8,75],[28,63],[5,12],[-29,194],[-19,15],[-27,106],[-30,49],[8,27],[12,37],[8,26],[-16,46],[-66,180],[-23,25],[-38,-1],[-144,-70],[-50,12],[-15,55],[21,33],[220,145],[251,200],[64,51],[127,43],[29,-2],[84,-34],[47,-34],[230,-48],[134,-112],[-22,-73],[-64,-82],[-51,-177],[36,-86],[30,-72],[15,-36],[7,-16],[20,-106]],[[181044,167267],[121,-109],[-10,-65],[19,-69],[-76,-82],[-21,-82],[31,-8],[41,13],[40,66],[179,59],[-4,41],[-53,49],[66,13],[-23,128],[31,-4],[-9,83],[9,19],[111,-170],[71,-155],[-97,-80],[-6,-36],[144,-172],[57,-121],[73,-123],[-19,-16],[-53,27],[-19,-15],[21,-97],[24,-110],[-8,-104],[-13,-57],[-45,-178],[-84,-122],[-16,-63],[-46,-5],[-47,33],[9,-55],[-34,-101],[34,-18],[46,27],[3,-33],[-109,-78],[-89,-11],[-47,73],[-16,67],[5,25],[116,118],[-144,-56],[-157,37],[-56,39],[-77,-7],[-158,109],[-38,-70],[-118,47],[-84,-9],[15,59],[105,64],[-58,131],[-25,27],[-123,-4],[-201,151],[-25,70],[2,123],[-22,102],[-125,63],[55,59],[-26,91],[-99,46],[-33,64],[96,-54],[14,21],[-123,119],[-53,-22],[-11,52],[11,29],[84,0],[45,85],[86,27],[34,-19],[32,-77],[111,-11],[164,116],[172,50],[123,79],[71,9],[50,-49],[-1,73],[18,17],[162,-83]],[[182837,165184],[67,-3],[28,3],[22,53],[80,35],[22,78],[37,8],[105,-61],[102,-173],[22,-14],[-16,101],[-69,84],[-21,123],[-39,59],[49,62],[86,-30],[52,35],[109,-95],[44,38],[48,3],[73,-104],[181,-39],[67,-133],[-173,-213],[-111,-206],[-12,-85],[10,-235],[-8,-22],[-37,21],[-25,14],[-23,84],[-66,115],[8,104],[37,79],[-44,37],[-4,62],[-26,40],[-7,-78],[-16,-7],[-38,-17],[-11,-29],[52,-68],[12,-15],[-11,-22],[-36,-77],[-28,-19],[-198,41],[-143,-6],[-72,-44],[-154,-93],[-169,101],[-161,138],[-330,122],[-104,83],[-23,42],[64,54],[79,-18],[53,58],[-73,66],[-4,42],[-44,49],[16,91],[72,72],[154,50],[173,-28],[111,-88],[59,-82],[202,-143]],[[188239,166524],[90,-40],[48,6],[86,-91],[204,-101],[14,-28],[10,-103],[-47,-136],[1,-78],[-45,-63],[-182,17],[-167,78],[-175,48],[-133,112],[21,99],[-18,151],[8,81],[75,221],[63,-43],[45,-66],[102,-64]],[[178580,170496],[-90,-122],[-193,-73],[-84,143],[-40,-44],[-18,66],[-58,9],[-4,8],[49,64],[14,76],[102,17],[53,34],[-2,23],[-38,32],[24,44],[15,118],[241,51],[81,126],[73,-2],[15,-85],[-32,-97],[-69,0],[-29,-47],[17,-100],[40,-92],[-47,-75],[-20,-74]],[[181580,164923],[-61,-57],[-38,42],[-28,152],[-64,98],[50,16],[43,117],[64,6],[-15,53],[-41,19],[23,61],[60,90],[103,90],[25,21],[51,103],[51,186],[29,58],[16,47],[53,60],[23,-31],[-11,-75],[-83,-357],[-88,-153],[-11,-36],[-51,-173],[-100,-337]],[[184494,165668],[22,-69],[-19,-48],[-42,-12],[-155,45],[-98,3],[-115,-73],[-25,-32],[-102,-130],[-63,-3],[-29,-1],[-52,59],[-5,56],[8,12],[24,36],[-17,46],[63,37],[14,8],[-4,36],[65,-43],[101,45],[8,91],[-36,48],[-38,14],[11,35],[30,15],[68,-70],[88,-12],[163,-4],[88,-32],[47,-57]],[[182212,172084],[-6,-43],[-20,13],[-148,-45],[-7,-17],[21,-28],[-12,-49],[-48,-61],[-76,-42],[-23,-2],[-169,116],[80,103],[86,21],[28,6],[44,35],[176,25],[62,-9],[12,-23]],[[181404,167847],[-39,-84],[-101,9],[-35,54],[-2,170],[9,5],[53,38],[21,14],[24,96],[-30,66],[-82,45],[-11,89],[57,62],[40,-151],[87,-70],[-30,-47],[25,-63],[65,-4],[-17,-36],[-16,-37],[-13,-29],[-5,-127]],[[178037,165842],[-36,-21],[-42,12],[-25,33],[-17,45],[-5,40],[23,104],[3,79],[6,34],[15,31],[43,39],[43,-20],[38,-10],[39,-28],[-2,-23],[-30,-37],[-10,-55],[-18,-2],[-7,-22],[11,-57],[-11,-51],[26,-47],[-28,-24],[-16,-3],[0,-17]],[[180845,165457],[148,-145],[46,23],[5,43],[19,-23],[-12,-27],[60,-76],[44,54],[68,-65],[8,-28],[-106,-38],[-60,-53],[-219,205],[-58,77],[-26,83],[6,8],[77,-38]],[[177991,166614],[-63,-15],[-58,37],[-81,172],[-58,78],[-2,44],[98,22],[27,-93],[58,-18],[13,-46],[-11,-59],[20,-57],[58,-51],[-1,-14]],[[178957,170712],[-23,-17],[-38,7],[-17,-44],[-23,-20],[-47,45],[-20,42],[-20,18],[12,11],[29,4],[76,19],[55,-9],[-4,-24],[20,-32]],[[182932,170472],[-44,-38],[-53,-75],[-54,-13],[-23,18],[-10,28],[-22,34],[22,32],[38,-6],[54,6],[90,28],[2,-14]],[[184827,167412],[-14,-13],[-27,0],[-8,25],[-20,9],[-20,42],[13,85],[35,18],[14,-14],[14,-74],[1,-46],[12,-32]],[[182668,165559],[26,-13],[45,1],[27,-31],[-1,-24],[-55,1],[-41,-46],[-15,-16],[-19,16],[-28,22],[-14,34],[27,19],[42,-19],[7,9],[-1,47]],[[183312,167855],[0,-26],[-20,-59],[-28,-16],[-34,22],[-24,55],[23,27],[37,-8],[18,53],[28,-48]],[[180910,167756],[-14,-58],[-20,-9],[-29,15],[-78,3],[-11,17],[20,20],[42,-5],[39,12],[1,22],[13,19],[9,35],[19,-22],[9,-49]],[[183642,165487],[18,-1],[17,14],[59,2],[29,-29],[-22,-54],[-101,29],[-18,22],[-10,21],[8,14],[20,-18]],[[180450,166004],[-19,-42],[-34,6],[-39,30],[9,111],[83,-105]],[[182274,168050],[-9,0],[-59,20],[-99,85],[-11,28],[52,-10],[117,-102],[9,-21]],[[182896,165543],[-26,-28],[-57,83],[24,27],[58,-8],[28,-41],[-27,-33]],[[178090,166391],[-46,-3],[-12,14],[-2,29],[23,33],[26,8],[47,-5],[-36,-76]],[[178272,170210],[-7,-38],[-50,36],[0,29],[-15,13],[6,22],[35,2],[40,-9],[-17,-35],[8,-20]],[[182326,166194],[-18,-20],[-32,22],[-7,90],[7,26],[-9,17],[5,9],[26,-25],[-18,-28],[27,-28],[19,-63]],[[180510,167990],[-64,-14],[-1,13],[16,34],[21,22],[67,-10],[1,-14],[-40,-31]],[[180099,166535],[16,-48],[-9,-27],[-42,-13],[-15,57],[10,29],[18,-7],[22,9]],[[180007,166324],[-35,-12],[-29,33],[10,10],[-8,23],[36,15],[17,-4],[5,-22],[19,-2],[-15,-41]],[[180662,165725],[-39,-12],[-34,34],[-2,28],[25,20],[-2,-17],[16,-11],[45,-6],[8,-17],[-17,-19]],[[178266,169888],[-11,-7],[-13,38],[1,28],[-12,25],[29,56],[11,12],[20,-32],[-28,-42],[-4,-23],[7,-55]],[[183996,165850],[-22,-75],[-54,15],[-6,12],[38,37],[44,11]],[[181387,165329],[-18,-2],[-24,47],[0,17],[32,12],[17,-7],[6,-48],[-13,-19]],[[182257,166078],[-17,-48],[-15,40],[-14,16],[37,31],[32,10],[4,-21],[-27,-28]],[[182829,165341],[-41,-11],[-9,31],[7,14],[-14,25],[8,13],[23,-2],[3,-33],[25,-23],[-2,-14]],[[180833,165686],[-11,-12],[-21,3],[-34,38],[4,14],[23,9],[26,-26],[13,-26]],[[180551,167922],[-30,-22],[-24,2],[-19,35],[32,13],[30,-13],[11,-15]],[[179006,170893],[-10,-26],[-28,15],[-18,24],[34,35],[22,-48]],[[181090,168259],[-17,0],[-35,18],[-11,17],[11,10],[65,-20],[1,-17],[-14,-8]],[[181958,171768],[-41,-3],[-19,12],[5,9],[59,15],[13,-10],[-17,-23]],[[181079,165576],[23,-29],[-30,-26],[-39,39],[11,9],[20,-11],[15,18]],[[179697,165942],[-30,-4],[-14,33],[8,19],[21,-3],[15,-22],[0,-23]],[[182453,167807],[1,-32],[-18,14],[-22,52],[7,19],[19,-16],[-7,-15],[20,-22]],[[180691,167400],[-14,-25],[-22,20],[-10,26],[11,5],[33,-11],[2,-15]],[[179944,166621],[-33,-19],[-23,19],[15,20],[26,-2],[15,-18]],[[182604,165739],[-42,-30],[-7,8],[4,15],[39,26],[6,-19]],[[177719,167072],[-5,-15],[-16,9],[-22,31],[20,13],[23,-38]],[[181160,165642],[-17,-19],[-26,17],[20,31],[23,-29]],[[181142,166964],[6,-39],[-35,0],[1,21],[28,18]],[[181286,167065],[-8,-8],[-36,29],[-7,18],[19,-1],[32,-38]],[[183704,167703],[-20,-8],[-15,18],[15,32],[20,-42]],[[181218,165426],[-26,-6],[-8,27],[12,19],[22,-40]],[[184788,167352],[-15,-5],[-12,23],[5,19],[23,-11],[-1,-26]],[[181526,165508],[1,-26],[-44,30],[7,12],[36,-16]],[[181008,165559],[-28,-19],[-14,24],[37,12],[5,-17]],[[181976,166591],[-9,-33],[-31,9],[10,18],[30,6]],[[180699,167320],[-22,-21],[-13,24],[14,21],[21,-24]],[[181179,165508],[-12,-1],[-20,23],[6,11],[29,-4],[-3,-29]],[[180939,165637],[-18,0],[-16,18],[29,23],[5,-41]],[[180813,165792],[-6,-20],[-33,40],[12,12],[27,-32]],[[178742,171151],[-5,-52],[-18,3],[7,41],[16,8]],[[181658,167050],[-31,-7],[-1,26],[22,12],[10,-31]],[[181344,165349],[-19,-22],[-20,24],[11,18],[28,-20]],[[183082,168995],[3,-22],[-28,2],[-12,15],[7,11],[30,-6]],[[178143,170383],[-18,-24],[-20,23],[33,20],[5,-19]],[[183621,165546],[-2,-40],[-31,31],[22,18],[11,-9]],[[181961,165150],[-24,-8],[-4,24],[11,17],[13,-3],[4,-30]],[[183131,166089],[-13,-23],[-26,32],[9,13],[30,-22]],[[183783,165551],[-38,-23],[-9,9],[41,35],[6,-21]],[[181176,165427],[-2,-42],[-27,10],[10,27],[19,5]],[[181342,167340],[-7,-22],[-20,14],[11,43],[16,-35]],[[181420,168103],[-25,-9],[-8,24],[18,19],[15,-34]],[[182598,165547],[0,-26],[-20,4],[-10,28],[15,7],[15,-13]],[[181600,168249],[-15,-7],[-16,21],[11,16],[18,-3],[2,-27]],[[188716,166812],[-9,-20],[-21,21],[5,21],[16,1],[9,-23]],[[182051,165198],[-11,-36],[-10,30],[3,31],[12,-1],[6,-24]],[[180208,166317],[-16,-27],[-18,34],[9,16],[25,-23]],[[182526,165552],[-19,-21],[-20,33],[21,8],[18,-20]],[[181669,168791],[-29,-21],[0,22],[11,16],[18,-17]],[[202814,180818],[44,51],[-24,112],[63,-8],[30,-78],[63,15],[5,43],[-29,92],[48,-34],[62,39],[109,-83],[92,19],[125,27],[105,-54],[40,0],[110,0],[114,-59],[95,41],[16,37],[-6,43],[27,13],[203,-45],[41,-46],[236,-96],[77,-8],[511,149],[70,20],[367,3],[147,44],[54,-34],[61,0],[145,57],[74,86],[53,143],[84,-26],[93,-76],[78,-33],[34,-36],[14,-49],[-7,-29],[-42,-196],[-131,-52],[-94,-73],[-38,-73],[-12,-48],[17,-136],[-67,-183],[12,-57],[-11,-45],[13,-54],[-3,-93],[-24,-56],[22,-117],[-115,-199],[-127,-208],[-21,-34],[-54,-86],[-81,-129],[111,-205],[157,-292],[299,-555],[-14,-151],[17,-184],[22,-80],[206,-243],[78,-57],[8,-115],[16,-56],[40,-77],[28,-3],[6,29],[-3,13],[7,2],[61,-30],[12,-34],[1,-76],[-22,-30],[24,-35],[31,-36],[44,-4],[5,-47],[153,16],[26,-91],[-29,-77],[-49,-32],[-64,22],[-209,-94],[-7,-99],[-39,-34],[89,-128],[-7,-66],[-23,-16],[-31,19],[-59,-28],[-61,-136],[19,-70],[31,-27],[20,-60],[-88,-117],[83,-153]],[[206371,175782],[-156,50],[-236,-10],[-100,26],[-40,50],[-72,4],[-45,-30],[-14,40],[-52,26],[-59,-62],[-3,-75],[-72,-44],[-26,-62],[-14,3],[-9,32],[-44,14],[-19,-45],[-57,-29],[-61,-100],[1,-68],[-33,9],[-29,49],[-22,-65],[-50,-8],[-40,17],[-82,118],[-204,-28],[-92,28],[-68,83],[-29,64],[-97,65],[10,69],[-9,21],[-86,24],[-41,45],[-155,20],[-10,36],[9,146],[-17,32],[-40,-9],[-36,19],[-51,-41],[-105,-19],[-32,30],[-68,-12],[-100,106],[-68,25],[-42,-59],[-30,-6],[-89,55],[-77,19],[-5,47],[-18,20],[-29,-21],[-77,23],[-38,-11],[-65,37],[11,33],[-18,20],[-135,21],[-135,109],[-29,-56],[64,-62],[23,-100],[-11,-24],[-39,-2],[-45,34],[-37,51],[-16,56],[-26,32],[-2,35],[-17,14],[-36,-27],[-91,-15],[-12,-32],[-35,-17],[-28,-73],[-10,-27],[-16,-44],[-31,-25],[-67,-20],[-44,-43],[-58,-58],[-15,-12],[-27,-20],[-60,34],[-70,-35],[-4,-46],[-44,-46],[-13,-14],[-63,14],[-36,-52],[-67,31],[-157,-137],[-10,-34],[25,-71],[-7,-23],[-44,-37],[-96,8]],[[201750,175770],[21,288],[30,109],[15,137],[-45,235],[-45,101],[-8,154],[106,192],[0,44],[-24,48],[-67,64],[-147,40],[-181,-51],[-21,-51],[9,-116],[-14,-117],[-116,-65],[-77,-93],[-66,38],[-121,132],[-23,-18],[-77,34],[-73,-22],[-98,68],[-58,-36],[1,-33],[-41,36],[-25,-11],[-144,217],[-27,146],[-31,94],[-71,2],[-69,46],[-45,60],[-29,-32],[-48,13],[-2,64],[-1,28],[-76,204],[9,62],[49,41],[-21,54],[73,8],[105,65],[102,10],[35,38],[-84,66],[-82,-52],[-59,29],[-113,-53],[-123,-6],[-7,33],[11,40],[55,64],[-167,200],[-18,82],[74,28],[45,47],[48,6],[45,61],[61,4],[11,25],[-45,53],[-27,-18],[-42,10],[-17,-77],[-40,-15],[-111,24],[-70,73],[9,50],[-9,105],[106,90],[-9,40],[-95,209],[6,73],[119,48],[76,70],[64,-22],[46,26],[3,94],[78,56],[137,-8],[177,75],[93,2],[9,36],[-12,59],[-102,97],[-21,73],[134,-14],[98,-47],[45,10],[7,40],[-57,92],[144,110],[20,111],[19,28],[111,18],[133,-47],[63,51],[113,-40],[16,31],[-22,53],[40,56],[19,-8],[31,-53],[98,2],[27,65],[-1,45],[-80,129],[-5,77],[116,-19],[71,-101],[72,-21],[66,47],[94,15],[109,-41],[21,61],[-43,48],[1,34],[95,-55],[72,59],[30,-31],[65,-19],[147,20],[28,27],[13,51],[76,29],[20,50],[-12,36],[-103,132],[-15,56],[1,51],[21,-5],[34,-62],[55,-4],[120,-81],[55,-5],[28,33],[1,48],[-46,68],[-35,94],[23,35],[86,-39],[48,-57],[39,-127],[74,-12]],[[198862,177231],[47,0],[35,46],[50,-35],[33,-4],[12,45],[13,67],[27,32],[213,15],[98,-50],[190,-73],[66,-93],[206,-59],[62,-89],[-9,-21],[-33,20],[-54,-6],[5,-41],[-12,-12],[-132,67],[-21,-113],[-68,-42],[22,-83],[-43,-2],[-36,-77],[-97,19],[16,-76],[-39,-127],[-82,-3],[-44,-125],[-133,-10],[-15,-1],[0,-43],[31,-40],[23,-30],[-12,-30],[-4,-12],[-103,16],[-44,51],[-49,-69],[-51,-14],[-40,40],[-38,-62],[-57,34],[-51,-63],[-96,-23],[-67,-47],[-54,-102],[22,-150],[-21,-208],[-21,-84],[11,-105],[-155,-204],[-35,-12],[-36,19],[-60,110],[50,126],[31,176],[35,44],[56,-26],[29,13],[40,211],[-136,58],[-95,11],[-117,147],[-54,-22],[-152,48],[-51,38],[-18,40],[3,25],[70,30],[-18,68],[87,-30],[-3,70],[50,12],[8,81],[-176,212],[-72,29],[-16,28],[67,17],[12,27],[19,49],[110,-10],[18,-14],[24,-20],[97,-150],[37,-14],[15,29],[-6,147],[32,42],[46,60],[14,76],[37,-16],[43,-96],[0,-2],[50,-3],[4,14],[12,66],[-31,73],[2,55],[265,124],[49,135],[47,-3],[116,-116]],[[199118,178294],[48,-52],[8,-9],[52,-9],[2,29],[1,14],[18,-10],[22,-14],[-1,-36],[-24,-11],[27,-58],[70,-91],[25,-51],[-2,-30],[-26,45],[-35,-12],[-30,36],[-79,0],[-16,-17],[10,-34],[-42,13],[-12,-38],[-36,-14],[-13,-39],[23,-62],[-35,4],[-38,-35],[-10,-32],[-12,13],[-28,-4],[-53,56],[-5,-9],[-33,19],[-13,-22],[6,-91],[-46,-187],[-132,-58],[-91,12],[-52,39],[16,53],[-40,47],[-13,61],[-35,36],[-31,142],[-103,114],[-53,12],[-216,-77],[-76,13],[-48,40],[-108,21],[-17,23],[37,44],[196,12],[136,52],[120,5],[32,66],[36,24],[-14,56],[40,38],[3,60],[102,64],[3,123],[15,21],[123,-11],[62,-143],[36,-25],[169,4],[70,-41],[70,0],[40,-89]],[[199614,177649],[134,-34],[26,-13],[77,-10],[20,-17],[11,-21],[-15,-43],[9,-25],[40,-41],[67,-107],[-26,-114],[-29,53],[-45,33],[-28,-30],[-66,8],[10,-46],[-50,-12],[-131,110],[-117,27],[-18,20],[0,34],[-13,18],[38,29],[41,-7],[23,19],[1,16],[-14,20],[-17,61],[2,26],[12,22],[22,-1],[36,25]],[[199381,178640],[156,-41],[26,17],[-2,50],[45,-35],[17,10],[21,-15],[23,-18],[50,-65],[-9,-44],[-31,4],[-8,-2],[-20,-5],[-12,-18],[-52,-41],[-85,37],[-12,-49],[-65,-19],[-20,23],[1,29],[-80,96],[9,43],[48,43]],[[201060,180367],[-38,-13],[-49,21],[-22,16],[-22,37],[12,46],[1,27],[8,34],[43,-46],[11,-23],[34,-49],[5,-22],[17,-28]],[[201090,176279],[-23,-14],[-31,35],[-7,99],[50,30],[27,-19],[-4,-96],[-12,-35]],[[200341,179569],[-17,-27],[-32,20],[-67,50],[-24,31],[47,25],[29,-9],[6,-27],[43,-29],[15,-34]],[[200204,175262],[13,-44],[-5,-20],[-31,-3],[-18,16],[-32,-9],[-1,21],[-18,24],[8,17],[-5,25],[22,13],[33,-11],[34,-29]],[[198923,176018],[21,-12],[25,4],[-5,-31],[-22,-5],[-6,19],[-28,-50],[-41,43],[-10,-29],[-16,1],[13,58],[15,-13],[11,76],[19,-9],[3,-16],[18,-13],[3,-23]],[[200401,179656],[10,-56],[-51,6],[-51,56],[-1,36],[12,15],[33,-6],[48,-51]],[[197915,176499],[-64,-43],[-62,-3],[-25,23],[10,12],[9,3],[114,30],[18,-22]],[[201627,180769],[42,-34],[15,-21],[-6,-15],[-49,13],[-23,-24],[-8,14],[10,12],[2,31],[-18,15],[-32,-8],[-1,32],[68,-15]],[[199615,179335],[-17,-11],[-18,23],[-41,6],[-16,22],[25,16],[30,-11],[36,-31],[1,-14]],[[201324,180519],[-23,-5],[-17,17],[-1,15],[33,19],[22,-25],[-14,-21]],[[199421,177456],[-24,-9],[-22,11],[3,35],[24,5],[19,-42]],[[199247,177968],[23,-39],[18,9],[10,-41],[-20,3],[-13,21],[-33,28],[15,19]],[[199006,176176],[-7,-21],[-23,2],[-19,23],[25,17],[24,-21]],[[200003,177574],[-16,-20],[-30,17],[13,22],[20,-2],[13,-17]],[[201231,176609],[-45,-18],[2,24],[23,5],[13,25],[7,-36]],[[199934,178097],[1,-14],[-32,-2],[-11,28],[4,8],[38,-20]],[[199453,178044],[-19,-27],[-20,27],[16,15],[23,-15]],[[202230,180531],[-12,-14],[-19,31],[10,20],[21,-37]],[[197769,176336],[-4,-24],[-35,23],[11,14],[28,-13]],[[199748,178446],[6,-54],[-13,1],[-9,41],[16,12]],[[201988,180664],[-4,-21],[-29,14],[10,25],[23,-18]],[[201769,180697],[-8,-29],[-22,31],[12,18],[18,-20]],[[199898,176974],[-14,-27],[-15,13],[2,20],[20,10],[7,-16]],[[199453,177460],[6,-30],[-35,11],[11,25],[18,-6]],[[199364,177883],[-3,-42],[-16,13],[-7,31],[26,-2]],[[200045,177333],[-11,-27],[-14,12],[0,22],[17,12],[8,-19]],[[199615,178384],[-12,-28],[-18,25],[6,23],[24,-20]],[[199810,178135],[-3,-10],[-22,19],[6,16],[10,-2],[9,-23]],[[199835,178132],[2,-26],[-29,22],[6,10],[21,-6]],[[214585,132384],[100,-46],[188,-8],[28,-51],[81,-55],[150,-25],[16,-92],[3,-21],[24,-41],[-1,-53],[95,-255],[35,-30],[26,-62],[15,-117],[-61,-90],[-135,15],[-49,-45],[-63,-130],[-100,-111],[-58,-29],[-87,0],[-22,-26],[-2,-29],[27,-38],[-8,-155],[54,-56],[-11,-41],[-13,-50],[47,-23],[-17,-68],[10,-29],[50,-70],[73,-48],[-1,-45],[-42,-72],[61,-76],[-112,-91],[9,-82],[-67,7],[-20,-59],[-35,-18],[-21,-72],[14,-67],[-105,-104],[-33,-176],[-86,-63],[-91,-18]],[[214451,129569],[-25,124],[-63,52],[-72,59],[-67,28],[-306,-35],[-177,-47],[-197,3],[-93,-3],[-13,-11],[-42,-28],[-62,5],[-179,54],[-154,5],[-69,55],[-76,9],[-48,-12],[-67,-63],[-51,23],[-140,-15],[-108,30],[7,89],[-74,24],[-87,-25],[-106,-135],[-25,-88],[-186,-86],[-122,-169],[-13,-19],[-28,-34],[-79,15],[-107,-39],[-98,36],[-78,-43],[-204,212],[-86,1],[-231,-117],[-29,-64],[-101,-108],[2,-32],[36,-32],[-45,-37],[14,-70],[-323,-289],[-100,-64],[-84,-22],[-162,19],[-242,73],[-21,-3],[-30,8],[-22,-4],[-96,-54],[-37,-43],[-61,-36],[-49,-189],[14,-45],[90,-19],[46,-51],[48,-34],[30,-61],[12,-9],[103,-68],[122,9],[65,-51],[-27,-40],[-126,-33],[-23,-37],[25,-122],[94,-107],[67,-46],[99,-24],[97,10],[65,42],[-3,-32],[9,-34],[-1,-24],[7,-13],[24,-48],[-5,-19],[-8,-37],[-154,83],[-170,4],[-148,-94],[-112,-12],[-51,-106],[30,-106],[134,-128],[39,12],[23,-61],[267,-58],[187,-97],[61,-169],[15,-25],[36,-58],[-41,-175],[-58,-39],[-49,4],[-182,137],[-75,-9],[-40,64],[-130,207],[-274,222],[-252,13],[-286,53],[-87,-71],[-37,-71],[-6,-95],[66,-106],[139,-76],[186,-188],[19,-8],[109,-46],[264,-53],[92,-91],[71,-26],[-54,-50],[-214,-9],[-307,67],[-188,-32],[-30,126],[-49,60],[-111,140],[-18,231],[-53,111],[-591,163],[-107,80],[-140,55],[-98,-16],[-13,61],[-111,149],[-89,52],[11,55],[178,41],[111,104],[0,41],[-79,61],[-6,36],[8,61],[-31,45],[-100,14],[-96,-61],[-5,-24],[34,-27],[-4,-41],[-94,-90],[-99,-38],[-5,-96],[-33,-48],[-97,39],[-53,-43],[29,-66],[-16,-58],[-75,3],[-13,-12],[-41,-39],[66,-126],[22,-42],[18,-35],[80,-39],[4,-36],[-60,-162],[-11,-30],[-12,-34],[-14,-116],[10,-75],[-48,-112],[-6,-76],[84,-231],[71,-113],[35,-17],[17,-9],[111,-55],[106,-52],[34,-110],[5,-17],[52,-78],[48,-22],[230,-141],[172,-412],[49,-94],[66,-72],[362,-148],[73,-101],[168,-136],[72,-95],[141,-91],[61,-124],[66,-55],[101,-148],[-7,-53],[-38,-64],[-204,-101],[-5,-54],[-21,-22],[-47,-19],[-138,-54],[-89,-9],[-29,19],[29,126],[55,1],[13,-89],[113,82],[32,62],[47,26],[-8,98],[-62,65],[-71,129],[-104,76],[-216,14],[-88,67],[-115,5],[-3,-101],[21,-56],[-222,-99],[-18,-44],[11,-78],[108,-192],[28,8],[12,60],[23,9],[59,-60],[51,-106],[59,19],[67,-53],[46,-79],[9,-67],[-57,-44],[7,-52],[145,95],[55,7],[-7,-43],[-75,-61],[-38,-156],[-54,-12],[-92,-91],[-123,-19],[-51,-96],[-135,-74],[-193,-6],[-77,40],[-61,5],[-16,1],[-104,-83],[-9,-45],[33,-20],[6,-63],[40,-13],[38,20],[31,-23],[14,7],[162,78],[178,-133],[17,-13],[109,28],[100,-55],[78,53],[143,-47],[154,28],[66,-62],[27,-97],[51,-66],[79,-50],[25,5],[109,57],[-19,53],[23,18],[131,-44],[23,-8],[125,-8],[28,-2],[33,-28],[11,-44],[-31,-58],[-21,-55],[93,-60],[56,-36],[-46,-35],[-19,-45],[150,40],[227,-12],[100,50],[127,-36],[38,48],[2,67],[-60,102],[-208,50],[-83,103],[-92,50],[-63,64],[-110,48],[-154,125],[-101,28],[-212,129],[-130,21],[-133,-35],[-120,74],[-102,3],[-38,-26],[59,-45],[-42,-58],[-247,-65],[-16,61],[35,49],[272,153],[94,98],[70,39],[28,100],[57,69],[156,39],[165,105],[57,14],[140,-59],[58,-100],[92,-40],[28,-116],[90,-137],[351,-165],[131,-10],[94,22],[150,-121],[205,-45],[214,10],[199,82],[206,-35],[19,-24],[-18,-69],[20,-73],[218,-161],[-33,-148],[44,-214],[165,-272],[63,-172],[231,-120],[261,-3],[228,41],[57,-313],[-42,-140],[-73,-76],[-42,0],[-86,68],[-70,22],[-53,-26],[-44,-69],[-60,10],[-81,77],[-76,125],[-83,40],[-99,11],[-47,39],[-50,195],[-59,60],[-79,22],[-14,101],[-63,7],[-43,103],[-128,42],[-13,76],[-62,81],[-82,-2],[-178,-62],[-159,6],[-110,-35],[-180,7],[-88,-22],[-119,82],[-47,3],[171,-236],[24,-2],[29,-22],[28,6],[172,20],[45,-25],[52,11],[209,-34],[36,-6],[92,-19],[87,-65],[197,-119],[-7,-52],[37,-37],[-35,-66],[-67,-31],[-52,-57],[-17,-64],[47,-80],[23,-88],[74,-93],[-30,-63],[27,-84],[-9,-51],[52,-6],[37,-42],[-10,-28],[-45,-15],[1,-20],[100,-59],[8,-98],[30,-25],[57,-48],[4,-117],[-25,-42],[-11,-18],[44,-121],[-75,-97],[-185,15],[-35,124],[-72,12],[-10,22],[-52,114],[-71,50],[-65,15],[-54,13],[-21,-27],[-27,-33],[-23,24],[-99,104],[-90,135],[-106,77],[-74,-49],[-84,68],[-95,-4],[-20,38],[29,47],[46,70],[-54,63],[-128,-24],[-147,-90],[-85,-103],[17,-45],[-345,-44],[-17,-10],[-129,-81],[-99,-106],[-131,-42],[-112,1],[-3,-69],[-29,-50],[49,-85],[120,5],[93,33],[139,-78],[25,-14],[12,-76],[-48,-53],[-58,-12],[5,-69],[1,-13],[122,-28],[-24,-105],[44,-77],[-9,-71],[101,-52],[101,-34],[216,-73],[50,71],[-118,142],[56,53],[115,13],[31,-59],[-27,-154],[59,-59],[2,-51],[81,-4],[-13,53],[80,70],[89,-53],[-20,-42],[-67,-40],[106,-88],[12,-65],[-108,-59],[-70,-39],[-175,-32],[-88,-53],[-89,-17],[-52,-70],[59,-68],[-125,-59],[-10,-97],[-44,-21],[-235,165],[4,57],[96,104],[-41,60],[-116,8],[-70,37],[-62,-7],[-86,89],[-86,30],[-119,-17],[-85,-41],[-171,150],[-47,-1],[-58,-40],[-13,-51],[55,-191],[86,-154],[15,-88],[101,-95],[278,-369],[37,-213],[34,-23],[98,-5],[47,-56],[32,-94],[25,-8],[34,-48],[-6,-25],[13,-18],[0,-22],[13,-35],[-17,-20],[-2,-24],[12,-10],[21,1],[5,-26],[24,-28],[-3,-30],[48,-65],[15,-30],[21,-51],[27,-66],[93,-77],[28,-84],[42,-37],[-34,-47],[4,-68],[-71,13],[-54,-58],[38,-110],[-8,-79],[19,-60],[108,-119],[131,-51],[56,-48],[-12,-107],[148,-90],[13,-49],[-144,-50],[-77,12],[-73,71],[-20,80],[-91,56],[-131,-25],[-112,150],[-129,77],[-15,71],[-33,43],[-69,40],[-33,-48],[-21,3],[-18,41],[3,100],[-115,194],[-76,8],[-238,-36],[-47,-26],[-88,-77],[-1,-113],[-72,-105],[4,-46],[44,-63],[-73,-24],[35,-105],[-65,-23],[-18,-33],[24,-190],[76,-149],[8,-183],[-18,-21],[-37,49],[-55,74],[-178,49],[-55,59],[-10,54],[50,86],[-59,185],[-9,194],[-86,47],[-152,253],[-162,174],[-76,30],[-77,-21],[-70,37],[-2,221],[-33,62],[-228,-15],[-114,-60],[-92,-82],[9,-297],[37,-133],[52,-92],[-47,-109],[-64,-71],[-107,56],[-87,90],[-126,-22],[-116,43],[-80,156],[9,170],[-46,19],[-41,-24],[-67,144],[-147,140],[-68,239],[23,162],[104,130],[37,46],[45,113],[0,98],[-50,126],[-74,110],[-104,156],[-192,183],[-364,197],[-131,13],[-56,-60],[-18,75],[7,115],[-45,113],[-43,52],[-190,89],[-196,36],[-43,51],[20,219],[23,13],[58,-24],[60,23],[124,132],[91,168],[73,212],[23,81],[-19,121],[13,105],[85,-37],[91,19],[176,-77],[182,-6],[141,109],[64,109],[40,183],[48,72],[18,26],[100,46],[57,59],[62,-19],[151,25],[13,-2],[126,-21],[24,-28],[34,-40],[93,-46],[17,-8],[83,19],[104,-110],[96,-28],[54,-40],[119,-9],[138,28],[99,-73],[90,-13],[127,22],[61,10],[110,-53],[158,-34],[16,-4],[67,-15],[182,-74],[87,-66],[118,-102],[139,-53],[87,3],[106,51],[38,92],[-150,87],[-119,14],[40,65],[153,110],[145,-36],[214,47],[109,65],[76,97],[-12,31],[-67,32],[58,50],[-6,19],[-185,3],[0,46],[-34,24],[-126,-68],[-85,68],[-136,1],[-48,-28],[21,-44],[-46,-13],[-101,88],[-214,-14],[-30,27],[1,81],[-217,92],[-70,134],[-59,-6],[-8,-53],[-41,-7],[-22,0],[-28,-50],[27,-72],[-11,-45],[-7,-27],[-53,-28],[-37,39],[-59,62],[11,54],[-82,91],[-85,70],[-33,27],[-118,44],[-9,-27],[27,-57],[-60,-73],[53,-59],[-24,-30],[11,-34],[-29,-32],[-53,23],[-106,-2],[-36,-39],[-85,40],[-49,-20],[-82,-99],[-143,91],[-107,14],[6,-40],[-19,-2],[-19,58],[-30,20],[-99,-20],[-117,18],[-51,-18],[-79,-90],[-87,-9],[-51,20],[-49,-25],[-93,-132],[-280,-1],[-274,-167],[-93,128],[-117,-34],[-113,139],[-62,141],[-72,53],[-3,-43],[64,-88],[-4,-101],[-208,-282],[-143,-23],[-99,66],[-41,76],[32,84],[-5,82],[-102,149],[-25,108],[-81,-38],[-60,30],[-38,211],[-74,125],[-184,78],[-139,245],[-49,-3],[-131,-73],[-85,63],[-16,47],[-3,101],[71,86],[-60,99],[14,84],[98,-41],[97,68],[70,-24],[177,49],[88,-30],[63,-70],[70,-36],[35,12],[49,72],[121,-32],[-49,128],[-6,146],[-116,148],[-71,-22],[-47,-87],[-34,-16],[-176,41],[-114,72],[-89,-48],[-76,36],[-66,-3],[-89,-172],[120,-107],[-129,-66],[-74,88],[-15,100],[-39,76],[-506,379],[-46,162],[-37,-9],[-208,-2],[-47,-1],[-106,72],[-36,47],[-47,130],[-107,42],[-18,102],[87,38],[-90,83],[51,22],[1,45],[-139,36],[-37,-37],[-14,44],[-58,4],[47,211],[-11,43],[-268,118],[-119,19]],[[203775,128008],[351,55],[122,89],[110,-42],[94,27],[117,54],[119,125],[91,-11],[126,20],[106,-95],[43,1],[96,100],[57,19],[-2,53],[31,61],[151,-14],[62,21],[4,22],[23,21],[3,17],[-15,22],[-7,44],[31,36],[56,36],[3,31],[10,21],[11,15],[22,11],[6,13],[16,9],[-6,33],[32,3],[17,15],[8,17],[-12,36],[-12,16],[7,36],[-6,24],[26,15],[13,18],[51,53],[34,37],[85,27],[22,8],[67,79],[59,-43],[59,-11],[54,-9],[13,20],[45,72],[84,56],[225,-28],[24,-39],[2,-25],[13,-6],[21,37],[62,20],[49,5],[13,-4],[63,-26],[80,23],[159,45],[83,-12],[52,42],[11,11],[67,141],[113,-80],[47,14],[28,75],[-23,408],[73,69],[152,27],[102,11]],[[213369,114195],[530,165],[107,60],[97,96],[116,42],[230,-2],[40,9],[100,22],[38,36],[105,-19],[64,9],[27,58],[43,-14],[57,18],[28,-39],[50,-11],[13,-107],[58,-34],[245,63],[70,-20],[88,13],[301,80],[140,-83],[16,-9],[128,35],[47,37],[33,16],[31,34],[13,6],[233,112],[245,26],[-3,-42],[-58,-97],[4,-68],[37,-86],[-27,-59],[7,-102],[38,-76],[25,-39],[162,-22],[48,16],[43,102],[9,21],[55,21],[43,81],[101,19],[38,46],[71,29],[62,84],[179,31],[36,-56],[91,16],[105,140],[35,97],[82,47],[24,67],[32,15],[-58,-165],[44,-132],[92,-35],[-53,-81],[11,-140],[-69,-217],[-147,-119],[-59,-34],[-66,-20],[-79,44],[-124,-32],[-101,35],[-162,-58],[-214,-128],[-261,-14],[-243,-79],[-67,-47],[-120,-46],[-160,-11],[-123,-8],[-99,-57],[-96,-18],[-43,-58],[-133,-76],[-131,-12],[-97,-68],[-119,-10],[-78,-45],[-214,-48],[-184,-2],[-40,-16],[-22,-9],[-25,-39],[-133,-25],[-16,11],[26,60],[-27,131],[16,76],[-47,111],[-69,62],[-160,-16],[-214,-23],[-106,86],[-100,-1],[-70,0],[-127,38],[-43,42],[-70,-37],[-82,-6],[-58,-43],[-134,-5],[-87,31],[-363,-78],[-139,69],[-128,-42],[-228,29],[-120,-70],[-90,9],[-121,-46],[-46,9],[-165,-37],[-28,19],[-14,51],[-87,20],[-53,62],[37,71],[-38,132],[49,172],[-29,83],[17,63],[5,17],[-24,92],[13,146],[-15,33],[40,58],[70,-213],[55,-39],[57,-9],[117,39],[9,119],[-61,124],[-27,132],[53,130],[79,-42],[-3,-59],[79,-263],[61,-25],[355,-2],[167,42],[31,26],[11,66],[59,31],[-31,66],[13,28],[91,44],[115,-15],[82,-114],[-26,-101],[-56,-39],[-161,0],[-36,-46],[61,-13],[231,-49],[122,72],[42,-50],[46,-219],[131,-14]],[[215879,126034],[-5,-50],[19,-26],[132,-12],[-49,-144],[7,-37],[210,-89],[76,-85],[89,-46],[17,-60],[66,-67],[18,-43],[121,-119],[7,-90],[-139,-10],[-53,69],[-4,79],[-44,46],[-34,30],[-56,1],[-46,-38],[5,-22],[5,-23],[200,-150],[42,-80],[-34,-48],[-212,-78],[-194,0],[-229,53],[-132,-41],[-193,146],[21,44],[94,40],[73,96],[155,122],[17,51],[-10,34],[-102,25],[-135,-55],[-90,-245],[-58,-60],[-32,-28],[-102,0],[-28,0],[-109,0],[-65,47],[-117,28],[-92,58],[-6,36],[-17,117],[13,83],[85,107],[74,-19],[102,28],[33,20],[186,111],[53,9],[89,76],[-23,103],[18,25],[106,40],[170,17],[67,43],[40,-19]],[[221484,118029],[-20,-85],[19,-44],[-136,22],[-90,-79],[-51,-44],[-141,-355],[-88,-101],[-34,-39],[-52,-21],[-52,28],[-44,23],[-49,60],[30,227],[-20,104],[-19,103],[-111,34],[-18,61],[-59,34],[156,140],[43,229],[64,47],[43,75],[25,61],[68,73],[79,62],[307,240],[74,26],[97,34],[54,101],[45,-29],[5,-93],[40,-52],[-46,-89],[-8,-16],[19,-70],[-37,-77],[-23,-101],[14,-49],[-34,-79],[-7,-99],[-67,-55],[-40,-109],[6,-90],[58,-8]],[[215654,123757],[122,-77],[82,31],[31,-35],[5,-108],[-29,-65],[49,-64],[-1,-139],[92,-245],[-80,-136],[15,-146],[-123,-93],[-48,-128],[-198,82],[-153,115],[9,60],[56,72],[113,54],[33,163],[-23,69],[-67,56],[-63,111],[-162,59],[-65,52],[-51,83],[43,116],[294,123],[119,-10]],[[203920,120966],[-39,-84],[86,-114],[31,8],[43,61],[51,-35],[68,-100],[228,-247],[11,-31],[-30,-128],[-179,-11],[-205,95],[-129,-75],[-125,32],[-35,31],[-53,140],[6,20],[40,-10],[-1,18],[-104,160],[-51,79],[-30,-33],[57,-269],[-120,-51],[-36,30],[-60,49],[14,184],[14,21],[35,50],[6,61],[8,126],[78,31],[38,-57],[21,-10],[49,-24],[104,103],[16,70],[-49,37],[43,26],[-35,190],[30,32],[53,-22],[100,-190],[51,-163]],[[201728,124831],[201,-79],[9,15],[28,-24],[2,-19],[-34,-86],[-124,-78],[-58,-66],[34,-78],[-2,-43],[172,-60],[1,-73],[-39,5],[102,-318],[59,-37],[84,-13],[55,-51],[109,65],[129,-205],[-15,-29],[-60,4],[-344,127],[-54,1],[-89,54],[-53,94],[-33,149],[-36,53],[-209,133],[-64,120],[-96,14],[-11,87],[-47,15],[-52,80],[64,126],[267,32],[104,85]],[[213581,127343],[24,-75],[-49,-44],[-17,-44],[-29,-40],[-4,-26],[11,-59],[-30,-4],[-19,-15],[11,-56],[-27,-46],[16,-76],[64,-80],[-34,-83],[-96,13],[-46,67],[-104,59],[31,47],[8,71],[-44,45],[-48,-14],[-54,-65],[30,-13],[-21,-25],[-32,-83],[30,-2],[24,-17],[14,-43],[43,-41],[3,-15],[-47,-5],[-78,-19],[-46,19],[-3,42],[21,72],[-20,4],[-34,-52],[-21,25],[-25,8],[-60,-51],[-30,5],[-30,-21],[-17,14],[23,39],[-30,25],[-1,76],[11,28],[2,41],[-18,28],[-37,27],[-20,60],[-10,51],[-34,11],[27,32],[25,-22],[40,23],[57,16],[66,47],[23,-5],[31,-24],[73,38],[43,10],[30,16],[40,-24],[46,-6],[8,-55],[40,-26],[0,-25],[18,-4],[26,21],[27,51],[24,-4],[26,21],[-7,34],[42,72],[-1,42],[18,4],[32,-18],[33,17],[18,39],[46,39],[1,-27],[-17,-25],[14,-20]],[[218041,121929],[33,-20],[12,22],[-63,58],[19,20],[35,-4],[0,26],[16,11],[10,-22],[30,-14],[53,4],[67,19],[-8,-25],[-37,-29],[-4,-21],[32,-26],[5,-22],[49,-16],[7,-31],[-163,-62],[-138,-92],[-46,-50],[-17,-80],[-50,-24],[-122,-11],[-126,114],[-82,25],[-148,-50],[-54,-66],[-58,-23],[-75,138],[46,90],[22,20],[34,9],[29,18],[26,49],[31,29],[37,9],[91,65],[121,22],[134,14],[77,-49],[114,-5],[61,-20]],[[215367,119114],[-210,-153],[-43,19],[-34,71],[-81,57],[-67,139],[-67,89],[114,161],[36,28],[125,159],[80,47],[53,-25],[83,-84],[57,-149],[-46,-359]],[[204361,119704],[47,-24],[48,16],[70,-11],[55,-22],[30,-1],[28,-18],[33,-3],[43,-22],[-2,-62],[6,-14],[95,-35],[32,-38],[87,-31],[13,-37],[1,-33],[-37,12],[-33,21],[-53,9],[-46,25],[-48,-9],[-59,-35],[-17,-38],[-35,-48],[-6,-36],[49,-41],[4,-32],[-46,-35],[-64,16],[-18,39],[-35,10],[-36,25],[-30,34],[-10,24],[-52,24],[-54,11],[-44,38],[-6,51],[-44,12],[-12,23],[6,37],[-57,7],[-9,17],[-41,27],[-16,28],[5,26],[-24,42],[2,30],[39,113],[100,103],[122,-179],[19,-16]],[[211521,129162],[88,-37],[71,21],[52,-62],[82,-31],[-18,-32],[-4,-35],[56,-63],[-21,-61],[52,-151],[-169,-94],[-89,-84],[-14,36],[-41,1],[-2,18],[-94,69],[-113,-19],[-43,43],[-13,51],[60,288],[160,142]],[[213740,120954],[-39,-136],[-55,19],[-72,84],[-54,66],[-79,29],[-91,78],[-56,33],[-91,106],[-41,9],[-89,0],[-74,130],[9,88],[99,92],[77,24],[29,-50],[65,-23],[81,-119],[233,-12],[16,-54],[-7,-87],[83,-78],[-20,-109],[90,2],[-14,-92]],[[203982,121817],[-43,-73],[-60,-12],[-13,-62],[-118,110],[-74,-161],[-19,39],[-5,252],[67,309],[33,27],[43,107],[122,28],[34,-27],[20,-50],[0,-50],[9,-80],[28,-56],[-24,-82],[24,-49],[-11,-64],[25,-99],[-38,-7]],[[219720,116803],[3,-45],[-27,-48],[0,-59],[20,-28],[15,-60],[-21,-31],[-19,-60],[5,-44],[-16,-41],[-31,-47],[4,-75],[9,-15],[-15,-33],[23,-23],[45,-6],[32,-45],[36,-8],[6,-18],[7,-21],[38,-30],[-32,-51],[10,-36],[20,-13],[27,10],[29,-7],[23,-25],[-15,-59],[-29,9],[-32,-8],[-16,-52],[-42,-22],[-22,-52],[-2,-49],[29,-12],[-33,-46],[-39,46],[-28,3],[-20,-12],[-38,27],[-45,13],[32,56],[20,18],[-6,20],[19,29],[-44,72],[-12,58],[5,37],[-25,26],[-28,-1],[-21,11],[-20,11],[1,25],[-27,11],[-16,30],[7,23],[35,30],[1,33],[59,67],[1,49],[-17,11],[10,65],[16,21],[3,41],[38,59],[2,27],[-22,59],[-14,112],[17,23],[32,0],[43,82],[38,4],[14,-36]],[[219049,119464],[-116,-167],[-183,-19],[-109,-89],[29,-63],[-21,-54],[15,-73],[-51,12],[-71,61],[-21,138],[65,50],[81,17],[58,124],[77,118],[153,134],[169,71],[90,74],[66,-50],[90,13],[38,-50],[-51,-69],[-308,-178]],[[210163,115839],[-18,-36],[-131,1],[-107,35],[-80,82],[-34,91],[32,68],[-21,37],[-3,73],[-69,79],[31,94],[15,46],[46,30],[47,-57],[75,-90],[229,-106],[30,-41],[27,-31],[-8,-38],[-62,-19],[-27,-42],[-4,-68],[32,-108]],[[216760,121419],[-49,-149],[-178,-200],[-212,-91],[-104,-127],[-115,-36],[-54,-13],[-19,21],[42,153],[125,194],[273,51],[175,167],[116,30]],[[212559,123746],[14,-88],[-123,-44],[-76,39],[-34,-21],[-4,-46],[-22,4],[-59,55],[56,61],[-16,69],[-116,7],[-88,49],[-91,14],[44,115],[-45,74],[14,46],[25,36],[33,12],[36,-14],[22,-21],[59,-22],[91,-48],[28,-144],[177,-73],[75,-60]],[[214645,119491],[12,-12],[28,20],[30,-19],[-27,-33],[12,-24],[-26,-62],[9,-32],[-19,-33],[20,-26],[32,-13],[-19,-24],[23,-14],[-34,-55],[-7,-55],[-31,-23],[-25,-42],[-21,-10],[-56,-59],[-88,13],[-29,25],[-30,-13],[-51,52],[-11,42],[14,33],[-7,54],[68,63],[23,30],[-44,17],[-1,8],[51,81],[68,41],[16,23],[27,10],[9,-36],[-18,-15],[33,-13],[32,26],[53,6],[4,37],[-27,4],[7,28]],[[213910,120822],[50,-65],[110,29],[75,-36],[21,21],[110,4],[120,-55],[9,-56],[-27,-75],[-2,-65],[-76,-45],[-197,55],[-18,41],[-89,26],[-179,102],[-55,47],[-4,32],[152,40]],[[213903,128582],[-218,-126],[-49,-1],[-127,58],[-135,91],[108,110],[144,52],[169,-12],[99,-70],[9,-102]],[[213046,118037],[48,4],[9,18],[50,34],[2,26],[44,-4],[35,-16],[-19,-40],[18,-12],[1,-22],[34,-64],[0,-27],[-18,-47],[-76,-35],[-8,-19],[-27,1],[-16,-23],[-28,18],[-40,-1],[-18,-32],[-16,5],[-30,-21],[-39,-4],[-28,-18],[-94,-20],[-29,-25],[-22,39],[20,56],[-17,37],[15,35],[-21,24],[20,24],[-8,19],[5,35],[21,22],[43,-35],[60,15],[7,-26],[-7,-36],[18,-20],[51,4],[25,-23],[42,1],[34,31],[6,23],[-47,44],[-33,-20],[-16,6],[-64,63],[12,14],[-6,35],[29,18],[6,-34],[58,-12],[14,-15]],[[216359,119075],[-201,-296],[-156,-89],[-65,1],[-45,31],[-11,45],[10,7],[24,-28],[39,45],[146,51],[14,46],[-29,17],[3,29],[130,100],[-4,14],[-39,-2],[14,29],[39,2],[7,-31],[92,71],[11,27],[-31,15],[4,19],[75,58],[16,3],[22,5],[133,-61],[0,-14],[-113,-32],[-20,-14],[-65,-48]],[[212399,120204],[-96,-117],[-28,21],[-2,72],[-4,42],[-29,25],[-5,72],[33,126],[51,33],[30,60],[68,9],[73,-28],[28,-53],[-33,-124],[-86,-138]],[[218572,119751],[-19,-62],[-74,-15],[-76,55],[11,153],[28,62],[-42,31],[-50,-3],[-46,61],[6,8],[133,-7],[52,-23],[4,-34],[56,-41],[62,7],[37,-27],[4,-106],[26,-32],[-112,-27]],[[215155,118236],[5,-36],[-39,-6],[-23,-33],[-39,24],[-15,23],[-120,98],[-44,3],[-42,35],[-8,111],[28,52],[68,17],[75,-82],[62,-12],[18,-20],[47,-12],[38,-34],[-15,-16],[-17,-42],[10,-35],[20,-24],[-9,-11]],[[210328,124281],[36,-57],[144,69],[18,-16],[-29,-20],[-30,-86],[-7,-15],[-75,-64],[-147,7],[-16,28],[-38,80],[-137,144],[-17,37],[24,19],[71,-42],[71,-52],[132,-32]],[[203973,121369],[-8,-26],[37,-9],[19,12],[7,-30],[33,-25],[-13,-36],[1,-28],[-35,-95],[3,-40],[72,18],[-14,36],[29,-1],[10,19],[47,-19],[18,-28],[-16,-14],[14,-27],[-9,-36],[20,-15],[-1,-18],[35,-15],[1,-14],[-82,-54],[-20,3],[-43,28],[-34,82],[-40,32],[-20,64],[-26,30],[-32,60],[-11,49],[-27,12],[-37,59],[-2,20],[23,14],[35,-18],[13,8],[6,33],[-13,35],[4,17],[21,-2],[37,-25],[-2,-56]],[[212803,119834],[-16,-30],[-16,15],[-23,-15],[6,-48],[-19,-61],[0,-23],[-19,-13],[-5,-29],[-19,-12],[-41,-74],[-50,-32],[-22,19],[18,13],[-14,51],[13,16],[9,62],[23,31],[-23,36],[3,58],[-12,29],[-52,-8],[-11,20],[52,118],[66,70],[13,-96],[103,-47],[28,-30],[8,-20]],[[210409,121065],[19,-10],[7,29],[34,-5],[-26,-67],[2,-45],[30,-3],[0,-18],[21,-15],[-20,-30],[18,-19],[-21,-19],[1,-22],[-39,-7],[6,-43],[-29,8],[-25,-8],[-12,-30],[-70,-59],[-53,32],[-58,12],[10,18],[-14,15],[14,35],[-5,21],[46,12],[48,-4],[37,10],[17,51],[24,46],[-7,12],[-33,-8],[-26,-28],[-24,-10],[-43,9],[-19,-17],[-17,9],[21,21],[34,12],[4,26],[-46,4],[14,24],[55,-11],[31,16],[-11,34],[23,24],[30,6],[52,-8]],[[217563,118557],[48,-52],[-35,-12],[-30,19],[-26,-18],[-5,-22],[-15,8],[-9,-27],[-51,-1],[-30,-16],[-30,3],[6,-26],[-26,-12],[15,-20],[1,-34],[-25,-9],[7,-26],[29,-13],[20,-34],[-25,-14],[-29,5],[-27,-23],[-49,21],[-36,-3],[-40,72],[-31,13],[8,35],[-32,32],[-2,30],[15,21],[17,-2],[6,-26],[27,37],[34,-3],[36,-20],[35,-4],[22,-22],[26,9],[8,39],[34,25],[48,-8],[-36,73],[-21,1],[-32,48],[9,26],[24,6],[76,-24],[62,-43],[29,-9]],[[214675,120465],[58,-66],[12,69],[25,15],[92,-40],[51,5],[13,-24],[-5,-44],[-59,-29],[-53,-76],[-132,-45],[-52,3],[-27,36],[37,18],[5,34],[-48,107],[42,35],[41,2]],[[210540,120234],[-74,-58],[-55,30],[-11,72],[-67,40],[-36,59],[9,22],[126,47],[166,15],[3,-43],[-33,-59],[-28,-125]],[[213856,120028],[-23,-42],[-20,2],[-42,-20],[-27,-28],[-52,-33],[0,35],[-14,49],[-51,-10],[-2,43],[27,30],[-9,21],[45,66],[-11,98],[-38,65],[89,-10],[42,-28],[29,-70],[-6,-75],[51,-29],[14,-13],[20,-36],[-22,-15]],[[213555,118608],[17,-40],[-60,9],[-41,49],[-80,138],[19,38],[-31,15],[-21,47],[-24,53],[15,-3],[121,-21],[158,-154],[-1,-30],[-72,-101]],[[212913,119312],[14,-15],[26,18],[55,-27],[6,-45],[-12,-49],[25,-2],[-2,-18],[16,-32],[-23,-19],[-12,33],[-17,-9],[18,-58],[-21,-36],[-26,-12],[-9,44],[-49,-6],[-24,-15],[-5,45],[-30,-27],[-13,11],[-8,-24],[-45,-24],[-7,8],[29,66],[-24,22],[23,31],[-12,11],[28,25],[-9,13],[10,28],[24,6],[2,24],[33,-3],[-6,20],[45,16]],[[215511,117536],[6,-104],[-69,-76],[-58,19],[-82,-12],[-49,16],[18,27],[86,12],[27,81],[-64,157],[-88,25],[28,36],[86,-27],[136,-107],[23,-47]],[[219415,115655],[-1,-61],[-19,-35],[-30,-25],[-32,-10],[-38,-56],[-9,-29],[-52,-23],[-45,-67],[-35,-6],[-42,19],[-19,21],[8,33],[97,162],[63,2],[127,72],[27,3]],[[210751,124479],[-106,-159],[-64,2],[-4,28],[70,72],[-6,37],[0,19],[-13,19],[29,51],[45,45],[6,59],[19,26],[10,44],[27,46],[12,-21],[-7,-26],[53,1],[16,-14],[-7,-29],[-71,-147],[-9,-53]],[[219636,118668],[100,-107],[0,-54],[25,-6],[21,22],[50,-32],[6,41],[18,2],[21,-24],[-18,-38],[-56,-44],[-17,3],[-14,-25],[-16,18],[-14,-10],[-31,45],[-18,-17],[-25,53],[-5,28],[-36,6],[-12,-29],[-21,-5],[-8,-26],[-27,18],[-34,-3],[-8,25],[1,54],[-13,34],[14,19],[20,-21],[29,-5],[27,16],[6,50],[35,12]],[[220618,119299],[7,-15],[17,30],[46,27],[-2,-22],[21,-12],[14,-45],[1,-35],[-26,-17],[3,-13],[30,1],[6,-15],[-19,-20],[23,-42],[-40,-44],[-37,-7],[-15,31],[31,5],[-8,37],[-24,-1],[-29,17],[-51,-35],[-15,14],[37,36],[-8,24],[-27,-5],[-2,-17],[-28,-6],[-39,15],[1,25],[48,42],[-12,44],[36,14],[5,25],[37,21],[-20,23],[18,24],[29,19],[31,-30],[-8,-15],[-47,-18],[-2,-21],[-26,-16],[-9,-31],[53,8]],[[218026,120349],[28,-29],[11,18],[73,-9],[6,-21],[-33,-40],[17,-22],[30,14],[33,-6],[-19,-37],[59,-40],[24,-35],[-2,-27],[-36,8],[-5,-23],[-33,-16],[-24,5],[-25,24],[50,37],[-7,28],[-21,-7],[-42,-52],[-26,7],[-19,28],[16,37],[22,15],[-11,16],[-27,4],[-34,-16],[-13,26],[-37,7],[-12,-8],[-23,18],[20,61],[37,-11],[15,14],[-20,23],[28,9]],[[210801,119367],[-6,-27],[-33,-11],[-60,-40],[-38,-13],[-2,-65],[-115,-29],[-30,-36],[-28,-10],[-39,-30],[-19,9],[-35,-13],[-14,8],[26,47],[73,50],[94,84],[34,12],[47,37],[29,16],[39,-8],[27,23],[50,-4]],[[209875,124274],[-11,-43],[-17,27],[-23,-29],[-26,-3],[-20,-52],[-11,-9],[20,-26],[-34,-7],[-11,29],[-38,-19],[-27,3],[-27,23],[-24,-19],[-19,34],[57,56],[55,33],[-5,20],[-7,24],[22,8],[11,28],[46,2],[40,-30],[21,-8],[14,-6],[14,-36]],[[212906,125696],[-7,-37],[-37,51],[-17,55],[-2,90],[27,29],[-3,34],[24,22],[25,-18],[29,-4],[47,-33],[23,-8],[-15,-48],[-25,-22],[-11,-43],[-36,-20],[-22,-48]],[[214634,118180],[0,-28],[-20,-4],[-24,-51],[-28,-27],[-27,-10],[-17,-23],[-45,-35],[-29,3],[12,49],[26,38],[10,76],[66,48],[24,35],[57,19],[28,-2],[11,-37],[-44,-51]],[[219184,118958],[59,-71],[14,-27],[-37,-67],[-55,-10],[-51,8],[-20,-10],[-7,22],[-25,-2],[5,46],[-13,26],[2,32],[14,13],[41,7],[26,25],[47,8]],[[213272,118322],[23,4],[13,13],[26,-16],[-13,-36],[-1,-45],[-1,-23],[-12,-8],[-11,-32],[-46,-13],[-11,-12],[-20,-7],[-26,23],[-1,28],[-26,14],[-8,61],[19,10],[28,35],[7,20],[19,12],[22,-6],[19,-22]],[[216336,117600],[21,-8],[-22,-23],[-59,6],[-85,-43],[-109,15],[-16,22],[9,29],[26,23],[4,22],[28,46],[41,-28],[31,-1],[21,-16],[53,-16],[25,-30],[32,2]],[[214326,118849],[-8,-11],[-51,30],[-28,35],[-52,9],[6,30],[-17,52],[25,40],[24,12],[13,46],[40,23],[20,30],[12,-21],[-14,-45],[8,-125],[-20,-46],[42,-59]],[[217328,120695],[39,-23],[46,40],[16,-26],[43,-4],[17,-36],[31,-14],[-18,-17],[-31,13],[-54,5],[-18,-27],[10,-42],[-15,-9],[19,-24],[29,-13],[-9,-39],[31,-33],[4,-28],[-31,-9],[-34,10],[18,37],[-27,10],[-34,-16],[2,90],[-13,21],[21,22],[-18,13],[-19,56],[-5,43]],[[214701,123426],[-47,-10],[-49,-6],[-23,59],[-54,52],[-15,14],[11,5],[125,40],[56,-54],[-4,-100]],[[213189,112631],[-24,-16],[-122,42],[-52,27],[-35,45],[47,12],[9,41],[40,-4],[44,5],[18,-16],[25,3],[11,-15],[-19,-33],[1,-36],[57,-55]],[[214104,117931],[28,-3],[17,14],[56,-29],[2,-23],[26,-28],[-20,-28],[-74,-1],[-53,40],[-10,40],[-71,-11],[-29,20],[-35,43],[38,33],[46,-26],[65,-25],[14,-16]],[[217198,121278],[-52,-67],[38,-64],[-2,-54],[-33,19],[-56,87],[-5,77],[40,-35],[38,45],[-17,54],[-37,23],[0,41],[22,32],[51,-27],[-5,-31],[38,-36],[-20,-64]],[[220298,118164],[50,-6],[19,-39],[-18,-16],[4,-20],[-26,8],[-50,-24],[-37,-3],[-20,-2],[-71,-44],[-23,36],[13,49],[66,15],[21,12],[19,11],[12,-3],[41,26]],[[210997,125022],[4,-34],[29,9],[20,-15],[1,-64],[11,-33],[-16,-34],[-36,-27],[-45,21],[11,24],[21,14],[-25,15],[-23,-17],[-10,12],[11,82],[18,37],[29,10]],[[204520,121961],[24,-23],[-10,-27],[-39,-30],[-13,-32],[-58,-22],[-31,-34],[15,-11],[-13,-36],[-26,-19],[-13,55],[19,27],[24,95],[39,32],[45,3],[37,22]],[[202666,123241],[4,-23],[29,-15],[24,-31],[-61,-5],[-45,10],[-5,20],[-34,23],[-17,-3],[-1,23],[-36,31],[-6,44],[25,7],[55,-22],[25,-32],[43,-27]],[[209943,118869],[-13,-18],[-58,-9],[-7,14],[-25,14],[-6,16],[-27,18],[-21,29],[43,26],[68,-7],[52,-25],[0,-44],[-6,-14]],[[219719,116908],[5,-43],[-22,4],[-29,-16],[-37,6],[-13,23],[-33,21],[29,17],[12,22],[12,70],[23,29],[20,-5],[6,-80],[27,-48]],[[204199,121945],[-13,-38],[-30,-27],[-43,-6],[-17,-63],[-34,24],[-12,24],[5,73],[47,-10],[14,19],[44,23],[39,-19]],[[215280,118745],[-4,-36],[-48,-32],[-57,-6],[-13,-1],[-20,16],[7,18],[19,1],[9,35],[56,67],[22,-1],[29,-61]],[[216147,123670],[33,-11],[29,-29],[-10,-42],[-41,48],[-31,11],[-5,-26],[-19,14],[-22,-17],[-22,16],[-31,-21],[-15,24],[-15,-8],[-15,32],[-26,23],[36,14],[20,-12],[50,4],[8,-18],[76,-2]],[[211885,120453],[-29,-95],[-14,18],[-3,39],[18,130],[3,49],[1,14],[25,49],[30,-42],[0,-11],[-1,-48],[-23,-20],[1,-39],[-14,-27],[6,-17]],[[213485,118129],[-16,-15],[-70,18],[-34,59],[8,25],[59,10],[38,-11],[15,-5],[24,-57],[-24,-24]],[[210866,115220],[49,-135],[-91,48],[-73,128],[11,2],[104,-43]],[[212085,121373],[-5,-48],[-27,-12],[-32,8],[-2,-17],[-36,0],[-14,17],[17,92],[27,21],[54,-26],[18,-35]],[[213260,120499],[20,-31],[-60,-9],[-40,1],[-74,-6],[-10,8],[8,11],[43,9],[36,40],[4,29],[56,21],[19,-1],[-2,-72]],[[209865,116717],[26,-13],[-9,-25],[-44,30],[-45,-13],[-33,-43],[-19,20],[-1,34],[36,38],[-1,19],[9,10],[56,29],[17,-25],[19,-45],[-11,-16]],[[217818,120632],[3,-15],[51,-13],[46,16],[15,-19],[2,-30],[-12,-29],[-39,-2],[-27,43],[-20,-20],[-28,13],[-35,2],[-24,39],[21,1],[-7,24],[25,6],[29,-16]],[[215674,118993],[8,-30],[22,2],[8,-30],[-35,-3],[-38,-17],[-47,15],[-49,-22],[-9,23],[17,25],[29,5],[20,36],[14,8],[38,-14],[22,2]],[[210889,124490],[-1,-53],[-38,4],[-25,-14],[-38,36],[7,12],[39,19],[24,29],[-32,56],[11,47],[42,-66],[-3,-58],[14,-12]],[[215900,119657],[32,-26],[3,-31],[-11,-25],[-37,0],[-19,14],[-10,-17],[-26,24],[-19,40],[26,-6],[21,16],[8,40],[36,16],[16,-28],[-20,-17]],[[210350,119215],[-10,-27],[-47,-33],[-74,-17],[-48,34],[17,20],[29,-4],[43,33],[18,-8],[5,-24],[15,8],[18,43],[34,-25]],[[218166,121158],[75,4],[21,11],[56,-26],[-10,-22],[-25,15],[-16,-43],[-20,-4],[-14,19],[-7,-31],[-31,-1],[-25,59],[-11,8],[7,11]],[[207060,116942],[7,-46],[-33,6],[5,15],[-33,-4],[-9,32],[7,15],[2,74],[6,8],[69,-43],[-21,-57]],[[210177,120155],[-21,-40],[-37,2],[-9,23],[30,79],[56,9],[20,-23],[3,-21],[-42,-29]],[[211183,125082],[-6,-40],[-40,21],[22,36],[-8,22],[9,56],[23,33],[10,-5],[5,-36],[18,-6],[-13,-68],[-20,-13]],[[215423,114867],[5,-66],[-29,0],[-25,17],[-15,-14],[-54,24],[39,37],[11,29],[68,-27]],[[218942,119774],[-28,-17],[-36,23],[-41,30],[13,29],[83,16],[16,-25],[-14,-37],[7,-19]],[[200703,124840],[36,-18],[51,24],[18,-8],[-18,-22],[-16,-49],[-49,-14],[-22,9],[-12,30],[12,48]],[[217037,121241],[18,-39],[-14,-45],[-29,1],[6,17],[-22,14],[-33,-6],[-13,-14],[-20,11],[32,34],[17,-4],[3,26],[16,20],[39,-15]],[[224763,118912],[-42,-20],[8,42],[0,49],[32,48],[25,-7],[-14,-29],[36,-22],[-36,-34],[-9,-27]],[[206880,117017],[8,-47],[-26,-3],[-7,27],[14,13],[-19,55],[23,63],[15,-19],[21,-2],[-6,-22],[16,-37],[-39,-28]],[[212568,118024],[-10,-12],[-30,27],[-17,-1],[-13,35],[-1,18],[31,18],[37,1],[12,-25],[-9,-61]],[[215197,117607],[2,-81],[-33,5],[-30,11],[-4,22],[15,69],[50,-26]],[[214418,120247],[41,-33],[-13,-58],[-36,3],[-39,37],[-8,21],[46,2],[9,28]],[[218240,117964],[-24,-51],[-12,25],[-16,-19],[-23,12],[8,17],[-31,26],[15,15],[17,14],[19,0],[9,-4],[38,-35]],[[215365,118885],[34,-82],[-36,6],[1,11],[-49,9],[-10,18],[16,39],[26,19],[18,-20]],[[217360,119671],[76,-2],[-1,-29],[-56,-11],[-23,8],[-29,-36],[-12,25],[-26,6],[12,20],[24,-6],[35,25]],[[214121,118896],[17,-16],[49,19],[34,-25],[-18,-21],[-44,-9],[-18,-21],[-35,27],[15,46]],[[220562,118288],[-29,-81],[-14,15],[15,51],[-51,-12],[7,41],[41,24],[28,-8],[3,-30]],[[210270,127554],[-9,-14],[-44,8],[-15,15],[-59,7],[-10,9],[66,46],[17,-18],[7,-36],[47,-17]],[[217821,120793],[-24,-43],[-11,33],[-14,-7],[-30,33],[-18,6],[-19,31],[6,23],[60,-46],[50,-30]],[[216672,114582],[7,-22],[-43,9],[6,26],[-16,37],[0,34],[26,2],[21,-15],[-1,-71]],[[211243,124215],[-18,-20],[-9,23],[-29,21],[-15,46],[14,18],[18,26],[8,-21],[7,-18],[-6,-41],[30,-34]],[[215516,119042],[-23,-5],[-10,11],[-15,16],[21,38],[24,9],[34,-25],[-20,-29],[-11,-15]],[[204464,121691],[-24,-38],[-11,5],[-1,42],[17,17],[41,80],[11,-6],[-9,-53],[-28,-25],[4,-22]],[[214515,120155],[-3,-55],[-39,13],[-3,-30],[-34,0],[23,52],[43,33],[13,-13]],[[204950,121324],[-3,-24],[-44,25],[-26,61],[14,17],[20,-29],[27,-13],[12,-37]],[[217614,114960],[-33,-7],[-10,28],[0,36],[21,19],[22,-10],[0,-66]],[[204297,121440],[-35,-15],[-21,18],[37,62],[15,-1],[4,-64]],[[216726,113526],[24,-10],[47,14],[6,-15],[-37,-26],[-60,-2],[-7,8],[2,19],[25,12]],[[212155,123691],[2,-51],[-31,18],[4,28],[17,27],[11,44],[18,0],[0,-38],[-21,-28]],[[211553,125088],[-8,-60],[-30,12],[12,39],[-10,22],[6,27],[15,4],[15,-44]],[[217032,119534],[11,-17],[-53,-52],[-36,12],[10,27],[32,6],[36,24]],[[218389,119872],[-2,-21],[-61,8],[-28,16],[6,11],[55,12],[30,-26]],[[217751,113907],[-39,-46],[-26,14],[-11,28],[17,18],[59,-14]],[[214528,123359],[-51,-12],[-16,5],[10,26],[20,32],[22,-6],[0,-17],[15,-28]],[[204976,121019],[11,-26],[-21,2],[-11,39],[32,52],[21,-10],[-1,-34],[-21,-3],[-10,-20]],[[201157,124961],[-7,-47],[-29,5],[-19,30],[4,27],[51,-15]],[[204043,121580],[-17,-2],[-20,11],[4,52],[21,10],[18,-16],[-6,-55]],[[211885,123694],[-32,-29],[-32,12],[14,49],[45,-18],[5,-14]],[[217282,121314],[-13,-43],[-31,1],[-18,31],[25,2],[-1,15],[23,21],[15,-27]],[[202814,123085],[-12,-15],[-61,30],[11,33],[38,-17],[24,-31]],[[204242,121714],[-24,-7],[-34,15],[9,23],[-23,20],[15,17],[26,-16],[3,-22],[28,-30]],[[218625,120696],[-30,-16],[-26,35],[16,61],[13,-14],[-8,-36],[17,-1],[18,-29]],[[210923,124280],[-24,-20],[-18,31],[30,12],[-15,24],[7,17],[27,9],[4,-28],[-17,-25],[6,-20]],[[204811,121468],[61,-10],[-15,-23],[-25,0],[-16,21],[-30,-18],[2,52],[15,5],[8,-27]],[[211541,119828],[42,-56],[-20,-4],[-36,17],[-24,30],[38,13]],[[215460,118944],[-41,-8],[-1,18],[75,70],[4,-22],[-28,-19],[-9,-39]],[[212095,121473],[5,-54],[-37,8],[-5,22],[0,29],[15,10],[22,-15]],[[214558,120120],[-14,-17],[-20,54],[5,39],[18,1],[11,-46],[0,-31]],[[212470,123587],[-4,-28],[-51,-4],[-10,9],[10,33],[55,-10]],[[215332,117503],[-21,-11],[-26,25],[11,32],[39,-6],[-3,-40]],[[201071,124583],[-23,-13],[-48,61],[5,16],[55,-48],[11,-16]],[[211746,121799],[-4,-29],[-40,40],[68,26],[-5,-30],[-19,-7]],[[209910,120456],[-6,-28],[-22,11],[-2,16],[26,44],[28,-1],[-24,-42]],[[211547,120289],[-49,-17],[-19,13],[8,22],[38,7],[22,-25]],[[204752,121487],[-26,-12],[-20,35],[17,23],[27,-16],[2,-30]],[[206455,117788],[-9,-30],[-47,22],[43,37],[13,-29]],[[219008,119047],[-7,-49],[-30,20],[-2,29],[39,0]],[[219114,115589],[-20,-11],[-37,16],[23,20],[32,-1],[2,-24]],[[209491,119329],[-63,-14],[13,33],[48,-3],[2,-16]],[[209996,118818],[-18,-21],[-40,29],[22,18],[36,-26]],[[208962,124072],[-34,-25],[-9,10],[9,25],[31,16],[3,-26]],[[211600,121908],[-13,-12],[-23,26],[19,38],[17,-52]],[[219047,119090],[1,-24],[-42,-3],[14,40],[27,-13]],[[212863,112915],[-2,-26],[-49,22],[10,20],[41,-16]],[[217648,118382],[-14,-27],[-20,11],[3,46],[31,-30]],[[210217,118980],[-17,-21],[-10,8],[0,40],[26,5],[1,-32]],[[203890,122420],[-1,-32],[-32,6],[4,39],[29,-13]],[[220875,117278],[-6,-42],[-39,20],[12,18],[33,4]],[[218014,114905],[-11,-30],[-27,9],[-11,29],[49,-8]],[[204063,122007],[-13,-32],[-14,3],[-8,36],[7,13],[28,-20]],[[212646,121320],[-6,-27],[-20,1],[-15,26],[10,16],[31,-16]],[[209875,124148],[13,-36],[-32,2],[-11,34],[30,0]],[[214852,125375],[1,-47],[-32,18],[4,28],[27,1]],[[215635,119531],[12,-39],[-19,-4],[-17,21],[-3,22],[27,0]],[[209204,122770],[-6,-36],[-28,3],[10,45],[24,-12]],[[218883,118825],[-5,-45],[-23,4],[-14,24],[42,17]],[[220432,118201],[-19,-14],[-22,33],[33,17],[8,-36]],[[214973,117016],[-10,-18],[-31,-3],[11,48],[30,-27]],[[215730,118852],[-25,-39],[-28,18],[43,32],[10,-11]],[[220748,119050],[-21,-26],[-22,11],[0,21],[32,9],[11,-15]],[[209327,119465],[-19,-16],[-33,24],[2,12],[40,-3],[10,-17]],[[218990,119798],[-2,-40],[-37,15],[9,25],[30,0]],[[212025,123720],[-3,-50],[-29,22],[16,36],[16,-8]],[[211393,120431],[-22,-15],[-21,13],[6,16],[33,14],[4,-28]],[[213119,119164],[-27,-27],[-12,12],[-1,27],[19,8],[21,-20]],[[217726,120752],[-1,-37],[-36,21],[9,27],[28,-11]],[[211606,114680],[-13,-29],[-33,26],[24,24],[22,-21]],[[209206,121366],[-24,-24],[-22,24],[34,25],[12,-25]],[[209989,120163],[-31,-19],[-9,16],[22,28],[20,3],[-2,-28]],[[212966,119585],[-8,-16],[-25,-2],[-12,17],[0,15],[26,2],[19,-16]],[[211605,114589],[-30,-25],[-16,25],[8,25],[38,-25]],[[209222,121205],[-5,-32],[-36,11],[-4,22],[45,-1]],[[217979,120354],[-44,-46],[-8,22],[31,30],[16,3],[5,-9]],[[214999,120382],[-19,-4],[-16,28],[27,29],[8,-53]],[[204728,121208],[8,-36],[-33,7],[2,48],[23,-19]],[[217735,117106],[-7,-38],[-30,17],[7,32],[30,-11]],[[218745,120114],[-7,-27],[-46,18],[17,20],[36,-11]],[[216904,118292],[6,-40],[-35,6],[-11,9],[17,17],[23,8]],[[214198,113370],[-5,-14],[-33,23],[3,14],[27,17],[8,-40]],[[213149,119481],[-41,-10],[-12,9],[23,26],[33,-13],[-3,-12]],[[214212,122272],[12,-41],[-33,9],[-4,40],[25,-8]],[[211175,125434],[-11,-35],[-28,15],[16,36],[23,-16]],[[210760,118111],[19,-39],[-31,3],[-18,37],[30,-1]],[[211061,120546],[-29,-30],[-14,21],[32,34],[11,-25]],[[212472,117383],[-36,-26],[-13,13],[13,33],[36,-20]],[[214369,117959],[-42,-28],[-11,21],[48,26],[5,-19]],[[217187,121067],[-6,-57],[-23,19],[9,39],[20,-1]],[[210365,120192],[-22,-18],[-16,4],[17,28],[20,14],[17,-6],[-16,-22]],[[216364,117377],[-16,-37],[-32,18],[5,19],[43,0]],[[209954,117308],[-21,-17],[-23,22],[21,29],[23,-34]],[[204345,122914],[-24,-6],[-16,34],[16,11],[21,-15],[3,-24]],[[216100,125893],[-24,-23],[-19,10],[7,38],[36,-25]],[[218774,118528],[-18,-21],[-25,-2],[6,15],[21,30],[18,-5],[-2,-17]],[[215863,118251],[-26,-25],[-24,21],[37,26],[13,-22]],[[206984,117023],[-7,-31],[-17,7],[-8,41],[14,10],[18,-27]],[[218981,118788],[-9,-29],[-45,-6],[12,27],[42,8]],[[216782,119235],[-14,-14],[-18,8],[-3,16],[3,19],[27,-3],[5,-26]],[[214437,118938],[-27,-24],[-25,37],[24,18],[-1,-20],[29,-11]],[[211746,118086],[-8,-41],[-34,23],[13,22],[29,-4]],[[218395,117826],[-19,-10],[-23,6],[16,32],[15,1],[12,-13],[-1,-16]],[[218770,116811],[4,-45],[-29,5],[-3,15],[11,28],[17,-3]],[[212955,127271],[3,-33],[-46,5],[10,21],[33,7]],[[218823,119776],[-19,-30],[-26,21],[19,28],[26,-19]],[[214090,118799],[-38,-10],[5,29],[25,24],[8,-43]],[[224924,118928],[-26,-31],[-20,6],[16,42],[30,-17]],[[201970,124373],[-7,-31],[-37,18],[24,28],[20,-15]],[[205184,118123],[-32,-18],[-22,16],[40,25],[14,-23]],[[217103,118319],[-18,-31],[-18,20],[-3,36],[39,-25]],[[212430,114531],[-36,-21],[0,44],[32,-1],[4,-22]],[[210857,129098],[-21,-9],[-13,20],[17,28],[18,-12],[-1,-27]],[[201209,124617],[-26,-21],[-13,26],[24,28],[15,-33]],[[219503,118630],[-13,-11],[-38,10],[10,21],[24,5],[17,-25]],[[211157,124993],[7,-27],[-36,-1],[-13,30],[42,-2]],[[207330,116893],[-22,-5],[-3,15],[3,41],[23,-15],[-1,-36]],[[210921,124610],[-29,-19],[-17,27],[16,21],[30,-29]],[[209946,126800],[-4,-28],[-43,-3],[8,27],[39,4]],[[216972,114456],[-9,-40],[-34,-2],[18,40],[25,2]],[[224572,118958],[12,-26],[-48,1],[0,29],[36,-4]],[[211503,119844],[-11,-42],[-27,20],[13,31],[25,-9]],[[217933,120291],[-9,-3],[-7,21],[22,-2],[-6,-16]],[[144680,138507],[32,-16],[36,28],[67,-4],[-2,-68],[27,-77],[-18,-46],[10,-24],[54,36],[9,43],[51,2],[28,37],[139,-44],[2,-58],[196,-145],[82,-235],[77,-75],[-25,-36],[7,-30],[46,36],[145,-67],[205,-41],[38,-46],[28,32],[64,-19],[101,22],[177,-57],[96,-49],[68,13],[89,-44],[186,-10],[179,-99],[108,-16],[47,28],[58,-40],[142,-40],[260,47],[97,-87],[152,-57],[165,38],[60,-33],[84,-4],[81,45],[35,43],[68,6],[77,55],[95,-85],[4,-55],[38,-72],[99,-78],[24,-75],[139,-3],[247,-70],[164,-17],[53,-56],[175,-54],[121,-169],[11,-15],[153,-18],[30,-6],[69,-38],[80,-45],[231,-60],[576,-284],[217,-56],[268,-54],[68,20],[47,-48],[206,-20],[212,18],[75,32],[221,-14],[83,53],[56,2],[117,2],[145,3],[4,-31],[4,-25],[2,-15],[-119,-54],[36,-51],[-23,-30],[8,-20],[65,31],[33,47],[11,15],[33,-38],[16,59],[62,34],[11,6],[64,-3],[14,4],[192,54],[80,-30],[69,-86],[22,-28],[114,-53],[6,-37],[-28,-49],[20,-37],[175,-38],[48,-36],[134,-40],[102,-121],[62,-38],[126,-4],[131,-110],[16,36],[-12,97],[172,80],[40,45],[248,-47],[127,31],[106,-143],[99,4],[42,-63],[210,-88],[85,-116],[91,-66],[172,-94],[82,-19],[117,19],[92,-72],[99,-13],[36,19],[93,10],[336,37],[109,74],[144,31],[0,-116]],[[156310,135111],[81,-72],[12,-96],[126,28],[81,-33],[-6,-96],[17,-31],[12,-22],[66,-13],[11,22],[35,71],[56,7],[49,-12],[85,-69],[101,-19],[33,-33],[15,-75],[-24,-115],[-97,-172],[-112,-99],[51,-117],[149,-63],[33,50],[37,130],[40,25],[64,1],[-46,-107],[70,-86],[104,-8],[107,-77],[30,-49],[61,7],[67,-61],[119,-45],[123,-113],[81,3],[174,-50],[131,17],[39,-60],[15,-75],[-23,-26],[9,-47],[37,-33],[79,-37],[102,-127],[16,-75],[46,-24],[25,-59],[61,29],[54,69],[120,-80],[111,-9],[178,107],[188,-167],[107,-43],[78,-166],[124,-128],[53,-19],[134,9],[296,59],[138,-70],[27,-69],[45,-45],[42,12],[90,84],[44,-14],[107,-80],[99,12],[61,-30],[24,11],[26,10],[99,-29],[42,15],[120,-49],[19,-6],[15,2],[-1,25],[18,22],[-14,28],[15,13],[-13,18],[-15,54],[-32,29],[16,17],[23,27],[-24,31],[45,49],[0,93],[45,42],[67,8],[113,-73],[174,-57],[127,-112],[76,25],[49,-47],[190,-32],[62,-68],[27,-30],[5,-70],[70,-61],[126,29],[56,-33],[196,-17],[0,-47],[58,-48],[3,-45],[41,-54],[11,-74],[37,-69]],[[162644,132164],[-16,-27],[-14,-22],[14,-53],[-51,-62],[57,-13],[29,-74],[-94,-69],[28,-35],[21,-103],[189,-37],[43,59],[33,-12],[40,29],[124,2],[34,78],[66,-30],[53,30]],[[163200,131825],[8,-34],[193,-45],[123,-106],[94,-8],[35,-87],[14,-118],[88,-91],[146,23],[152,141],[108,-18],[124,39],[104,-40],[98,-72],[137,-45],[45,-69],[56,-80],[89,-33],[36,3],[56,52],[203,-60],[14,27],[-26,88],[48,53],[33,10],[107,33],[59,-35],[36,5],[116,99],[67,17],[94,-25],[61,52],[50,-39],[139,2],[98,-137],[63,23],[116,-15]],[[166184,131335],[0,-1],[-23,-31],[-22,-111],[34,-92],[28,-26],[76,9],[32,-35],[53,-5],[81,-56],[-40,-39],[-42,-114],[-58,-40],[-38,11],[-46,-21],[-104,71],[-63,-44],[-48,-90],[-11,-108],[14,-101],[99,-81],[59,-120],[-29,-88],[-2,-88],[53,-131],[-58,-142],[-90,-100],[-153,-56],[-106,-126],[-165,-82],[-105,-94],[-250,-71],[-94,-93],[-536,-167],[-177,-75],[-158,-95],[-267,-92],[-249,-276],[-42,-97],[-59,-46],[-201,-46],[-202,5],[-164,-53],[-86,7],[-366,-69],[-265,-17],[-281,-91],[-195,2],[-159,-37],[-73,-35],[-77,-80],[-131,45],[-123,-11],[-160,-62],[-257,-207],[-184,-199],[-202,-158],[7,-43],[41,-54],[69,-12],[-15,47],[27,5],[122,-168],[89,-30],[7,-30],[-22,-39],[-78,-60],[-197,-81],[-122,10],[-208,-25],[-142,-120],[-60,-100],[-12,-20],[-249,-317],[-41,-107],[-72,-75],[-114,-117],[-109,-80],[-62,-103],[-145,-68],[-36,-60],[-110,-180],[-62,-52],[-134,-40],[-49,-64],[-143,-273],[-176,-136],[-271,-334],[-69,-172],[-118,-102],[-60,-119],[-90,-114],[-78,-273],[45,-298],[115,-376],[-40,-44],[-7,-67],[54,-250],[97,-237],[198,-284],[71,-59],[203,-67],[185,-147],[3,-82],[59,-67],[10,-58],[-102,-46],[-25,-9],[-61,-73],[-43,8],[-79,-34],[-56,-80],[-63,10],[-164,-34],[-80,-84],[-12,-72],[-80,-66],[-130,22],[-74,-38],[-265,-56],[-154,-76],[-99,-102],[-38,-135],[-90,16],[-126,-62],[-46,-104],[-19,-233],[-52,-33],[-122,5],[-70,-49],[-57,-104],[-77,-351],[-35,-40],[-68,-26],[-34,-55],[-44,-73],[-59,-40],[-54,-139],[-8,-108],[-65,14],[-53,-82],[-93,-82],[-28,-63],[50,-124],[57,-66],[105,-66],[69,6],[5,-50],[-49,-49],[-195,-45],[-102,18],[-155,-39],[-56,20],[-63,87],[-88,-25],[-115,20],[-85,-30],[-57,-59],[-64,22],[-43,60],[-69,37],[-59,7],[-69,-24],[-128,13],[-313,-159],[-92,-142],[-94,1],[-241,-101],[-116,-52],[-86,-114],[-244,-211],[-170,-398],[-127,-193],[-27,-111],[-91,-23],[-126,-96],[-31,-39],[-24,-91],[-118,-67],[-47,-92],[-85,-29],[-71,-67],[-146,1],[-179,289],[-65,56],[-84,33],[-159,-52],[-96,76],[-207,-23],[-90,-86],[-110,-161],[-142,-49],[-26,-9],[-148,19],[-88,78],[-93,-2],[-137,170],[-125,-9],[-334,88],[-73,-3],[-196,56],[-188,-6],[-87,-51],[-150,-32],[-110,27],[-89,85],[-82,0],[-94,88],[-114,26],[-59,-28],[-117,-1],[-36,39],[-61,20],[-140,67],[-268,-22],[-237,98],[-102,-41],[-171,1],[-337,58],[-114,44],[-71,-5],[-261,-275],[-72,-37],[-128,-13],[-131,-141],[-229,-18],[-254,105],[-166,17],[-188,-74],[-171,1],[-238,-58],[-113,-85],[-104,-156],[-178,-189],[-94,-204],[-28,7],[-70,86],[-93,2],[-51,-66],[10,-59],[-25,-82],[19,-42],[-13,-23],[-68,-37],[-63,9],[-283,-59],[-70,117],[-72,61],[-90,9],[-106,92],[-65,7],[-121,225],[-82,99],[-151,20],[-121,45],[-101,298],[-90,75],[-35,170],[-71,100],[-48,199],[8,25],[78,-11],[118,112],[-37,27],[-54,-31],[-62,16],[-16,42],[52,21],[28,67],[-4,51],[-71,22],[-59,108],[-86,44],[-52,-8],[-51,43],[-66,260],[14,69],[232,111],[-60,7],[-44,39],[-90,350],[-81,142],[-142,167],[-397,379],[-195,154],[-73,24],[-258,190],[-504,95],[-101,0],[-100,-33],[-80,24]],[[141431,120570],[0,150],[-19,51],[24,82],[-12,117],[40,185],[-27,76],[27,29],[-2,191],[-40,102],[-36,24],[1,81],[57,67],[13,52],[79,58],[70,90],[24,79],[94,153],[231,111],[124,128],[20,61],[96,140],[2,85],[140,28],[67,-38],[83,4],[23,66],[66,24],[94,-90],[96,-1],[57,92],[27,103],[38,23],[53,84],[-4,72],[94,88],[-41,28],[-119,-5],[-58,-38],[-84,11],[-43,-18],[-48,53],[-42,159],[-3,89],[-38,43],[-46,142],[-94,180],[-24,100],[-87,83],[82,73],[1,19],[-41,14],[74,155],[160,190],[-34,55],[50,175],[42,59],[112,37],[188,129],[91,3],[61,73],[74,31],[18,36],[-11,76],[262,271],[-10,49],[14,51],[-19,72],[-75,99],[-64,30],[-131,-16],[-65,42],[42,158],[-147,91],[-48,70],[14,118],[45,61],[-126,202],[-4,126],[52,74],[37,124],[-144,122],[-18,40],[2,73],[-74,37],[-47,112],[-60,63],[-57,223],[175,-39],[100,-66],[153,-51],[170,26],[230,-86],[61,12],[121,-40],[90,9],[34,21],[70,115],[50,126],[-3,63],[20,48],[90,31],[59,56],[46,36],[30,132],[47,49],[78,190],[-28,128],[-36,32],[-7,60],[-29,73],[-124,67],[-3,177],[62,105],[96,14],[36,38],[59,-11],[97,-12],[33,18],[32,79],[147,52],[41,87],[-76,142],[-7,115],[142,158],[0,108],[-61,61],[144,220],[-18,249],[55,163],[11,94],[43,10],[11,27],[-6,64],[-61,70],[-6,146],[-94,183],[-9,30],[9,34],[15,7],[143,-49],[91,6],[147,150],[2,90],[151,94],[48,68],[111,88],[120,-8],[19,-33],[41,-1],[90,58],[36,-25],[44,10],[2,37],[22,20],[79,13],[77,89],[71,28],[23,74],[75,-28],[47,9],[12,64],[52,36],[35,80],[265,258],[4,50],[-102,168],[-81,89],[-264,109],[-44,-31],[-77,-10],[-89,96],[12,56],[-16,118],[111,187],[51,130],[-89,59],[26,49],[44,83],[-48,86],[-19,10],[-81,-47],[-22,3],[-177,26],[-60,39],[-26,119],[-63,32],[-66,-111],[-201,39],[-39,16],[-28,71],[-45,15],[-64,-43],[-102,20],[-27,17],[-20,63],[-57,49],[-116,0],[-26,-37],[-9,-120],[-29,-40],[-42,-57],[-254,-41],[-110,39],[-135,-81],[4,63],[-33,97],[-86,37],[-65,-63],[-181,12],[3,40],[59,80],[-122,40],[-76,78],[-11,11],[-35,0],[-261,-3],[-26,-37],[-69,-17],[-17,26],[30,113],[13,48],[-24,22],[-40,-57],[-41,-59],[-115,6],[-95,-90],[-85,-13],[-14,-6],[-80,-2],[-27,13],[-43,2],[-43,35],[-25,8],[29,139],[-60,40],[-6,74],[-3,34],[151,153],[164,58],[23,47],[0,91],[-32,47],[-142,9],[17,236],[-50,-37],[-64,14],[-207,-92],[-53,21],[-49,-21],[-82,9],[-49,37],[-141,22],[-70,-46],[-180,23],[-57,-34],[-46,-78],[-150,-45],[-70,-84],[-157,-52],[-101,-64]],[[141172,134034],[-23,57],[9,36],[65,283],[37,272],[87,24],[56,-18],[21,40],[-17,53],[34,15],[43,65],[110,74],[129,34],[130,72],[76,2],[45,119],[-39,28],[-77,-113],[-58,-19],[-84,22],[-155,-54],[-143,43],[45,112],[58,-48],[22,141],[112,-37],[252,186],[-39,42],[-170,-66],[-75,29],[-65,-6],[-55,87],[0,108],[-84,33],[-9,37],[142,42],[58,-21],[-2,-34],[-34,-1],[-31,-62],[84,-12],[14,72],[45,39],[-15,135],[16,50],[135,60],[22,59],[71,65],[59,94],[-76,-74],[-79,-15],[-39,18],[-47,75],[-65,-123],[-30,2],[-26,48],[-30,4],[-55,-39],[-38,-66],[-96,-34],[-64,-68],[-74,-3],[-1,94],[-53,74],[103,132],[75,147],[240,169],[72,20],[20,57],[-150,-36],[-146,50],[-83,-72],[-58,0],[-50,134],[69,85],[-29,116],[23,124],[-50,75],[-52,-15],[-52,42],[-121,-56],[2,79],[90,157],[-7,156],[46,16],[48,61],[50,27],[83,-11],[41,26],[15,47],[-41,26],[-9,39],[67,65],[104,16],[129,-39],[122,63],[115,-12],[20,50],[-9,93],[90,13],[69,45],[128,20],[117,-111],[150,-63],[197,10],[133,-22],[122,68],[119,31],[52,-13],[29,-75],[30,-17],[86,96],[42,10],[74,-61],[44,-99],[45,-35],[78,186],[-141,85],[-78,134],[9,23],[31,76],[51,62],[12,63],[104,-15],[166,98],[82,11],[115,55],[61,-12],[70,128],[131,-3],[206,94],[60,-17],[-1,-99],[-10,-34],[-75,-80],[-2,-35],[58,-2],[25,63],[53,-1],[53,49],[165,35],[131,62],[1,-30],[-80,-83]],[[165514,124417],[-64,-46],[-40,6],[-21,-36],[11,-64],[34,-34],[187,57],[-6,-39],[9,-38],[-29,-37],[-115,-8],[-19,-20],[-2,-79],[40,-76],[225,-143],[163,66],[56,68],[224,-140],[-4,-50],[36,-30],[-37,-34],[-17,-112],[-46,-62],[-63,1],[-30,-37],[-21,-68],[20,-48],[-41,-12],[-24,-43],[-167,-142],[-75,-220],[-74,-109],[-155,-113],[-131,-46],[-127,-109],[-32,6],[-75,121],[-46,28],[-2,63],[-55,60],[-60,12],[-49,-17],[-55,30],[-124,-5],[-87,32],[-86,130],[16,83],[-36,96],[55,96],[-107,111],[-18,20],[-101,46],[-36,-48],[-41,7],[-42,-37],[-87,-19],[-84,-172],[-70,45],[-35,78],[18,45],[-29,50],[-63,-15],[-27,25],[-49,-25],[-14,41],[-25,-28],[-30,5],[22,34],[23,12],[-50,52],[-2,68],[41,57],[202,90],[173,121],[64,1],[58,31],[123,116],[58,22],[38,60],[46,27],[94,55],[54,6],[57,57],[135,15],[241,121],[66,-22],[108,52],[87,-34],[109,18],[116,62],[85,-13],[-25,-33],[-88,-41],[-56,-1]],[[115812,103363],[15,-74],[-32,-51],[-285,-45],[-64,-62],[-305,-113],[-45,-58],[-15,-115],[-39,-38],[-185,-192],[-65,-151],[-354,-211],[-129,35],[-127,-17],[-102,19],[-41,40],[9,84],[-43,63],[9,86],[-62,115],[-71,267],[-2,98],[24,68],[-123,299],[24,20],[209,14],[63,-60],[128,-54],[208,0],[158,-69],[135,16],[89,-22],[106,28],[138,76],[85,90],[106,18],[86,3],[52,33],[234,-105],[163,3],[48,-38]],[[121287,102071],[30,-44],[15,-4],[-4,-35],[45,-32],[7,-97],[-18,-48],[-21,-165],[-11,-61],[-25,-36],[-7,-63],[-33,-23],[-8,-43],[-34,-50],[-45,-9],[-28,-37],[10,-64],[-10,-37],[-19,-27],[18,-44],[-2,-26],[-21,-42],[-16,2],[-31,-48],[-36,-37],[-16,-41],[-28,-31],[-20,0],[-5,-23],[-28,-28],[2,-36],[-20,-34],[-19,-1],[-23,-37],[-66,-46],[-41,-6],[-82,27],[-31,-19],[-46,-14],[-19,13],[-60,-5],[-76,19],[-96,-3],[-22,13],[-83,-1],[-37,-8],[-78,20],[-64,-10],[-33,-29],[-52,-30],[-86,-73],[-84,-44],[-63,-45],[-25,-7],[-81,49],[-33,9],[-62,36],[-96,73],[-51,27],[-67,6],[-6,8],[33,23],[1,45],[19,15],[22,-26],[60,-12],[33,-19],[40,-7],[142,-4],[164,32],[39,21],[138,50],[79,45],[28,25],[35,75],[12,80],[30,69],[28,38],[63,23],[51,48],[19,53],[17,13],[8,43],[26,23],[21,39],[132,64],[50,62],[84,91],[4,23],[67,52],[39,40],[0,52],[111,139],[-6,58],[15,43],[24,-6],[31,21],[51,15],[57,-8],[36,12],[9,-11],[34,16],[39,-23],[56,9]],[[117168,101602],[20,-59],[1,-30],[-45,-96],[-1,-43],[51,-71],[1,-32],[16,-29],[3,-49],[-46,-40],[-11,-65],[21,-21],[18,-40],[-34,19],[-25,-8],[-29,-68],[-25,-29],[17,-47],[-22,-41],[-30,1],[-47,-12],[-28,-31],[-9,-42],[-25,-22],[-36,-3],[-122,19],[-49,-15],[-36,7],[-37,-16],[-41,4],[-46,-18],[-19,-39],[-27,-4],[-49,19],[-36,49],[-28,2],[-57,50],[-43,-4],[-29,72],[-18,7],[-25,44],[-18,12],[-11,35],[-22,14],[-25,52],[-39,32],[-27,51],[-29,172],[-25,67],[37,83],[5,74],[39,38],[22,34],[0,29],[77,-10],[53,19],[25,29],[52,-2],[38,24],[34,8],[41,33],[6,47],[27,31],[-5,15],[28,23],[0,28],[19,16],[-16,47],[25,-13],[37,5],[7,-24],[24,-19],[82,7],[13,-13],[27,-66],[28,-18],[29,-4],[25,-17],[81,-18],[51,3],[101,-87],[16,-33],[58,-3],[41,27],[-1,65],[51,17],[34,-24],[-13,-41],[-31,-25],[-29,4],[-15,-43]],[[122549,102743],[-7,-34],[23,-51],[-5,-29],[-64,-79],[-21,-54],[-2,-40],[-28,-8],[-12,-24],[-31,-14],[-75,-19],[-10,-11],[-53,-7],[-14,-21],[-140,12],[-52,-30],[-49,-2],[-26,-10],[-78,28],[-62,9],[-100,-7],[-38,-48],[-8,-20],[-62,-34],[-17,-21],[-34,-13],[-3,35],[-17,25],[-25,3],[-39,28],[-30,-6],[-29,23],[-48,-3],[-8,16],[13,40],[-5,35],[24,12],[35,-2],[40,38],[50,24],[8,69],[12,44],[13,15],[1,37],[22,45],[46,52],[69,36],[50,18],[32,1],[34,23],[74,-6],[33,-23],[22,19],[38,-1],[22,21],[58,11],[2,25],[42,-6],[18,-28],[39,20],[43,8],[45,-20],[41,-56],[14,-8],[42,6],[55,44],[22,62],[29,25],[32,51],[23,13],[10,24],[42,11],[33,21],[6,-33],[24,-9],[65,-90],[-16,-52],[-35,-64],[-46,-10],[-57,-36]],[[167613,124622],[18,-44],[19,19],[42,5],[-25,-58],[10,-21],[31,19],[6,36],[-3,50],[35,-1],[32,-21],[-11,-11],[-13,-56],[19,-4],[-1,-23],[24,-11],[15,24],[26,-38],[-7,-32],[18,0],[32,-29],[53,0],[28,-11],[-8,-17],[7,-33],[-13,-38],[18,-31],[26,32],[28,-14],[-22,-25],[-14,-50],[21,-58],[37,-57],[19,-48],[-19,-11],[-18,29],[-10,-9],[21,-35],[1,-49],[-19,-24],[5,-19],[-36,-48],[-34,-14],[-57,23],[-18,-1],[-36,34],[-28,0],[-8,22],[-21,2],[-75,65],[-52,38],[-68,36],[-26,22],[-18,32],[-116,79],[-103,40],[-21,-1],[-10,18],[-23,-11],[-70,-6],[-37,-17],[-11,14],[-37,-11],[-49,3],[-43,13],[-23,-5],[-5,14],[15,66],[20,24],[-4,90],[-68,20],[-6,52],[38,22],[34,63],[95,8],[27,-9],[17,12],[38,-6],[10,-20],[25,-11],[3,25],[30,13],[18,-13],[36,5],[22,-20],[29,-6],[25,15],[49,-3],[32,13],[38,-33],[49,12],[39,50],[15,11],[-9,-57]],[[111876,105533],[76,-53],[65,-13],[56,-4],[46,-15],[23,-22],[2,-59],[13,-43],[-8,-49],[16,-82],[14,-17],[11,-53],[-40,-49],[-53,-21],[-32,-41],[-33,-20],[11,-82],[-8,-24],[1,-55],[-20,-21],[-14,-51],[-25,-44],[-43,-36],[-47,-23],[-41,-55],[-64,-42],[-70,-84],[-26,-1],[-24,25],[-17,39],[-1,68],[17,70],[5,48],[-20,105],[-12,13],[-3,36],[-25,40],[14,53],[-13,81],[-34,86],[8,48],[-3,119],[-34,99],[13,54],[17,25],[69,28],[49,46],[38,7],[20,17],[39,-7],[34,22],[30,-16],[1,-20],[22,-27]],[[161840,122515],[37,-42],[23,9],[56,-12],[18,-17],[-6,-35],[-19,-4],[-12,-34],[4,-18],[52,-71],[-7,-18],[-24,7],[-28,-29],[-15,-2],[-20,-37],[-4,-28],[-55,9],[-47,-23],[-25,-96],[-32,2],[-21,-29],[-35,-17],[-37,-29],[-41,9],[-6,-16],[-30,16],[-6,-32],[-31,7],[-31,-34],[-17,-38],[0,-45],[-12,-33],[-1,-38],[-36,23],[-34,-17],[-9,55],[-23,38],[-19,14],[-48,-16],[-21,18],[-14,-7],[-19,31],[-52,15],[-17,-6],[-30,-42],[-13,-4],[-18,38],[-26,13],[1,41],[-19,30],[22,38],[1,21],[34,43],[-35,61],[35,33],[32,-16],[46,-2],[38,9],[40,-15],[13,21],[-24,11],[-19,54],[32,26],[-10,15],[3,39],[46,36],[29,7],[7,14],[33,0],[11,27],[42,22],[5,-27],[31,2],[11,24],[28,9],[16,-14],[25,4],[25,36],[28,-30],[30,16],[1,18],[52,20],[19,-11],[17,21],[10,-30],[28,10],[1,26],[21,4],[52,-6],[-7,-22]],[[112891,103308],[17,-15],[75,-29],[34,-20],[14,-56],[37,-18],[2,-21],[71,-83],[21,-12],[11,-31],[-9,-21],[17,-25],[-19,-59],[3,-29],[-36,-12],[-26,-25],[-50,-5],[-27,-25],[-17,4],[-46,-20],[-26,1],[-27,-15],[-39,-3],[-66,30],[-42,-1],[-18,23],[-39,15],[-2,28],[-32,20],[-1,21],[-39,34],[-14,26],[7,44],[-34,42],[-12,44],[17,49],[23,28],[1,46],[40,35],[7,29],[45,33],[21,28],[24,-10],[65,-1],[18,10],[37,-14],[14,-40]],[[111062,102920],[16,-35],[-1,-27],[12,-34],[-10,-26],[-42,-26],[-16,-3],[-34,-28],[0,-16],[-49,-44],[-16,-28],[-16,-5],[-35,13],[-27,-14],[-30,-71],[-17,-9],[-25,-32],[-18,-64],[-21,-13],[-29,3],[-18,30],[-25,23],[-22,91],[-39,53],[-160,93],[-56,20],[-23,35],[6,32],[22,13],[14,37],[-2,16],[14,18],[60,11],[16,-12],[4,-21],[21,-21],[60,-36],[29,-10],[82,-4],[50,17],[22,16],[49,9],[23,15],[12,24],[-3,34],[49,-1],[47,22],[25,-10],[32,9],[33,-9],[36,-35]],[[161556,121484],[28,-10],[16,-62],[66,-69],[36,-18],[61,35],[27,1],[23,-36],[0,-25],[0,-19],[-42,-29],[-88,19],[-27,33],[-17,15],[-22,18],[-45,28],[-42,9],[-27,-7],[-22,-30],[-96,-60],[-11,18],[7,53],[-3,53],[18,28],[-8,57],[33,32],[23,-26],[18,-3],[-2,28],[33,12],[25,35],[18,-57],[20,-23]],[[160415,126818],[41,-16],[38,1],[-4,-17],[-37,-34],[-43,-22],[-55,-12],[-46,3],[-41,19],[-20,44],[40,10],[6,20],[30,-18],[49,5],[16,17],[26,0]],[[122568,103072],[-52,-43],[-18,10],[-28,-14],[-28,3],[-29,36],[11,15],[53,14],[24,36],[3,29],[42,52],[35,-44],[38,-26],[2,-29],[-30,-5],[-23,-34]],[[145389,116102],[-63,-53],[-14,14],[-13,-1],[-32,33],[-1,68],[-7,18],[44,-4],[86,-75]],[[163771,131607],[-59,5],[-41,20],[-5,15],[17,52],[32,19],[10,23],[18,-5],[16,-26],[-28,-30],[10,-30],[39,-33],[-9,-10]],[[164948,122311],[8,-16],[-17,-38],[-19,-8],[-48,25],[3,18],[-27,15],[27,25],[11,-27],[15,0],[37,33],[0,27],[54,-32],[-14,-24],[-30,2]],[[150537,113415],[-54,-2],[-35,62],[53,76],[36,-136],[0,0]],[[122621,103456],[-40,5],[-16,14],[3,32],[33,32],[44,-1],[28,-50],[-52,-32]],[[141600,135941],[2,-26],[34,-8],[-19,-31],[5,-18],[-22,-11],[-7,-39],[-17,-2],[-12,23],[38,67],[-31,17],[-1,15],[30,13]],[[143576,118150],[-11,2],[-29,105],[-28,34],[26,9],[29,-28],[11,-55],[16,-25],[-14,-42]],[[141387,135474],[-55,-95],[-15,21],[24,22],[-4,31],[24,15],[13,23],[13,-17]],[[121454,101974],[-17,-10],[-19,19],[-10,36],[66,18],[-20,-63]],[[145462,116078],[-48,-9],[-8,13],[64,40],[18,-22],[-26,-22]],[[141324,134981],[-29,0],[19,28],[6,46],[-17,29],[11,7],[21,-25],[-11,-85]],[[163701,123657],[-40,-33],[-20,9],[36,38],[32,8],[-8,-22]],[[141279,135721],[-17,-13],[-16,38],[12,24],[19,-13],[2,-36]],[[141851,135410],[-28,-18],[-11,27],[16,17],[19,-7],[4,-19]],[[162065,122318],[-6,-45],[-23,4],[-5,33],[34,8]],[[164989,122427],[-14,-46],[-24,20],[15,32],[23,-6]],[[141828,136021],[-28,-37],[-14,29],[15,21],[27,-13]],[[156412,119175],[-6,-16],[-26,20],[2,32],[17,3],[13,-39]],[[156332,119281],[-17,-28],[-22,31],[22,28],[17,-31]],[[161054,121935],[-18,-17],[-33,21],[27,23],[24,-27]],[[122497,103221],[-26,2],[11,41],[30,4],[-15,-47]],[[161517,121653],[-31,-14],[-6,19],[17,39],[20,-44]],[[161637,121675],[-31,-14],[-9,26],[15,18],[26,-15],[-1,-15]],[[142202,138033],[-34,-2],[-5,35],[32,-4],[7,-29]],[[156412,119379],[-15,-5],[-12,27],[17,30],[14,-14],[-4,-38]],[[141322,134933],[-37,-17],[-7,15],[15,33],[29,-31]],[[161107,122246],[-13,-25],[-23,34],[29,26],[7,-35]],[[199392,207237],[-318,-432],[-52,-70],[65,-60],[182,48],[147,-18],[22,-385],[-103,-577],[476,-831],[802,-158],[571,-612],[483,-247],[40,-426],[-51,-139],[-60,-274],[-49,-124],[14,-47],[-83,-107],[5,-102],[-213,-837],[-7,-134],[21,-90],[67,-142],[107,-142],[18,-44],[73,-42],[311,-283],[69,-99],[36,-17],[117,-122],[193,-250],[279,-393],[353,-297],[55,-80],[122,-197],[43,-96],[41,-34],[117,-183],[174,-347],[88,-201],[-7,-17],[-146,27],[-70,-63],[-201,-187],[56,-63],[159,-95],[-64,-203],[22,-155],[87,-250],[-74,-228],[5,-48],[60,-58],[202,28],[77,-17],[27,-40],[-20,-142],[80,-89],[-39,-52],[-108,-46],[-15,-23],[-67,-105],[21,-159],[78,-199],[68,-112],[85,-76],[29,-65],[65,-44],[339,98],[73,-35],[8,-23],[-20,-70],[10,-34],[166,-198],[-1,-51],[-65,-65],[-36,-77],[3,-36],[38,-116],[60,-69],[79,-120],[44,-142],[105,-73],[132,-9],[193,-69],[28,-39],[13,-18],[28,-18],[120,1],[60,-83],[-10,-80],[30,-32],[116,-122],[29,-83],[6,-66],[9,-83],[-51,-239],[-25,-65],[-42,-132],[-2,-254],[-284,-276],[443,-297],[53,-63],[186,-63],[186,-167],[309,-41],[104,-14],[116,-73],[102,-6],[104,-107],[59,0],[177,-62],[53,-43],[90,-31],[149,-282],[110,-51],[37,-17],[55,-47],[93,-30],[18,-56],[75,-18],[171,-192],[-50,-329],[14,-45],[-25,-27],[11,-238],[24,-122],[-21,-45],[-1,-14],[-24,-389],[-38,-60],[0,-130],[-147,-340],[10,-92],[-61,-36],[-58,-104],[-75,-208],[-84,-55],[-7,-35],[11,-67],[-14,-86],[-207,-565],[5,-82],[-35,-43],[-90,-245],[-60,-120],[-8,-162],[-174,-351],[-42,-174],[-5,-87],[-75,-180],[-50,-82],[-104,-51],[12,-98],[-35,-92],[-83,-221],[-60,-274],[-43,-62],[-194,-265],[-41,-91],[-142,-128],[-12,-89],[-68,-156],[4,-172],[-16,-92],[-177,-57],[-184,-331],[-80,-212],[-60,-55],[-28,-108],[-134,-239],[-108,-216],[-23,-78],[12,-47],[-42,-48],[-94,48],[-11,-71],[40,-115],[-2,-37],[-127,-51],[-58,36],[6,-60],[-42,-17],[-98,30],[-11,-28],[12,-55],[-13,-16],[-138,37],[-32,36],[-198,-13],[-64,72],[-25,-70],[-75,12],[-65,-41],[-40,4],[-18,-74],[-53,-74],[14,-85],[-78,27],[-119,-69],[-62,12],[-25,-67],[-56,-56],[-83,36],[-54,-13],[3,-24],[55,-6],[33,-36],[-75,-76],[-26,-54],[-48,47],[35,34],[1,51],[-178,115],[25,-137],[-4,-85],[54,-48],[92,-41],[17,-42],[-91,11],[-33,-27],[-49,44],[-14,49],[-28,18],[-78,-59],[-107,94],[-11,-67],[-61,-21],[5,-50],[-15,-20],[-320,164],[8,-37],[68,-69],[55,-97],[113,-117],[-16,-44],[-48,-20],[-106,95],[-124,30],[13,-157],[66,-132],[13,-73],[-103,88],[-102,37],[-3,-22],[53,-60],[-38,-46],[-22,-9],[-86,37],[-86,86],[-52,87],[-97,-84],[-14,-125],[-70,-140],[-24,-6],[-97,48],[-161,-57],[-26,-54],[36,-10],[1,-37],[-50,24],[-55,-105],[-81,-38],[-25,-111],[-114,105],[-61,-117],[-101,44],[-19,-26],[-26,34],[-24,-67],[-87,-90],[-28,-70],[-118,27],[22,-118],[-11,-84],[-111,-209],[-73,-77],[-27,15],[-15,88],[-93,-10],[-19,113],[-45,28],[-57,-83],[-103,-27],[-41,-48],[-152,-67],[-59,4],[-152,-136],[22,-22],[84,5],[-24,-86],[-96,-7],[-67,66],[-116,-73],[-36,-98],[-311,-167],[-67,-70],[-28,30],[5,53],[-80,37],[-111,-112],[-3,-112],[-20,-38],[-366,-112],[7,57],[161,146],[23,54],[50,-13],[29,44],[-47,112],[-61,5],[-33,108],[-50,-41],[37,-114],[-11,-52],[-28,-34],[-77,48],[-30,-76],[-76,0],[-143,158],[-15,48],[6,18],[65,-70],[188,57],[4,36],[-21,93],[22,65],[-48,64],[19,64],[-24,49],[-59,-4],[-93,45],[-69,87],[-7,62],[10,63],[89,211],[-8,75],[-39,11],[-102,-74],[-56,-129],[-45,-11],[-19,-35],[86,2],[81,172],[35,22],[23,-22],[-12,-76],[-78,-202],[-1,-88],[32,-95],[3,-59],[-67,-151],[-8,-126],[-42,-61],[-94,-25],[-124,40],[-96,-62],[-154,14],[-36,71],[-3,83],[36,48],[65,12],[-42,141],[-37,55],[-7,54],[36,113],[55,-28],[28,48],[-5,70],[-11,2],[-12,-44],[-6,43],[-43,12],[-20,42],[96,243],[1,59],[-80,-22],[-41,-46],[-10,-116],[-75,-240],[-86,-21],[-24,-38],[-30,-57],[-75,-48],[-56,58],[-26,15],[-61,44],[55,50],[6,33],[-94,-4],[-23,22],[-7,46],[30,59],[209,65],[15,75],[-10,35],[-34,27],[-9,-55],[-23,-32],[-81,-38],[-65,8],[-31,33],[9,75],[-44,64],[-23,78],[-75,-1],[-42,-59],[-91,4],[-37,27],[-18,45],[39,11],[41,4],[10,44],[-73,77],[-24,21],[-35,-9],[-50,43],[-20,-38],[53,-141],[128,-165],[96,-120],[-32,-49],[-30,-15],[-5,-2],[3,-15],[5,0],[47,-5],[28,-27],[-49,-113],[-97,-3],[-12,28],[19,62],[-9,41],[-111,58],[-54,68],[4,97],[-39,34],[-9,80],[8,54],[-38,56],[-9,199],[-12,130],[-33,-12],[-59,-79],[-4,-57],[-2,-37],[-36,30],[-14,6],[-11,-3],[-5,-7],[-22,-122],[-8,-52],[-82,-73],[-35,45],[-14,57],[-6,28],[-27,-6],[-43,83],[-4,0],[-36,-14],[-10,6],[-57,39],[-46,70],[-5,61],[-122,113],[4,83],[6,156],[-28,99],[-85,4],[-44,3],[-47,-29],[-45,50],[-48,54],[-20,61],[30,44],[5,37],[2,16],[64,33],[21,35],[-7,64],[-24,26],[-43,37],[21,50],[59,-40],[47,-33],[33,-22],[47,-67],[47,-10],[-28,91],[-18,21],[-95,111],[-71,125],[-25,45],[16,9],[15,8],[130,-72],[-13,80],[33,78],[-22,132],[-44,140],[48,32],[-20,74],[79,23],[-46,84],[3,78],[23,36],[2,38],[-101,240],[31,29],[29,23],[11,40],[-90,115],[61,37],[25,49],[-121,88],[-33,42],[-11,44],[37,27],[147,-61],[37,29],[-205,285],[-20,72],[15,71],[-151,121],[8,28],[34,13],[5,45],[-57,70],[-114,217],[-123,55],[-39,87],[-39,46],[-13,192],[-30,117],[10,64],[38,50],[17,191],[-38,85],[-56,16],[-13,79],[-24,61],[7,70],[-12,47],[-103,73],[-37,-90],[-44,177],[-12,-32],[6,-94],[-23,0],[-41,197],[-61,75],[-44,129],[34,79],[6,131],[-68,48],[-56,-13],[-24,42],[-5,113],[59,154],[-7,41],[-35,75],[-4,51],[79,97],[50,164],[90,19],[56,65],[49,217],[-2,25],[-20,28],[11,18],[-3,74],[15,97],[65,74],[56,-46],[33,4],[-125,174],[-43,-15],[-19,18],[-7,51],[9,99],[-11,107],[16,91],[25,8],[55,-61],[74,-29],[82,40],[92,111],[83,25],[67,-27],[62,3],[31,-52],[-23,-110],[27,-42],[50,187],[118,12],[33,25],[19,47],[-38,29],[-51,-37],[-83,19],[-38,-23],[-50,28],[-20,42],[-9,79],[-33,57],[32,94],[76,-8],[-14,-105],[44,-68],[29,47],[141,29],[61,-83],[54,43],[78,22],[6,61],[-15,52],[-194,187],[-35,51],[-9,43],[98,69],[-23,115],[33,115],[28,-22],[74,-135],[23,-18],[18,13],[15,93],[-1,107],[-33,85],[0,42],[56,143],[50,66],[20,74],[67,-5],[33,47],[-37,99],[5,87],[-32,79],[3,51],[19,32],[11,14],[83,35],[80,-19],[25,13],[-2,41],[-83,28],[3,-26],[-27,9],[11,36],[0,64],[123,-10],[40,-49],[28,-106],[43,-44],[16,-65],[28,15],[-33,99],[30,17],[-13,52],[9,50],[35,28],[44,-29],[11,14],[-36,86],[32,-9],[10,53],[180,39],[11,21],[-17,51],[32,-13],[61,-27],[23,62],[-35,78],[7,30],[-48,194],[12,71],[2,12],[32,5],[11,-9],[56,-41],[98,-20],[44,32],[31,-4],[-11,62],[-9,12],[-32,48],[-14,50],[42,41],[53,178],[-24,91],[103,73],[30,127],[60,50],[11,105],[42,86],[31,138],[53,51],[25,78],[139,190],[2,81],[87,68],[-12,167],[6,157],[35,111],[44,36],[45,95],[-12,113],[-31,74],[2,32],[66,48],[47,-23],[38,161],[107,67],[126,24],[40,72],[127,60],[124,-27],[60,-56],[72,-23],[62,-50],[27,49],[1,115],[-197,106],[-45,62],[-3,56],[109,33],[157,-85],[48,36],[-16,41],[-81,70],[-35,105],[-65,110],[-26,8],[-35,-40],[-18,70],[-119,81],[-7,52],[24,91],[-7,76],[19,55],[-16,46],[-37,34],[-14,67],[-64,98],[17,61],[-38,102],[59,94],[-34,101],[-204,211],[-61,16],[-50,-13],[-53,62],[-34,41],[-34,1],[-17,34],[-122,12],[-76,65],[-66,-13],[-26,-36],[-48,16],[-36,-87],[-40,-1],[-17,21],[-6,45],[-73,61],[11,27],[-18,28],[-152,72],[-87,-18],[-40,67],[-120,45],[-91,-26],[-6,-74],[-60,-46],[-18,21],[-23,61],[6,41],[-9,34]],[[196719,197334],[-47,87],[0,56],[-48,79],[-20,61],[-94,87],[-38,116],[-152,175],[-22,77],[-55,129],[-222,64],[-67,84],[-11,42],[-38,36],[-13,48],[-37,59],[-19,142],[11,94],[-68,97],[-12,77],[25,59],[30,23],[1,83],[59,43],[-11,53],[59,80],[7,62],[-13,87],[-42,118],[1,179],[-50,104],[27,37],[-10,59],[72,-10],[-6,106],[-99,147],[-93,83],[-35,98],[-34,14],[-62,76],[-69,53],[-104,120],[-41,92],[-123,137],[-25,28],[11,34],[9,27],[-2,44],[-28,24],[-24,22],[-8,96],[4,7],[150,89],[20,153],[-41,34],[-42,88],[17,62],[-2,67],[-58,27],[-49,-12],[-111,17],[-26,4],[-53,-47],[-93,37],[-29,44],[0,36],[52,112],[-25,72],[44,24],[19,55],[-9,101],[-78,99],[-46,117],[-21,86],[-14,124],[-37,96],[-9,66],[12,113],[50,48],[55,69],[8,74],[-27,48],[-84,23],[-62,77],[-169,85],[-91,138],[-28,73],[-30,43],[-45,13],[-102,-72],[-26,48],[-13,68],[2,46],[-19,30],[-10,66],[-13,30],[-81,54],[-38,90],[-112,57],[-32,3],[-26,2],[-83,56],[-24,57],[-42,13],[-61,-25],[-107,68],[-23,34],[-58,-30],[-121,33],[-53,46],[-69,-60],[-22,82],[-9,9],[-193,-62],[-40,19],[-9,-2],[-63,-7],[-42,51],[-28,78],[-132,114],[-59,15],[-131,-16],[-20,27],[-11,66],[-60,46],[-47,36],[-206,49],[-18,30],[-33,120],[-27,34],[-88,-14],[-18,23],[-79,102],[-263,176],[-114,-11],[-14,36],[-48,64],[37,54],[2,30],[-8,23],[-45,35],[-35,27],[-55,68],[-137,44],[-129,17]],[[191086,205461],[102,131],[42,54],[376,-163],[17,181],[-57,47],[-97,167],[-6,88],[75,130],[155,165],[362,-40],[37,-41],[241,-269],[185,-179],[22,-25],[47,-52],[13,-15],[10,-10],[12,-13],[53,-60],[36,-39],[60,-69],[47,-107],[191,-215],[101,-286],[143,96],[299,-100],[141,27],[106,20],[166,-133],[233,218],[227,88],[32,130],[6,191],[93,70],[110,-4],[120,-101],[75,33],[25,-91],[117,-54],[377,-45],[188,-75],[141,-180],[43,-18],[7,142],[137,80],[23,50],[-58,297],[0,127],[85,190],[98,125],[66,53],[67,-30],[55,1],[26,26],[21,54],[8,72],[9,82],[-5,73],[32,79],[-5,29],[-31,29],[-19,64],[-35,49],[-27,86],[-4,86],[-85,144],[4,38],[-31,103],[17,85],[-26,90],[5,30],[11,89],[22,26],[-8,39],[12,56],[-34,38],[-22,24],[-2,127],[18,38],[-23,41],[0,17],[0,76],[-43,52],[68,83],[12,103],[-44,98],[-65,27],[-7,25],[16,41],[10,24],[39,97],[47,14],[62,60],[10,54],[19,20],[1,39],[34,69],[-9,55],[99,132],[8,84],[-14,50],[24,52],[0,24],[1,39],[175,112],[58,-36],[112,66],[45,-60],[77,31],[44,-25],[49,-27],[57,54],[14,13],[13,12],[124,94],[2,17],[-33,37],[0,17],[63,47],[41,83],[88,43],[3,97],[34,50],[61,28],[77,-13],[118,81],[57,39],[101,-207],[217,-181],[11,-9],[202,-62],[23,-89],[86,-58],[237,-44],[553,-97],[11,-10],[11,-18],[72,-114],[246,-323],[40,-52],[-33,-204],[-6,-37],[-95,-243],[-127,-329],[39,-136],[31,-167],[74,-77],[92,-46]],[[196471,191510],[14,-17],[11,16],[-1,15],[-24,-14]],[[194213,181611],[25,-46],[30,27],[44,-46],[120,5],[76,-58],[61,1],[23,-34],[12,-68],[87,-37],[4,-81],[-17,-51],[20,-37],[36,-22],[-81,-46],[-44,-61],[-71,24],[-74,-40],[-50,104],[-28,70],[14,137],[-16,38],[-15,-125],[-29,-23],[38,-82],[1,-20],[2,-32],[-1,-90],[52,20],[1,-128],[32,-45],[5,-29],[-75,-43],[-31,32],[-20,-4],[25,-97],[-10,-60],[-48,109],[-8,-19],[-34,10],[-9,39],[-48,-54],[-35,-3],[-42,33],[-35,-38],[-29,7],[-49,91],[-37,68],[-51,159],[-51,60],[-18,99],[-27,24],[18,33],[50,-17],[8,46],[20,-30],[24,-7],[23,-6],[17,36],[-24,78],[65,-16],[-6,-163],[47,-105],[15,-29],[17,-12],[2,46],[-18,47],[0,49],[55,-20],[29,116],[-48,38],[-14,-38],[7,-56],[-30,24],[-17,59],[25,70],[-40,55],[-14,-25],[-20,6],[-15,111],[-26,43],[130,80],[95,-51]],[[198027,195486],[10,-25],[17,14],[29,-1],[31,9],[53,-3],[36,12],[22,-5],[22,-19],[-1,-20],[-45,-34],[-42,-5],[-27,2],[-40,-11],[-25,28],[-12,3],[-47,-7],[-27,11],[-9,-45],[6,-16],[16,7],[12,-9],[5,-20],[24,-6],[34,-50],[-4,-42],[21,-43],[-5,-9],[-34,-23],[-20,-38],[-24,-8],[-14,-15],[-8,-23],[-15,8],[4,19],[-13,20],[-28,13],[-4,22],[-14,23],[-21,-9],[5,-24],[-16,-23],[-46,-11],[-41,21],[-16,16],[-7,27],[-41,20],[-15,15],[-17,47],[-12,12],[-15,31],[22,33],[6,39],[33,41],[15,26],[131,35],[75,46],[73,-21],[9,-8],[12,-19],[-18,-8]],[[194502,189786],[44,-4],[6,68],[42,42],[20,-6],[7,-25],[-2,-28],[20,10],[1,21],[12,2],[6,-41],[-40,-67],[0,-69],[50,-17],[25,71],[44,-1],[78,68],[85,-65],[14,-72],[21,-42],[-8,-36],[-33,14],[-41,-46],[-33,53],[-32,-74],[-1,-62],[-30,-19],[-72,17],[-54,67],[-11,-26],[-33,-4],[-41,52],[-25,77],[-71,77],[12,19],[-21,25],[-10,49],[34,22],[10,36],[27,17],[-2,39],[19,42],[34,17],[-2,14],[-25,10],[9,57],[41,33],[23,-8],[-8,-110],[-35,-42],[-32,-96],[-6,-29],[-19,-16],[3,-14]],[[197236,181558],[61,-71],[-56,-45],[-19,-62],[5,-42],[-61,-63],[-28,3],[-5,1],[-11,3],[-4,14],[9,14],[4,7],[12,19],[-2,41],[-21,5],[-112,21],[-90,-79],[16,-26],[42,48],[37,-2],[-23,-82],[-219,37],[14,137],[101,62],[176,30],[-2,-50],[43,-7],[133,87]],[[196303,182291],[-8,-91],[-22,-44],[-35,4],[-26,29],[-19,-20],[-25,61],[-73,55],[-32,25],[-26,20],[-37,30],[-12,26],[-21,43],[-9,27],[-36,1],[-27,1],[-15,20],[-10,13],[3,24],[6,40],[22,28],[31,41],[38,-8],[18,-51],[10,-8],[31,-25],[2,-36],[55,-48],[35,-5],[13,-17],[11,-15],[39,-51],[114,-17],[17,-22],[7,-10],[-19,-20]],[[193857,181170],[16,-61],[37,-41],[41,-97],[1,-40],[-83,10],[-53,61],[-5,-7],[17,-90],[18,-26],[-37,-30],[-45,3],[-51,77],[-7,67],[17,41],[-10,33],[-30,31],[-45,-15],[-9,32],[6,33],[65,-20],[66,73],[3,46],[14,28],[39,-67],[35,-41]],[[194570,180824],[38,-22],[38,7],[18,-16],[24,-3],[30,14],[14,-22],[-6,-31],[10,-17],[-3,-40],[2,-32],[1,-25],[15,-24],[27,-19],[-21,-27],[-12,-53],[-24,-34],[-10,19],[13,20],[-9,10],[-7,49],[-23,19],[-13,-47],[-9,-9],[-20,11],[-23,-5],[-8,13],[9,19],[-12,30],[-26,31],[-23,29],[-15,3],[-14,-22],[-30,-3],[-13,12],[-40,53],[-41,1],[-9,11],[5,30],[35,32],[34,-27],[35,-11],[11,20],[-10,26],[14,3],[12,41],[36,-14]],[[195090,180797],[9,-4],[50,25],[28,-27],[35,6],[32,6],[46,-41],[-20,-66],[-38,-23],[-59,-17],[-38,39],[-27,-15],[-10,-5],[-7,39],[-10,13],[-8,-16],[-30,-49],[36,-40],[-4,-34],[-189,-60],[19,127],[64,-6],[15,49],[-21,28],[50,23],[22,71],[55,-23]],[[196692,181268],[21,-89],[33,4],[8,-37],[-21,-11],[-9,-26],[-73,36],[-1,20],[-12,6],[-107,-13],[-39,-28],[-18,14],[22,27],[4,106],[65,81],[44,20],[18,44],[41,-6],[14,-42],[39,-21],[2,-45],[-31,-40]],[[194797,190055],[16,-57],[-28,-110],[-16,-49],[-17,-10],[-11,8],[-4,62],[-69,-20],[-17,51],[-38,7],[-6,62],[47,7],[51,48],[92,1]],[[196286,181388],[8,-5],[22,32],[2,37],[2,21],[27,21],[23,-19],[7,-13],[20,-46],[-13,-54],[-50,-44],[-101,4],[-19,29],[-8,-2],[-26,-10],[-61,30],[-10,5],[6,28],[61,16],[3,12],[4,20],[-9,28],[10,3],[29,6],[21,-29],[25,-15],[26,-15],[1,-40]],[[195927,182376],[10,-7],[85,-55],[20,-37],[6,-45],[9,-13],[26,-24],[20,-14],[-4,-16],[-10,-3],[-21,-7],[-55,-6],[-37,43],[-4,-27],[-10,-16],[-24,21],[21,72],[21,3],[6,23],[-11,33],[-25,-9],[-11,-5],[-2,-22],[-16,9],[1,23],[10,2],[-5,37],[-14,9],[-13,27],[-2,-1],[-1,4],[-24,18],[-11,19],[-29,38],[13,10],[43,-39],[38,-45]],[[194970,189287],[28,-36],[-8,-38],[11,-47],[-13,-26],[22,-23],[-14,-12],[-2,-23],[-13,5],[0,-27],[13,-26],[-7,-14],[-36,10],[-18,-12],[-41,17],[-5,20],[3,8],[37,-13],[3,39],[37,-6],[-2,21],[-25,-1],[-10,9],[-40,8],[-14,30],[18,16],[-10,30],[24,25],[22,-44],[-21,-1],[8,-18],[27,6],[6,24],[-7,53],[-17,20],[-24,-9],[1,31],[29,9],[38,-5]],[[194714,181028],[34,-62],[14,53],[39,-29],[20,-91],[-9,-17],[-14,-55],[15,-41],[-27,-25],[-80,67],[-3,38],[7,28],[-15,48],[28,5],[-17,41],[8,40]],[[202124,182560],[-3,-51],[-49,31],[-1,38],[-28,15],[-45,64],[-13,83],[30,41],[36,-65],[81,-57],[22,-41],[-30,-58]],[[202443,182997],[50,-22],[12,4],[27,-13],[2,-26],[28,-12],[9,-56],[-5,-15],[45,-14],[1,-19],[-28,-9],[-6,-20],[7,-16],[-32,-8],[-24,18],[-25,-21],[-19,27],[4,20],[-18,41],[12,12],[18,-8],[-14,47],[-51,65],[7,25]],[[196676,182305],[10,-86],[-51,18],[-3,-68],[-29,-13],[-11,21],[-6,129],[38,66],[-3,29],[13,18],[43,-2],[25,-32],[-26,-80]],[[194888,181421],[8,-58],[-3,-19],[49,-62],[-22,-64],[-12,-34],[-8,-25],[-11,22],[-13,31],[-13,27],[-51,12],[-6,32],[10,68],[-1,27],[49,-8],[-7,62],[9,8],[22,-19]],[[194696,189074],[46,-42],[-23,-37],[16,-44],[23,-84],[-36,17],[-24,-35],[-41,29],[-7,29],[12,20],[-13,11],[-28,59],[17,23],[54,-19],[-6,23],[-21,0],[-12,18],[14,20],[17,-20],[12,32]],[[195875,180536],[2,-22],[-67,-10],[-20,-12],[0,-37],[-26,-10],[-19,14],[-45,18],[-16,22],[8,19],[16,40],[5,-14],[26,10],[17,-26],[10,-13],[16,17],[-23,36],[2,30],[58,24],[54,-26],[-6,-51],[8,-9]],[[195178,189999],[82,-26],[19,-43],[23,-20],[2,-18],[-28,-19],[-27,11],[-48,72],[-18,12],[0,-15],[-14,-59],[7,-68],[-17,-17],[-35,44],[-3,90],[15,35],[42,21]],[[197665,181577],[10,-18],[-13,-21],[-2,-29],[-22,-1],[-12,-13],[8,-45],[-12,-15],[3,-21],[-11,-13],[3,-19],[-25,9],[-9,57],[-14,6],[-12,26],[7,15],[-5,33],[16,32],[14,-1],[15,22],[20,9],[14,18],[38,14],[-1,-35],[-10,-10]],[[196111,191543],[28,-32],[-6,-26],[-19,24],[3,-20],[19,-25],[20,-7],[5,-17],[-16,-26],[-52,87],[-25,-1],[-4,-46],[15,-9],[14,11],[-1,22],[15,-20],[15,-33],[-23,-7],[-3,-29],[14,-13],[6,-26],[-13,-1],[-12,33],[-6,-17],[-13,-3],[0,-18],[-17,15],[-8,30],[5,47],[-9,27],[7,18],[-17,42],[14,14],[45,-12],[-12,55],[6,11],[16,-21],[9,-27]],[[198531,181451],[-10,-24],[-47,-2],[-68,-57],[-40,11],[-3,16],[30,10],[4,43],[2,21],[19,35],[41,19],[47,-3],[8,-30],[8,-19],[9,-20]],[[195477,181339],[-10,-25],[-31,1],[-14,16],[-49,66],[9,39],[4,13],[36,27],[40,-28],[33,-24],[9,-41],[-27,-44]],[[194777,188638],[47,-20],[-6,-45],[-28,-22],[-70,-22],[-19,8],[-28,-15],[-12,13],[6,33],[31,8],[2,23],[-9,17],[30,12],[11,-6],[6,25],[20,-11],[19,2]],[[203951,183417],[-12,-12],[-27,5],[-16,21],[-81,114],[31,74],[24,-39],[-2,-72],[56,-22],[21,-43],[6,-26]],[[198486,181371],[3,-15],[-16,-5],[17,-32],[-2,-25],[-33,-29],[14,-18],[-18,-26],[12,-27],[-33,-11],[-11,18],[-1,53],[-15,13],[4,23],[37,-21],[7,18],[-9,26],[-42,-6],[-10,9],[21,28],[23,15],[24,1],[8,14],[20,-3]],[[197838,181010],[20,-20],[9,35],[-12,19],[7,19],[21,-18],[5,-33],[13,-23],[-37,-42],[-6,-25],[10,-62],[-22,-22],[-21,33],[-10,37],[22,42],[-2,49],[-17,-3],[0,45],[5,19],[24,-26],[-9,-24]],[[196673,181841],[10,-40],[-5,-8],[-34,33],[1,-44],[-32,3],[-18,54],[-22,22],[11,11],[-19,46],[30,6],[18,-22],[28,-6],[-1,-14],[33,-41]],[[203686,183566],[17,-12],[18,-35],[2,-19],[-20,-18],[-27,13],[-10,16],[-27,1],[-3,-19],[-18,11],[1,16],[-14,14],[-2,28],[15,-17],[9,6],[-11,20],[22,30],[48,-15],[0,-20]],[[196572,181477],[-35,-15],[-14,11],[-1,13],[-1,19],[8,82],[2,21],[8,4],[9,4],[11,-1],[15,-21],[-8,-27],[34,-4],[6,-29],[-21,-19],[-7,-20],[-6,-18]],[[195107,180938],[9,-11],[15,12],[60,-11],[0,-51],[29,7],[15,44],[20,-31],[-16,-37],[-76,-11],[-75,67],[19,22]],[[197814,180825],[27,-14],[-7,-13],[-26,9],[-22,-15],[-7,10],[0,17],[-51,83],[4,112],[21,22],[9,-13],[-10,-64],[27,-48],[-3,-27],[38,-59]],[[198019,181060],[12,-55],[44,-52],[-25,-17],[-11,9],[2,27],[-27,-12],[-11,-19],[-45,38],[-5,14],[-3,39],[18,15],[32,0],[19,13]],[[194748,188791],[25,-29],[14,22],[13,-14],[-5,-30],[26,-50],[2,-36],[-48,25],[-4,30],[-51,48],[-6,27],[17,15],[-3,24],[20,-9],[0,-23]],[[202397,182627],[35,-5],[4,12],[29,-10],[28,-20],[-3,-23],[-30,4],[0,-9],[-30,-9],[-28,-25],[-5,-15],[-26,20],[-2,76],[28,4]],[[195378,181584],[-23,-43],[-14,-2],[-12,55],[5,34],[21,45],[31,18],[19,-30],[-5,-25],[6,-22],[-6,-25],[-22,-5]],[[198139,180986],[36,-4],[6,-25],[-12,-12],[-43,-13],[-19,13],[0,28],[-10,-4],[-15,17],[19,22],[-15,44],[10,27],[45,-33],[17,-33],[-27,-10],[8,-17]],[[195021,188866],[-21,-15],[4,-17],[-8,-26],[-7,8],[-9,38],[-19,-3],[-24,11],[-1,24],[28,46],[-7,15],[14,16],[-10,24],[7,25],[19,-27],[-6,-44],[16,-45],[17,-1],[7,-29]],[[197294,197083],[24,-30],[3,-15],[-14,1],[-7,-14],[9,-16],[-51,-15],[-35,15],[-7,15],[17,22],[26,4],[20,21],[9,27],[-1,35],[11,8],[8,-15],[-2,-30],[-10,-13]],[[198000,180692],[-101,-31],[4,23],[57,50],[6,29],[34,35],[17,8],[5,-13],[-21,-37],[8,-13],[3,-24],[-12,-27]],[[195769,182069],[5,-54],[-14,-48],[-11,-9],[-36,68],[7,20],[14,-2],[-3,25],[-52,28],[-7,15],[4,11],[24,-1],[32,-16],[20,-33],[17,-4]],[[194767,181563],[13,-8],[-2,23],[40,-2],[13,-18],[10,10],[6,-23],[-7,-18],[-26,-1],[-42,15],[-15,-35],[-25,-2],[-16,25],[8,25],[29,39],[10,-3],[4,-27]],[[196302,181559],[9,-55],[-34,7],[-15,-32],[-30,28],[27,48],[2,45],[61,4],[4,-14],[-24,-31]],[[195846,184065],[-46,-35],[-16,4],[-16,24],[-6,23],[36,70],[23,-9],[-2,-45],[26,-18],[1,-14]],[[195362,181010],[-3,-43],[-21,-3],[-22,17],[-5,19],[-10,7],[-17,11],[-6,23],[5,23],[8,5],[15,10],[19,-11],[21,-25],[16,-33]],[[196153,181849],[9,-29],[13,3],[14,-33],[-6,-15],[-27,-1],[-70,51],[21,50],[33,-12],[13,-14]],[[194781,187743],[10,-44],[-18,-2],[-23,19],[-12,37],[-3,27],[6,44],[14,2],[26,-19],[6,-45],[-6,-19]],[[196020,190768],[-39,-81],[-16,26],[20,75],[-36,61],[10,21],[61,-102]],[[195362,181210],[-39,-20],[-31,24],[-4,26],[7,34],[5,25],[35,-19],[0,0],[12,-31],[15,-39]],[[198527,181211],[-4,-11],[-23,6],[11,95],[26,26],[24,-17],[6,-22],[-40,-77]],[[194709,188226],[-14,-50],[-24,3],[-12,17],[-14,62],[1,17],[37,0],[26,-49]],[[194809,181141],[-16,-10],[-24,3],[-4,-49],[-24,-23],[-16,22],[7,17],[22,16],[0,25],[22,55],[4,8],[26,2],[-2,-6],[-5,-20],[16,-18],[-6,-22]],[[195799,185331],[-1,-25],[-18,2],[0,-25],[-44,5],[-9,-21],[-16,16],[12,18],[-5,44],[41,4],[40,-18]],[[202864,183003],[-43,-19],[-61,54],[-6,18],[10,7],[45,-7],[53,-39],[2,-14]],[[195900,190882],[-7,-36],[-12,19],[7,29],[-11,18],[-17,2],[-7,27],[3,31],[35,-9],[17,-20],[4,-43],[-12,-18]],[[195614,181619],[5,-47],[-20,4],[-17,27],[-20,47],[10,29],[11,4],[-8,20],[34,-9],[-3,-31],[-14,-4],[22,-40]],[[196515,182006],[-17,-22],[-10,49],[-4,33],[20,46],[6,13],[8,-10],[9,-11],[9,-50],[-21,-17],[0,-31]],[[196239,181859],[-3,-26],[-47,26],[-22,34],[12,29],[44,-15],[16,-48]],[[197558,181402],[-26,-26],[-11,11],[-38,-8],[-5,7],[3,11],[33,14],[-2,34],[28,17],[18,-14],[0,-46]],[[202755,182900],[1,-13],[-22,1],[-1,-18],[26,-4],[-1,-17],[-15,4],[-1,-14],[-29,19],[-12,19],[-2,51],[24,10],[32,-38]],[[196792,181238],[18,-24],[52,16],[22,-46],[-12,-2],[-9,7],[-1,16],[-14,1],[-11,-30],[-23,-4],[-43,48],[-2,6],[2,8],[21,4]],[[196653,182024],[-6,-13],[-30,16],[-13,25],[-2,30],[-21,26],[2,17],[1,17],[11,-15],[50,-68],[8,-35]],[[195824,182932],[27,-35],[25,24],[48,-8],[-1,-15],[-18,-13],[-23,4],[-12,-26],[-29,13],[-25,29],[8,27]],[[196939,180764],[-22,-50],[-18,31],[19,18],[-12,36],[44,26],[14,23],[5,-27],[-15,-17],[3,-26],[-18,-14]],[[195747,182199],[-1,-32],[-16,0],[-2,-27],[-18,10],[-1,15],[-25,13],[-13,16],[11,16],[41,9],[24,-20]],[[195581,181951],[-9,-28],[-23,10],[-7,26],[9,98],[13,-11],[17,-95]],[[197603,181609],[-33,-17],[-10,12],[-1,16],[20,33],[23,16],[21,3],[11,-5],[-1,-21],[-19,-9],[-11,-28]],[[196389,182229],[-12,-44],[-16,22],[-18,0],[-5,-33],[-30,14],[10,21],[16,-4],[6,27],[-5,35],[17,-5],[37,-33]],[[195288,190323],[-45,-11],[-23,69],[38,-3],[21,-22],[9,-33]],[[196503,181685],[15,-35],[-14,-7],[-31,-14],[-22,-2],[-8,6],[-8,10],[14,30],[18,-2],[12,17],[24,-3]],[[197121,192803],[3,-17],[-68,-7],[-7,8],[39,61],[33,-45]],[[195705,181566],[-9,-21],[-15,2],[-26,40],[11,21],[-5,19],[36,17],[-2,-21],[10,-57]],[[193944,181590],[7,-43],[-18,-2],[4,-38],[-12,-7],[-14,-8],[-23,28],[9,18],[-3,19],[22,-1],[10,0],[10,36],[8,-2]],[[194455,181644],[1,-23],[20,6],[2,-31],[-13,-16],[-59,33],[26,45],[23,-14]],[[201136,182144],[14,-14],[-4,-26],[14,-9],[5,-22],[-11,-15],[-11,16],[-1,29],[-17,6],[-7,24],[-21,-9],[-10,29],[-1,19],[20,-13],[33,6],[-3,-21]],[[195000,181096],[-6,-22],[-4,-15],[-17,-2],[-25,-21],[-11,12],[7,12],[-6,33],[11,15],[16,-23],[1,27],[15,5],[8,-9],[11,-12]],[[193969,181486],[23,-23],[12,4],[-3,-42],[-33,19],[-15,23],[-15,-18],[-8,15],[1,16],[26,30],[10,2],[2,-26]],[[197460,181499],[26,-3],[20,10],[7,-16],[-14,-20],[-53,-21],[-19,17],[8,26],[25,7]],[[196203,191831],[19,-41],[25,-17],[2,-19],[-23,-4],[-12,15],[0,26],[-22,8],[1,-21],[-20,-6],[-6,19],[15,24],[21,16]],[[195978,181882],[-39,-24],[-6,7],[9,46],[-16,52],[33,-15],[19,-66]],[[195526,190016],[2,-24],[-11,0],[12,-44],[-13,-17],[-14,5],[-15,23],[4,26],[22,18],[9,29],[-7,20],[19,-5],[-8,-31]],[[204369,183753],[-18,-33],[-22,2],[-22,24],[-24,38],[15,2],[22,-17],[33,-1],[16,-15]],[[194378,190149],[-21,-28],[-21,3],[-11,30],[2,17],[18,22],[14,-5],[19,-39]],[[195700,181831],[30,-32],[-3,-16],[15,-23],[-1,-17],[-17,-2],[-6,33],[-18,21],[-15,-7],[-1,28],[-10,6],[10,33],[17,-4],[-1,-20]],[[195666,185306],[-3,-27],[23,-11],[26,-22],[-4,-10],[-29,11],[-25,26],[-4,21],[-20,1],[-7,-13],[-17,14],[2,13],[24,13],[23,-3],[11,-13]],[[198430,195630],[-7,-16],[-19,15],[-29,4],[-7,10],[5,30],[40,-2],[17,-41]],[[195191,190295],[-26,-7],[-15,35],[-15,14],[9,19],[32,9],[2,-34],[13,-15],[0,-21]],[[196467,181477],[-5,-41],[-14,10],[-4,27],[-3,18],[4,45],[37,1],[4,-13],[-16,-28],[-3,-19]],[[193762,181427],[-8,-68],[-34,30],[8,38],[29,31],[13,-6],[-8,-25]],[[197228,181604],[-6,-1],[-23,3],[-14,26],[0,15],[16,14],[35,4],[5,-31],[-13,-30]],[[195756,181843],[-21,-32],[-8,36],[-17,23],[10,40],[6,1],[31,-39],[-1,-29]],[[196124,182172],[13,-40],[-22,2],[-5,34],[8,9],[-6,32],[-14,9],[14,24],[22,-5],[2,-35],[13,-21],[-25,-9]],[[195665,185433],[15,-28],[13,9],[27,-42],[-10,-14],[-18,4],[-23,42],[-19,2],[-15,16],[16,20],[14,-9]],[[203588,183244],[-15,-4],[-41,27],[-6,14],[16,24],[31,-14],[17,-20],[-2,-27]],[[195393,181277],[-9,-20],[-16,28],[-7,37],[-4,41],[30,-20],[5,-17],[4,-19],[-1,-18],[-2,-12]],[[196011,182880],[-11,-34],[-18,5],[-33,41],[0,17],[36,-3],[26,-26]],[[194816,189852],[23,-1],[4,14],[12,-19],[10,9],[6,-48],[-6,-1],[-31,27],[-19,-10],[-17,26],[4,21],[14,-18]],[[194791,181234],[-19,-7],[-13,32],[-14,13],[10,12],[0,26],[14,34],[10,2],[8,-19],[-21,-30],[-1,-17],[21,-27],[5,-19]],[[197754,181444],[12,-31],[-27,-1],[-6,-33],[-13,-27],[-21,28],[22,16],[-8,29],[41,19]],[[197204,197093],[3,-17],[-17,7],[7,67],[-7,27],[9,7],[18,-20],[-1,-32],[-12,-39]],[[199783,181291],[12,-29],[19,8],[6,-26],[-18,-4],[2,-14],[28,-12],[-8,-15],[-34,12],[3,30],[-25,19],[2,20],[13,11]],[[194281,188860],[0,-22],[-22,-2],[-4,22],[-16,22],[3,55],[15,-18],[10,-39],[14,-18]],[[201673,182525],[41,-19],[20,6],[8,-14],[-16,-30],[-10,20],[-23,1],[-16,13],[-23,-7],[-9,12],[28,18]],[[195816,181688],[-3,-18],[-28,17],[-28,53],[5,15],[22,-11],[32,-56]],[[196468,181181],[-15,-6],[-7,17],[-32,19],[6,17],[21,7],[20,-15],[20,-3],[-13,-36]],[[195736,182923],[-16,-12],[-37,10],[-12,19],[-11,19],[13,5],[36,-18],[18,-8],[9,-15]],[[196561,182122],[-5,-18],[-18,34],[-19,9],[7,25],[-6,18],[17,4],[26,-26],[-13,-26],[11,-20]],[[195370,181759],[-3,-15],[-21,15],[-31,68],[0,12],[20,2],[8,-33],[15,-3],[-6,-26],[18,-20]],[[197134,182085],[-17,-23],[-8,9],[-20,-11],[-15,13],[26,42],[21,-7],[13,-23]],[[196919,180701],[16,-49],[11,15],[16,-12],[-6,-14],[-41,-8],[-24,35],[18,5],[10,28]],[[195131,190153],[-23,-4],[-20,28],[33,22],[15,-4],[7,-17],[-12,-25]],[[194478,180572],[-8,-22],[-33,4],[-6,26],[-13,0],[3,22],[39,-8],[18,-22]],[[195877,184565],[35,-28],[3,-17],[-46,10],[-15,-14],[-13,25],[13,16],[21,-10],[2,18]],[[195125,180857],[-40,-10],[-3,0],[-24,0],[9,34],[9,2],[14,4],[34,-16],[1,-14]],[[196604,182010],[33,-60],[-11,-1],[-29,34],[-3,29],[-17,15],[1,28],[15,2],[11,-47]],[[196768,181945],[-10,-20],[-28,-14],[-35,-7],[-11,10],[-1,17],[21,9],[7,-18],[22,6],[27,29],[8,-12]],[[197349,181365],[-19,-6],[-17,15],[10,18],[-3,21],[22,11],[16,-32],[-9,-27]],[[196659,181659],[-44,-15],[-16,15],[4,32],[43,-10],[13,-22]],[[197929,180846],[-11,-2],[-12,10],[10,21],[-25,52],[3,19],[20,-36],[18,-18],[7,-36],[-10,-10]],[[197784,196307],[-12,-11],[-23,16],[-6,24],[29,11],[11,-4],[1,-36]],[[197994,180884],[-22,-14],[-1,29],[-16,7],[2,47],[35,-37],[2,-32]],[[195692,182237],[-11,-13],[-22,2],[-1,20],[-14,13],[3,8],[43,10],[2,-40]],[[195871,184676],[4,-34],[-36,12],[-11,13],[0,11],[31,-10],[-4,41],[24,-6],[2,-22],[-10,-5]],[[196248,181208],[-6,-9],[-11,7],[-40,13],[8,45],[15,-4],[12,-26],[22,-26]],[[196741,192018],[-1,-13],[-32,-4],[-28,30],[13,30],[19,-33],[29,-10]],[[195007,189393],[14,-37],[-29,9],[4,34],[-4,32],[-11,20],[9,16],[12,-15],[5,-59]],[[196795,181574],[-13,-4],[-12,32],[1,9],[48,10],[6,-17],[-30,-30]],[[197774,196949],[-17,-7],[-22,25],[-4,28],[14,14],[29,-60]],[[194780,189031],[2,-40],[-9,-22],[-24,11],[-5,13],[7,20],[15,0],[1,22],[13,-4]],[[195815,180379],[7,-31],[-23,0],[-6,28],[-15,26],[4,12],[21,4],[12,-39]],[[202689,182867],[-7,-34],[-16,24],[-37,-7],[-12,15],[32,18],[40,-16]],[[196220,181995],[-47,-30],[-6,8],[8,32],[46,15],[-1,-25]],[[196231,191709],[-2,-17],[-16,1],[-20,17],[-4,17],[7,10],[23,0],[12,-28]],[[195797,181788],[15,-39],[-23,6],[-8,26],[-13,-6],[-10,26],[5,22],[34,-35]],[[195964,182767],[-2,-29],[-13,14],[-9,-17],[-33,15],[2,12],[28,15],[27,-10]],[[195679,183109],[-6,-27],[-23,10],[13,30],[-9,19],[7,27],[14,-15],[4,-44]],[[195150,181764],[-2,-19],[-15,0],[-4,-15],[-15,8],[10,36],[-10,23],[16,4],[20,-37]],[[196454,181971],[-9,-26],[-18,29],[30,32],[14,6],[8,-30],[-25,-11]],[[199154,180976],[-5,-12],[-12,-2],[-42,-5],[-7,11],[6,17],[38,3],[22,-12]],[[196402,181547],[-1,-46],[-19,12],[8,32],[-9,21],[11,23],[21,-9],[-11,-33]],[[196268,181955],[-19,-31],[-25,40],[15,29],[29,-38]],[[196564,182291],[-1,-27],[-12,-8],[-10,-31],[-18,6],[12,41],[8,-2],[5,31],[16,-10]],[[199735,181220],[-23,-33],[-10,11],[-6,39],[21,16],[18,-33]],[[197883,180651],[-8,-31],[-34,7],[-1,8],[13,31],[17,4],[13,-19]],[[195930,181744],[-26,-48],[-18,8],[2,20],[17,25],[20,9],[5,-14]],[[203894,183602],[30,-44],[2,-21],[13,-3],[2,-22],[-25,19],[-13,38],[-14,16],[-13,-6],[-2,18],[20,5]],[[194356,181751],[16,-32],[-31,-1],[-16,-29],[-13,21],[1,9],[43,32]],[[201685,182466],[2,-21],[-15,-9],[-15,19],[-18,-7],[-18,26],[12,12],[22,-18],[30,-2]],[[196345,181833],[5,-25],[-24,15],[8,41],[-6,27],[12,6],[14,-34],[-9,-30]],[[196029,181605],[-30,-8],[-14,15],[25,29],[13,-1],[11,-7],[-2,-18],[-3,-10]],[[194401,180613],[-2,-16],[-19,12],[4,26],[29,28],[8,-37],[-20,-13]],[[201880,182355],[7,-34],[-18,10],[1,-21],[-18,-24],[-10,24],[2,17],[36,28]],[[195657,181879],[-12,-27],[-20,17],[-8,25],[36,15],[4,-30]],[[195873,182313],[18,-33],[15,17],[11,-43],[-49,23],[-9,15],[14,21]],[[194694,181716],[12,-2],[3,30],[15,-9],[-12,-46],[-20,15],[-25,4],[11,32],[16,-24]],[[194911,180837],[1,-59],[-30,4],[13,56],[16,-1]],[[196462,181298],[-14,-8],[-13,13],[5,37],[25,3],[5,-12],[-8,-33]],[[203426,183384],[11,-38],[-28,-2],[0,16],[-21,22],[2,12],[36,-10]],[[198285,196099],[-3,-30],[-10,5],[-10,26],[6,12],[-11,38],[18,-13],[10,-38]],[[196381,181635],[-15,-4],[-4,27],[-10,1],[-2,21],[20,15],[10,-11],[1,-49]],[[196791,180396],[-51,-47],[-8,13],[31,41],[22,4],[6,-11]],[[202196,182536],[-24,-10],[-20,35],[7,24],[23,-20],[14,-29]],[[202663,183143],[16,-41],[-4,-8],[-26,45],[-19,-15],[-12,16],[0,13],[19,4],[26,-14]],[[197957,196451],[16,-21],[-13,-8],[-11,18],[-12,-16],[-7,14],[5,33],[23,-9],[-1,-11]],[[193965,181617],[-16,-18],[-10,19],[-2,38],[29,0],[-1,-39]],[[195720,181926],[-44,-24],[-5,33],[46,11],[3,-20]],[[198322,195657],[-10,-26],[-9,7],[-1,28],[42,21],[4,-17],[-26,-13]],[[193907,181475],[-12,-23],[-27,29],[6,40],[33,-46]],[[204057,183668],[-2,-17],[-31,10],[-9,16],[-3,22],[10,10],[13,-8],[-7,-15],[29,-18]],[[201963,182604],[6,-52],[-31,-1],[6,49],[19,4]],[[195557,182719],[-15,-23],[-19,26],[29,36],[8,-5],[-3,-34]],[[195552,181399],[2,-49],[-36,35],[14,16],[-1,24],[21,-26]],[[194363,181619],[13,-27],[-4,-20],[-13,16],[-16,-8],[-19,13],[10,21],[25,-9],[4,14]],[[201277,182167],[21,-36],[15,8],[4,-18],[-11,-30],[-21,41],[-18,11],[10,24]],[[194689,181579],[3,-40],[-19,6],[7,25],[-8,26],[9,20],[20,-6],[-12,-31]],[[199874,181197],[7,-46],[-43,52],[16,19],[20,-25]],[[196373,181556],[1,-21],[-31,-11],[-11,10],[-3,18],[23,-1],[-1,20],[22,-15]],[[195339,181369],[3,-32],[-22,16],[4,29],[9,4],[6,31],[11,-12],[-1,-31],[-10,-5]],[[195450,180849],[-13,-5],[-7,34],[-21,21],[6,20],[19,-30],[20,-6],[-4,-34]],[[195680,181761],[6,-19],[-17,-2],[1,-28],[-28,28],[14,27],[24,-6]],[[196202,191862],[3,-22],[-40,16],[-1,15],[16,15],[22,-24]],[[202005,182492],[-6,-49],[-32,45],[10,14],[28,-10]],[[195057,181405],[-14,-14],[-18,32],[-11,5],[14,31],[29,-54]],[[196105,181327],[1,-15],[-27,-2],[-27,-3],[1,20],[22,7],[8,2],[22,-9]],[[195388,181508],[0,-23],[-45,-3],[8,33],[37,-7]],[[196020,191420],[10,-33],[-11,-29],[-6,6],[-4,23],[10,0],[-18,36],[5,14],[14,-17]],[[194888,181558],[-6,-32],[-25,1],[-7,16],[9,22],[29,-7]],[[194873,181047],[-31,-23],[-6,7],[13,33],[19,19],[5,-36]],[[196250,191872],[6,-25],[-37,-2],[-5,11],[18,22],[18,-6]],[[196129,181685],[-21,-13],[-18,6],[-3,18],[15,14],[27,-14],[0,-11]],[[194935,181449],[-20,-11],[-6,8],[5,20],[16,14],[7,5],[14,-28],[-16,-8]],[[197593,180645],[-34,-6],[-5,7],[6,18],[34,6],[9,-11],[-10,-14]],[[197807,180505],[-21,-17],[-12,9],[4,43],[27,-21],[2,-14]],[[193895,181401],[-5,-36],[-25,34],[12,12],[-5,19],[16,-5],[7,-24]],[[198360,181263],[-1,-23],[-19,7],[-15,42],[17,3],[18,-29]],[[194170,189231],[-25,-23],[-3,8],[4,38],[11,12],[13,-35]],[[193928,181385],[15,-35],[-27,-2],[-11,-15],[-7,19],[30,33]],[[194884,189516],[-1,-36],[-15,5],[-10,27],[9,21],[17,-17]],[[196983,180723],[14,-41],[-34,3],[4,36],[16,2]],[[196865,180621],[-26,-9],[-11,15],[21,27],[16,-11],[0,-22]],[[199454,181081],[0,-46],[-24,2],[1,25],[12,23],[11,-4]],[[195463,182155],[-1,-25],[-30,13],[-10,21],[29,2],[12,-11]],[[194865,189285],[-33,-6],[-8,12],[13,24],[11,-14],[16,0],[1,-16]],[[195531,181980],[-12,-22],[-24,45],[21,8],[15,-31]],[[195268,189789],[-11,-17],[-25,16],[-1,16],[24,4],[13,-19]],[[195446,189942],[-13,-15],[-17,29],[20,24],[10,-38]],[[197411,181404],[-15,-17],[-22,10],[17,30],[12,2],[8,-25]],[[195517,181702],[-5,-36],[-17,33],[-7,24],[5,13],[24,-34]],[[195937,181645],[-9,-30],[-28,51],[7,10],[30,-31]],[[195232,181091],[-31,-7],[-5,8],[15,28],[19,-1],[2,-28]],[[197687,197002],[-9,-24],[-22,6],[9,35],[22,-17]],[[195810,184591],[-7,-29],[-19,33],[4,33],[22,-37]],[[195808,181560],[-7,-16],[-36,30],[13,17],[30,-31]],[[194832,181006],[-15,-15],[-15,19],[4,24],[24,-7],[2,-21]],[[197882,180570],[19,-38],[-21,-2],[-20,18],[22,22]],[[195626,190395],[-3,-31],[-23,6],[0,17],[18,19],[8,-11]],[[196171,181579],[-1,-54],[-14,1],[-4,21],[9,36],[10,-4]],[[195027,187179],[-13,-4],[5,60],[10,5],[3,-23],[-5,-38]],[[195830,182322],[-12,-14],[-10,17],[-2,24],[7,9],[4,1],[10,-13],[3,-24]],[[201906,182394],[9,-37],[-31,1],[-8,10],[30,26]],[[195816,181502],[7,-29],[-28,5],[-4,14],[6,7],[15,19],[4,-16]],[[197809,196954],[-7,-19],[-23,22],[-4,14],[3,8],[31,-25]],[[195708,183004],[-5,-19],[-32,18],[7,23],[30,-22]],[[204573,183728],[-18,-13],[-11,17],[5,23],[14,1],[10,-28]],[[195352,189953],[-2,-23],[-28,11],[5,26],[25,-14]],[[203507,183450],[-2,-13],[-25,4],[-11,23],[3,12],[35,-26]],[[195652,184861],[-21,-24],[-12,19],[14,25],[19,-20]],[[198349,181349],[-12,-30],[-24,17],[17,23],[19,-10]],[[195880,185310],[-4,-17],[-35,16],[4,20],[35,-19]],[[196162,191350],[-6,-14],[-22,20],[17,30],[11,-36]],[[195959,181676],[-17,-13],[-5,15],[11,34],[13,-9],[-2,-27]],[[196942,181846],[6,-16],[-9,-1],[-32,-3],[-7,10],[3,7],[33,3],[6,0]],[[195564,181710],[1,-22],[-12,8],[5,55],[17,-4],[-11,-37]],[[203838,183481],[-13,-9],[-16,15],[0,30],[8,-1],[21,-35]],[[204417,183627],[-16,-31],[-10,17],[6,35],[20,-21]],[[203782,183635],[-15,-10],[-23,36],[7,21],[9,-24],[22,-23]],[[194656,181764],[-13,-40],[-11,1],[12,37],[-4,24],[12,2],[4,-24]],[[196034,181961],[-6,-36],[-16,4],[8,47],[14,-15]],[[195011,189285],[-7,-23],[-19,22],[12,28],[14,-27]],[[204455,183564],[-18,-16],[-15,13],[12,22],[17,-4],[4,-15]],[[194238,189074],[-18,-14],[-13,12],[7,22],[12,0],[12,-20]],[[196927,180987],[-4,-12],[-30,16],[13,27],[21,-31]],[[195981,181723],[-13,-4],[-8,22],[12,29],[9,-15],[0,-32]],[[195975,182976],[-11,-8],[-24,4],[5,17],[18,11],[12,-24]],[[196204,180738],[-8,-10],[-16,25],[4,24],[14,-4],[6,-35]],[[196961,197022],[8,-22],[-24,6],[-10,18],[5,10],[21,-12]],[[201024,182049],[-20,-19],[-12,5],[3,19],[20,15],[9,-20]],[[195767,181346],[-1,-33],[-23,25],[2,5],[10,22],[12,-9],[0,-10]],[[202996,183163],[-1,-23],[-29,31],[11,21],[19,-29]],[[195737,181698],[-11,-18],[-15,16],[-3,26],[22,-8],[7,-16]],[[194417,180456],[-21,-10],[-7,17],[1,19],[24,-6],[3,-20]],[[196166,182054],[-23,-11],[-9,9],[4,18],[22,7],[6,-23]],[[195274,190286],[-17,-33],[-6,5],[3,46],[20,-18]],[[193466,180922],[-4,-1],[-23,32],[3,9],[22,-1],[2,-39]],[[195841,181531],[-6,-27],[-23,22],[4,23],[25,-18]],[[195890,182772],[-7,-1],[-11,17],[20,23],[13,-16],[-15,-23]],[[193708,181183],[-4,-27],[-22,22],[3,15],[2,15],[11,-14],[10,-11]],[[195596,185885],[-16,-12],[-17,19],[18,21],[15,-28]],[[196779,180724],[-4,-34],[-20,3],[2,33],[22,-2]],[[196612,181136],[-4,-31],[-32,1],[3,14],[33,16]],[[197133,180685],[-17,-28],[-16,8],[12,33],[21,-13]],[[195758,181611],[-22,-7],[-10,19],[13,24],[19,-36]],[[196041,181873],[-16,-17],[-15,16],[22,30],[9,-29]],[[200712,181581],[-20,-32],[-16,15],[22,28],[14,-11]],[[197769,180668],[16,-31],[-27,-3],[-11,15],[22,19]],[[195685,184727],[7,-28],[-37,20],[8,17],[22,-9]],[[195913,182988],[-9,-20],[-18,5],[-6,21],[17,7],[16,-13]],[[196154,181734],[-4,-23],[-16,0],[-9,21],[7,14],[22,-12]],[[195190,187101],[-14,-9],[-9,21],[2,25],[11,-1],[10,-36]],[[203473,183439],[5,-54],[-18,18],[1,44],[12,-8]],[[198256,180994],[15,-41],[-21,-2],[-10,20],[16,23]],[[202403,182706],[5,-19],[-20,-3],[-13,24],[0,14],[28,-16]],[[204540,183786],[-3,-30],[-30,23],[-2,13],[35,-6]],[[196796,181718],[-14,-23],[-16,18],[8,28],[22,-23]],[[195539,182525],[0,-46],[-18,9],[4,43],[14,-6]],[[197114,192710],[11,-36],[-19,8],[-14,28],[22,0]],[[199601,181145],[-13,-36],[-14,26],[4,17],[13,2],[10,-9]],[[195837,185330],[-12,-24],[-20,18],[12,22],[20,-16]],[[196440,182057],[2,-31],[-32,28],[7,17],[23,-14]],[[194449,180481],[-11,-2],[-9,29],[8,19],[12,-6],[0,-40]],[[195883,184035],[-17,-6],[-12,20],[20,23],[9,-37]],[[195893,181832],[-4,-50],[-14,20],[-2,34],[20,-4]],[[194000,181503],[-12,-26],[-12,59],[6,8],[18,-41]],[[200565,181432],[-21,-20],[-11,15],[29,32],[3,-27]],[[196193,182409],[10,-29],[-15,0],[-19,21],[4,14],[20,-6]],[[195725,183358],[-20,-12],[-9,20],[4,19],[14,-2],[11,-25]],[[195354,181966],[6,-29],[-27,7],[-1,31],[22,-9]],[[195885,182948],[-5,-12],[-27,17],[4,20],[11,2],[17,-27]],[[196663,181575],[-14,-15],[-20,19],[1,11],[25,3],[8,-18]],[[198074,180759],[-26,-5],[-11,19],[24,16],[13,-30]],[[201620,182314],[-1,-24],[-30,11],[-1,22],[32,-9]],[[198653,180913],[10,-26],[-34,-2],[-8,14],[32,14]],[[200137,181552],[1,-25],[-18,-1],[-11,14],[3,17],[25,-5]],[[200215,181520],[-23,-25],[-11,3],[0,17],[24,19],[10,-14]],[[196148,181937],[7,-31],[-34,18],[-4,8],[1,6],[30,-1]],[[194884,181140],[-4,-33],[-22,5],[2,28],[24,0]],[[195040,181108],[-5,-33],[-23,18],[0,20],[28,-5]],[[196690,182077],[9,-38],[-34,19],[13,23],[12,-4]],[[203907,183765],[-8,-16],[-18,13],[2,40],[24,-37]],[[195502,183054],[0,-15],[-19,0],[-11,20],[5,17],[25,-22]],[[203828,183376],[-9,-22],[-24,22],[11,21],[22,-21]],[[196481,180221],[10,-22],[-20,-2],[-4,52],[15,-2],[-1,-26]],[[197428,181366],[11,-30],[-19,-1],[-12,16],[7,22],[13,-7]],[[195656,183493],[-8,-15],[-23,5],[2,19],[16,9],[13,-18]],[[204514,183481],[-2,-28],[-23,18],[4,31],[21,-21]],[[198583,181489],[-7,-18],[-17,4],[-2,28],[17,6],[9,-20]],[[200877,181876],[-17,-22],[-12,12],[3,21],[21,6],[5,-17]],[[196183,180986],[-19,-9],[-8,16],[8,28],[18,-21],[1,-14]],[[195728,180794],[4,-41],[-25,24],[6,28],[15,-11]],[[198778,180963],[13,-38],[-29,3],[3,28],[13,7]],[[195459,186123],[1,-37],[-24,10],[0,22],[23,5]],[[198287,195717],[-17,-6],[-11,19],[16,22],[12,-35]],[[199531,180872],[-7,-15],[-24,6],[-6,12],[27,15],[10,-18]],[[194514,180564],[-21,-15],[-12,33],[9,12],[24,-30]],[[195776,182136],[-2,-22],[-22,4],[-10,15],[4,12],[30,-9]],[[197846,180760],[-26,-8],[-11,9],[6,13],[30,7],[1,-21]],[[195904,181585],[4,-33],[-27,17],[0,25],[23,-9]],[[195471,181806],[-8,-8],[-30,41],[19,16],[5,-35],[14,-14]],[[195982,182787],[-12,-2],[-10,8],[5,22],[21,0],[3,-18],[-7,-10]],[[196721,181703],[0,-15],[-35,12],[1,14],[18,7],[16,-18]],[[194822,189277],[-14,-17],[-11,21],[6,21],[16,-7],[3,-18]],[[196081,182563],[-2,-26],[-25,19],[14,30],[13,-23]],[[195715,184679],[-6,-30],[-22,27],[15,22],[13,-19]],[[195563,180871],[-28,-4],[-5,8],[2,7],[28,21],[3,-32]],[[196081,181684],[0,-52],[-18,7],[7,41],[11,4]],[[194777,181699],[-17,-24],[-11,7],[9,29],[16,8],[3,-20]],[[196347,181022],[-13,-27],[-20,26],[3,16],[30,-15]],[[196786,181838],[-16,-19],[-17,26],[24,16],[9,-23]],[[197062,181285],[-12,-6],[-16,25],[2,14],[21,-4],[5,-29]],[[194504,180830],[-6,-33],[-22,28],[11,22],[17,-17]],[[197611,180622],[0,-30],[-29,12],[11,27],[18,-9]],[[195673,190471],[-19,-11],[-12,12],[16,29],[15,-30]],[[199763,181242],[-8,-27],[-20,26],[18,26],[10,-25]],[[197896,180762],[-28,-16],[-8,14],[18,27],[18,-25]],[[200520,181555],[-25,-10],[0,35],[13,9],[12,-34]],[[195484,180855],[-6,-36],[-19,7],[4,32],[21,-3]],[[195660,183375],[-9,-11],[-30,25],[12,16],[27,-30]],[[195739,181406],[-6,-12],[-24,32],[9,15],[14,-7],[7,-28]],[[197026,192470],[-10,-10],[-19,11],[0,18],[24,-1],[5,-18]],[[194935,188805],[-4,-15],[-30,29],[14,15],[20,-29]],[[194623,188707],[9,-32],[-21,12],[-11,26],[3,10],[20,-16]],[[195655,180766],[3,-26],[-26,4],[0,33],[23,-11]],[[194817,188901],[-12,-17],[-13,19],[12,32],[13,-34]],[[201953,182480],[6,-29],[-29,4],[5,33],[18,-8]],[[196777,181486],[-4,-25],[-31,10],[9,22],[26,-7]],[[193522,181073],[-8,-10],[-20,28],[17,25],[11,-43]],[[203660,183172],[6,-25],[-18,-3],[-8,6],[-6,11],[-2,10],[28,1]],[[195339,180741],[-19,-15],[-11,7],[-3,17],[30,11],[3,-20]],[[204116,183705],[-16,-9],[-15,16],[9,22],[15,-8],[7,-21]],[[196285,181022],[3,-27],[-22,4],[-11,2],[-1,17],[9,1],[22,3]],[[194863,180822],[-15,-24],[-16,25],[26,20],[5,-21]],[[197276,180573],[-12,-17],[-20,36],[21,8],[11,-27]],[[195531,182040],[-10,-6],[-11,38],[27,4],[-6,-36]],[[194617,181798],[-2,-33],[-23,19],[10,30],[15,-16]],[[195605,180792],[-8,-18],[-26,22],[11,22],[23,-26]],[[196134,191631],[7,-29],[-26,2],[4,32],[15,-5]],[[196483,181730],[-16,-10],[-22,14],[2,15],[22,0],[14,-19]],[[197058,192438],[-4,-19],[-28,25],[12,17],[20,-23]],[[194628,188759],[-22,-6],[-8,12],[22,29],[8,-35]],[[194442,188840],[-11,-9],[-23,20],[17,21],[17,-32]],[[202920,183091],[8,-24],[-22,6],[-15,28],[3,8],[26,-18]],[[195139,187164],[-5,-48],[-17,8],[8,37],[14,3]],[[195749,181541],[-9,-11],[-24,25],[9,25],[24,-39]],[[195745,190421],[-7,-15],[-19,31],[14,20],[12,-36]],[[195716,190224],[-18,-16],[-9,12],[2,22],[12,3],[13,-21]],[[204300,183715],[-7,-22],[-20,7],[7,38],[20,-23]],[[194947,188975],[3,-36],[-25,10],[-4,15],[26,11]],[[195021,188946],[-5,-21],[-20,6],[6,38],[19,-23]],[[197197,197045],[-21,-9],[-1,36],[17,-3],[5,-24]],[[201408,182043],[-20,-26],[-10,21],[1,16],[17,4],[12,-15]],[[197733,181113],[-8,-38],[-13,18],[-2,36],[23,-16]],[[197722,194306],[-11,-27],[-13,20],[0,12],[17,12],[7,-17]],[[196498,180899],[-26,-6],[0,32],[27,-5],[-1,-21]],[[193741,181337],[0,-20],[-26,2],[5,38],[21,-20]],[[193826,181282],[-18,-14],[-9,26],[9,17],[17,-12],[1,-17]],[[195821,182446],[-18,-19],[-14,8],[3,20],[24,4],[5,-13]],[[194621,189054],[-7,-30],[-20,24],[22,26],[5,-20]],[[195911,182010],[0,-28],[-27,14],[11,30],[16,-16]],[[195659,181964],[-16,-15],[-14,14],[3,24],[21,-7],[6,-16]],[[194922,181539],[-10,-35],[-13,9],[10,48],[13,-22]],[[204358,183249],[-6,-31],[-26,17],[11,20],[21,-6]],[[197079,180944],[-25,-10],[-10,12],[24,28],[11,-30]],[[198061,180807],[-17,-10],[-13,36],[21,5],[9,-31]],[[195579,185427],[-14,-22],[-15,26],[9,22],[20,-26]],[[195262,181741],[-14,-13],[-13,17],[4,18],[23,0],[0,-22]],[[196702,181626],[-24,-8],[-9,12],[4,15],[21,5],[8,-24]],[[195418,181138],[-10,-9],[-27,10],[15,29],[22,-30]],[[199121,180930],[20,-32],[-22,-4],[-16,21],[18,15]],[[196950,181053],[-14,-17],[-21,21],[21,20],[14,-24]],[[195920,181801],[-6,-17],[-14,4],[0,35],[9,12],[11,-34]],[[200882,181951],[-1,-29],[-27,6],[7,29],[21,-6]],[[198556,180905],[-6,-29],[-23,21],[7,24],[22,-16]],[[194803,181049],[-8,-4],[-17,24],[6,29],[12,-14],[7,-35]],[[197343,196948],[2,-27],[-25,13],[0,23],[23,-9]],[[204270,183751],[-6,-17],[-27,23],[9,23],[24,-29]],[[196011,182653],[-5,-43],[-21,22],[8,23],[18,-2]],[[195284,186491],[-12,-12],[-11,28],[7,33],[16,-49]],[[198282,196222],[14,-30],[-17,-1],[-13,23],[1,13],[15,-5]],[[194409,189937],[-24,-7],[5,34],[12,9],[7,-36]],[[196902,181713],[-20,-20],[-13,15],[29,29],[4,-24]],[[195507,181869],[-25,-4],[-7,29],[7,16],[25,-41]],[[202031,182521],[-29,-11],[-6,19],[17,19],[18,-27]],[[199545,180984],[-14,-10],[-14,16],[11,34],[17,-40]],[[194505,181784],[2,-34],[-29,30],[2,16],[25,-12]],[[198058,181028],[-4,-25],[-22,21],[10,32],[16,-28]],[[199193,180838],[-17,-11],[-14,12],[7,22],[22,-5],[2,-18]],[[197455,180582],[-9,-15],[-24,32],[20,13],[13,-30]],[[194082,189161],[13,-44],[-24,2],[-3,14],[14,28]],[[196985,180593],[0,-26],[-21,4],[-9,18],[10,12],[20,-8]],[[197027,181570],[-6,-19],[-25,10],[1,4],[8,22],[23,-12],[-1,-5]],[[197505,180554],[-11,-16],[-18,35],[21,12],[8,-31]],[[197633,197027],[4,-28],[-28,11],[2,20],[22,-3]],[[196857,181664],[-17,-3],[-13,17],[10,18],[17,-9],[3,-23]],[[193950,189567],[-28,-14],[1,27],[24,8],[3,-21]],[[196571,181119],[-34,-30],[-1,23],[17,18],[9,1],[9,-12]],[[204139,183198],[-17,-11],[-13,23],[21,20],[9,-32]],[[195113,181040],[-15,-19],[-10,11],[4,34],[19,-12],[2,-14]],[[197114,181337],[-25,-17],[-8,7],[3,20],[25,8],[5,-18]],[[194412,189995],[-11,-15],[-15,21],[10,16],[16,-1],[0,-21]],[[196133,181467],[-23,-27],[-8,14],[15,35],[16,-22]],[[196535,180934],[-15,-7],[-13,33],[22,10],[6,-36]],[[195118,190233],[-16,-11],[-12,19],[11,28],[17,-36]],[[197927,180619],[-3,-30],[-30,26],[2,13],[31,-9]],[[195642,182176],[-5,-10],[-19,16],[0,25],[17,0],[7,-31]],[[194814,181792],[-12,-21],[-19,23],[20,22],[11,-24]],[[196723,180718],[-11,-7],[-15,23],[2,15],[23,-2],[1,-29]],[[204374,183633],[9,-34],[-36,21],[4,15],[23,-2]],[[194305,181724],[-13,-12],[-14,17],[12,26],[13,-10],[2,-21]],[[203348,183226],[-13,-19],[-11,10],[-4,25],[16,5],[12,-21]],[[197537,180777],[-10,-2],[-10,16],[11,27],[19,-24],[-10,-17]],[[195171,180625],[4,-24],[-15,-2],[-17,24],[6,12],[22,-10]],[[196078,181528],[-10,-30],[-22,25],[20,20],[12,-15]],[[197307,181380],[4,-23],[-35,2],[4,22],[27,-1]],[[196720,181594],[-17,-12],[-19,10],[3,12],[27,9],[6,-19]],[[195279,181688],[5,-35],[-29,15],[9,27],[15,-7]],[[200312,181556],[-22,-26],[-15,15],[30,29],[7,-18]],[[195611,181893],[-8,-10],[-22,5],[-3,24],[10,7],[23,-26]],[[193624,181184],[-21,-3],[-16,32],[18,5],[19,-34]],[[199897,181259],[6,-34],[-25,1],[2,35],[17,-2]],[[198134,180852],[2,-23],[-26,-2],[-11,21],[35,4]],[[194877,189032],[-12,-4],[-10,20],[6,23],[14,-10],[2,-29]],[[203676,183473],[1,-30],[-18,4],[-5,27],[10,11],[12,-12]],[[201469,182235],[-3,-37],[-30,23],[2,8],[31,6]],[[196139,181629],[-14,-13],[-15,12],[3,22],[15,3],[11,-24]],[[196517,181784],[-1,-29],[-32,31],[8,13],[25,-15]],[[197013,180748],[-8,-18],[-16,20],[3,18],[18,10],[3,-30]],[[196499,182201],[-16,-19],[-10,9],[1,27],[10,9],[15,-26]],[[195906,181121],[-24,-10],[4,41],[12,4],[8,-35]],[[201762,182329],[-5,-28],[-29,18],[9,18],[25,-8]],[[197811,180972],[-10,-14],[-21,30],[3,26],[28,-42]],[[203392,183280],[-5,-23],[-21,-4],[-6,7],[1,8],[24,20],[7,-8]],[[203757,183437],[0,-26],[-22,8],[5,42],[17,-24]],[[193885,181549],[-5,-15],[-23,26],[13,28],[15,-39]],[[196056,181415],[-15,-7],[-3,19],[-3,20],[19,8],[1,-26],[1,-14]],[[194589,181816],[-18,-12],[-12,23],[21,20],[9,-31]],[[198260,195711],[-3,-26],[-24,19],[7,21],[20,-14]],[[195112,189854],[-1,-17],[-13,-1],[-7,15],[1,22],[8,6],[12,-25]],[[202586,182647],[-27,-26],[-12,13],[27,28],[12,-15]],[[194765,181415],[1,-37],[-15,3],[-8,44],[22,-10]],[[196139,181581],[-17,-9],[-16,6],[-1,17],[20,9],[14,-23]],[[196274,181288],[-10,-26],[-20,19],[18,27],[12,-20]],[[195657,181810],[-9,-19],[-31,38],[9,9],[31,-28]],[[196553,180580],[-18,-20],[-12,16],[3,21],[19,-1],[8,-16]],[[204445,183706],[6,-40],[-22,8],[-7,20],[23,12]],[[200092,181459],[3,-25],[-18,4],[-14,24],[6,11],[23,-14]],[[204000,183527],[-16,-8],[-6,49],[14,1],[8,-42]],[[196157,181968],[-6,-10],[-14,12],[-12,25],[18,8],[14,-35]],[[197135,180864],[-1,-29],[-12,-2],[-13,28],[14,14],[12,-11]],[[197051,192481],[-2,-15],[-13,8],[-16,19],[5,11],[14,-5],[12,-18]],[[199997,181268],[-28,-9],[-6,7],[16,35],[18,-33]],[[202556,182706],[-24,-13],[-6,6],[0,8],[22,32],[8,-33]],[[199984,181468],[8,-27],[-40,14],[4,16],[28,-3]],[[196969,197256],[6,-37],[-20,12],[1,37],[13,-12]],[[194958,181190],[-25,-17],[-4,13],[9,35],[1,0],[19,-31]],[[196431,181433],[-4,-13],[-10,2],[-8,26],[9,21],[1,0],[9,-6],[3,-30]],[[195501,181305],[-3,0],[-9,11],[19,32],[14,-29],[-21,-14]],[[197079,181606],[-1,-18],[-1,0],[-26,12],[-5,20],[26,-4],[5,0],[2,-10]],[[195911,184409],[0,-26],[-34,14],[3,11],[19,3],[12,-2]],[[196018,181788],[-12,-18],[-7,8],[-11,15],[6,15],[5,6],[19,-26]],[[195122,180595],[3,-24],[-9,9],[-5,-14],[-13,1],[8,42],[16,-14]],[[196918,181175],[-7,-10],[-15,1],[-12,18],[2,6],[19,1],[13,-16]],[[198384,181280],[-5,-27],[-18,13],[16,25],[7,-11]],[[199837,181273],[-7,-15],[-14,13],[0,16],[13,5],[8,-19]],[[195913,181841],[-5,-6],[-16,16],[0,9],[9,3],[11,-1],[4,-4],[-3,-17]],[[204787,183856],[-6,-2],[-13,19],[5,12],[13,3],[-3,-19],[4,-13]],[[195008,189026],[-6,-9],[-7,12],[1,13],[12,-16]],[[198674,180557],[-9,-4],[-2,25],[11,-11],[0,-10]],[[198690,180558],[-7,-12],[-9,8],[1,12],[15,-8]],[[193172,142470],[124,-33],[126,-167],[33,8],[51,-34],[96,-2],[54,-23],[45,-51],[44,-35],[5,-44],[42,-110],[188,-136],[358,-134],[46,-56],[13,-86],[63,-11],[30,-66],[77,-61],[11,-57],[34,-15],[-19,-47],[56,-29],[-1,-34],[38,-5],[12,-39],[32,53],[55,-22],[-21,-89],[102,-32],[55,0],[34,50],[247,-15],[50,-38],[62,-45],[68,-138],[40,-28],[135,-7],[45,-36],[38,-2],[92,-7],[85,-90],[90,65],[165,26],[172,-60],[40,13],[45,59],[81,-18],[42,22],[73,-10],[46,-41],[180,-13],[57,58],[36,-14],[41,-52],[72,1],[8,68],[57,24],[18,68],[53,-18],[100,62],[6,32],[72,81],[13,87],[39,14],[-17,38],[26,30],[1,42],[78,21],[196,-82],[20,17],[15,85],[20,-23],[69,25],[-5,21],[22,-6],[25,18]],[[197773,141397],[10,-137],[-39,-65],[1,-78],[100,-21],[9,-44],[-17,-69],[19,-38],[96,12],[21,-23],[-24,-67],[32,-47],[-33,-42],[46,-105],[-27,-81],[-46,-21],[30,-26],[-24,-102],[77,-80],[143,31],[142,-85],[-16,-51],[-79,-27],[-53,21],[-17,-15],[-5,-15],[-5,-18],[2,-75],[6,-18],[14,-17],[19,-14],[42,-30],[8,-32],[-93,-60],[-2,-37],[24,-27],[191,-59],[25,-7],[54,-101],[71,-37],[148,-26],[94,46],[16,-15],[-14,-58],[10,-24],[176,-9],[132,13],[57,-84],[-20,-68],[-5,-20],[-143,-15],[-100,86],[-34,-16],[-22,-72],[-67,-2],[-119,41],[-14,-21],[17,-49],[-47,-87],[-124,-48],[-3,-44],[46,-109],[14,-119],[-28,-138],[110,-13],[28,-48],[-116,-135],[-98,1],[-43,-26],[-3,-53],[52,-93]],[[198375,138485],[-171,-33],[-190,7],[-160,120],[-14,66],[60,40],[-29,109],[-109,22],[-28,60],[-103,87],[-15,76],[-25,-8],[-35,-65],[-43,11],[-7,50],[-77,0],[-22,-31],[-80,16],[29,-46],[-31,-46],[-103,24],[-118,93],[-187,-23],[-150,69],[-61,-39],[-6,-77],[-24,-38],[-144,-19],[-90,49],[-41,83],[-64,-9],[-62,27],[-119,-122],[-34,-101],[-122,-81],[-381,187],[-146,-71],[-65,2],[-35,30],[-33,-38],[-52,-6],[-29,8],[-14,44],[-53,-6],[-28,64],[-59,-55],[-92,-6],[-59,20],[-70,67],[-68,24],[-15,-32],[-38,-80],[-123,-9],[-79,35],[-57,26],[-78,34],[-87,79],[-41,-8],[-8,41],[-41,-28],[-36,57],[-17,-5],[9,-41],[-55,-4],[-8,29],[16,43],[-42,44],[-90,-92],[2,-35],[-22,-4],[-15,-54],[-39,9],[7,-58],[-33,-28],[-132,28],[-50,10],[-91,-28],[-178,70],[-78,-33],[-73,5],[-64,-76],[-16,-69],[-19,-86],[-124,-99],[5,-47],[-10,-36],[-25,-92],[-28,-53],[-9,-79],[-112,-27],[-55,40],[-52,-4],[-98,45],[-35,46],[-42,75],[-146,62],[-24,84],[-75,100],[-50,17],[-20,77],[-69,39],[-96,-38],[-43,30],[-60,-26],[-85,7],[-106,-113],[-14,-36],[-10,-23],[49,-138],[-29,-109],[-44,-45],[18,-31],[73,-184],[-8,-30],[-53,-24],[-21,-83],[62,-167],[52,-69],[-91,-87],[102,-171],[111,-90],[128,73],[64,-70],[56,-28],[51,-84],[109,-47],[59,-98],[-17,-60],[-44,-30],[4,-53],[70,-62],[37,-15],[41,-16],[53,-21],[52,-108],[-7,-66],[30,-79],[53,-54],[-70,-38],[1,-37],[55,-2],[122,-72],[-44,-136],[16,-87],[58,-109],[-87,-58],[61,20],[52,-19],[149,-134],[42,-74],[12,-21],[122,-85],[32,-2],[70,-3],[14,-42],[28,-87],[120,-14],[101,-126],[23,-52],[80,-35],[83,-100],[174,-115],[33,-115],[6,-20],[52,-71],[29,-9],[105,-35],[44,-66],[91,-58],[329,-348],[111,-51],[196,-138],[134,21],[118,-61],[20,-34],[3,-63],[-28,-56],[-21,-43],[45,-107],[163,-274],[166,-55],[33,-59],[8,-74],[43,-15],[313,-158],[102,-51],[165,-299],[-223,-110],[-27,-13],[-134,25],[-93,93],[-2,33],[-38,45],[-69,20],[-17,33],[-31,5],[-116,102],[-108,102],[-399,183],[-383,373],[-131,101],[-283,34],[-48,5],[-93,50],[-107,8],[-245,136],[-226,5],[0,26],[37,38],[-14,18],[-160,16],[-103,-72],[118,-83],[-9,-17],[-216,-20],[-20,19],[23,32],[-23,22],[-168,-6],[-19,-18],[25,-50],[-126,-53],[-88,10],[-71,53],[-86,10],[-85,120],[-41,160],[15,158],[-111,90],[-16,70],[-107,7],[-325,118],[-78,-22],[-48,68],[37,23],[3,36],[-164,115],[-53,44],[-157,79],[-49,76],[-163,150],[-45,53],[-64,22],[-17,38],[-36,14],[-6,14],[-28,59],[-88,53],[-43,51],[-10,13],[-7,48],[-98,81],[-20,38],[17,91],[-97,83],[18,43],[31,7],[96,-75],[34,24],[-17,69],[25,27],[166,-101],[8,21],[-28,60],[37,28],[-84,80],[12,35],[279,-178],[82,14],[158,-31],[26,29],[-45,37],[-64,-4],[-64,30],[-99,86],[-245,113],[-164,159],[-152,114],[-93,108],[-59,43],[-25,18],[-148,111],[-73,139],[-52,54],[-84,143],[-8,14],[0,92],[-18,64],[-22,79],[-2,154],[7,31],[58,257],[-85,178],[-17,37],[-101,216],[-206,74],[-106,82],[-98,76],[-37,29],[-45,61],[-89,27],[20,93],[-12,26],[-49,-31],[-160,92],[-246,74],[-26,-12],[-81,-134],[-73,-354],[-12,-58],[-64,-154],[-63,-105],[-5,-64],[32,-125],[-16,-59],[-32,-27],[-105,-17],[-18,83],[-62,62],[0,-32],[32,-82],[-66,-171],[-53,-70],[-14,-132],[6,-74],[-60,-21],[-73,11],[-28,-55],[-189,169],[19,60],[-31,35],[-25,83],[-69,126],[-80,71],[-104,139],[-88,53],[-12,64],[-34,53],[15,56],[-49,39],[-42,143],[12,114],[-26,63],[10,53],[-21,39],[20,40],[-50,18],[-39,40],[-8,85],[-52,136],[-27,136],[-26,66],[42,36],[173,-85],[73,-22]],[[187590,139249],[16,-5],[51,-23],[207,69],[36,-16],[39,-66],[124,-18],[74,76],[116,9],[24,66],[-21,28],[-38,49],[80,42],[131,-82],[81,-8],[14,-3],[169,-16],[19,42],[12,27],[35,25],[51,-46],[25,1],[24,2],[76,-34],[75,42],[127,73],[118,98],[11,174],[71,49],[38,81],[9,65],[68,-34],[13,-101],[170,-116],[14,-123],[66,-1],[121,-63],[78,-107],[131,40],[27,9],[20,108],[25,24],[122,-69],[170,-24],[179,-152],[132,12],[66,85],[135,17],[74,84],[-131,123],[-59,183],[55,87],[148,65],[-41,67],[-37,11],[-13,73],[-74,-57],[-100,84],[12,37],[107,86],[138,93],[121,18],[1,57],[23,33],[81,-5],[34,65],[34,-16],[38,33],[127,-63],[46,48],[72,27],[-52,60],[-2,93],[44,72],[-13,128],[-11,66],[27,103],[9,35],[-134,61],[-27,32],[-41,-2],[-44,66],[2,58],[-24,37],[18,23],[-4,36],[64,71],[-2,65],[62,40],[188,-25],[40,78],[-16,56],[125,31],[30,37],[151,52],[52,56],[59,-2],[33,65],[73,33],[0,52],[-42,56],[11,28],[57,0],[104,48],[100,-59],[210,12],[1,56],[-63,50],[-35,116],[-44,78],[48,71],[68,10],[119,115],[26,-37],[18,-6],[179,-59],[102,-93],[52,15],[73,-17],[4,21]],[[194429,141481],[25,-17],[17,11],[-1,20],[-23,6],[-18,-20]],[[197898,132004],[6,-18],[2,-79],[22,-27],[-16,-75],[39,-24],[19,-5],[28,-16],[61,-69],[59,-40]],[[198118,131651],[-46,-27],[-96,73],[-389,196],[-131,106],[-14,66],[-40,51],[-206,26],[-71,44],[-22,63],[-189,71],[-217,133],[-19,42],[-85,52],[-70,2],[-50,-33],[-51,13],[-11,-54],[-55,36],[-273,67],[-281,70],[-88,100],[-140,21],[-303,138],[-158,-20],[-167,20],[-72,37],[-21,82],[122,-22],[177,20],[223,-21],[331,-114],[114,-98],[77,-11],[58,20],[110,-38],[110,-38],[4,26],[74,99],[136,-17],[72,-39],[41,60],[52,-15],[46,-42],[51,-119],[50,-32],[-1,-54],[119,-27],[95,-53],[26,-32],[16,-20],[76,-20],[120,-73],[24,-70],[73,-23],[40,-54],[64,3],[139,-125],[78,39],[153,17],[66,-56],[109,-93]],[[189291,137909],[-17,-186],[47,-189],[-21,-62],[41,-86],[-4,-75],[19,-60],[63,-96],[19,-61],[46,-41],[-37,-48],[-54,-11],[-187,190],[6,-163],[74,-150],[-81,-28],[-36,29],[21,110],[-78,116],[-28,122],[12,24],[81,-16],[8,13],[-5,102],[-37,50],[-36,130],[-54,52],[-43,165],[-35,68],[2,47],[24,38],[94,-87],[45,-5],[21,27],[-20,141],[-73,105],[-18,115],[-88,64],[-63,102],[36,133],[36,41],[59,-10],[29,-34],[1,-142],[51,-140],[86,-157],[90,-30],[29,-38],[-25,-69]],[[189540,138548],[-5,-34],[70,18],[69,-38],[-14,-73],[28,-95],[123,-52],[44,-90],[124,-128],[-25,-37],[-78,-9],[-6,-58],[-34,-17],[-200,81],[-36,16],[-6,162],[-21,-17],[6,-41],[-70,17],[-59,-31],[-109,22],[-80,68],[-43,49],[-9,48],[64,44],[13,69],[62,-18],[33,19],[1,74],[27,50],[-3,17],[-15,112],[44,71],[56,-19],[83,-154],[2,-16],[-36,-10]],[[194337,133860],[32,-33],[54,6],[102,-60],[-28,-80],[-54,-43],[-139,-38],[-47,-6],[-258,-31],[-199,15],[-241,118],[40,85],[-20,105],[231,14],[424,-35],[30,-3],[73,-14]],[[193858,133485],[50,-50],[51,18],[106,-3],[81,-113],[45,-19],[90,7],[795,9],[41,-21],[-93,-46],[-312,-35],[-422,-6],[-180,-22],[-269,30],[-113,43],[-76,1],[-128,58],[-1,16],[193,55],[181,-55],[3,24],[-34,44],[-53,35],[45,30]],[[190262,136849],[27,-9],[11,-4],[15,-14],[202,-192],[21,0],[20,46],[109,-66],[168,-165],[107,-67],[19,-41],[-44,-5],[4,-40],[-27,-20],[-106,10],[17,-60],[-24,3],[-108,83],[-16,70],[11,66],[-50,27],[-74,2],[-126,139],[-149,81],[-18,32],[13,42],[-37,49],[-1,2],[-236,284],[-9,34],[156,-123],[85,2],[78,-41],[159,-142],[60,-37],[22,-41],[-70,5],[-114,66],[-31,17],[-10,4],[-54,3]],[[194324,132822],[202,-36],[142,48],[246,39],[236,-35],[13,-55],[47,-38],[-131,-46],[-303,16],[-196,-99],[-48,17],[-191,-5],[-214,18],[-26,28],[86,95],[-83,37],[-2,18],[85,22],[137,-24]],[[190646,135390],[139,-82],[33,5],[27,-67],[136,-108],[15,-63],[-146,74],[-25,-26],[-46,35],[-250,319],[-68,64],[-33,31],[-133,120],[-15,9],[-51,42],[13,47],[34,-23],[70,-59],[78,-73],[91,-35],[33,-53],[98,-157]],[[195956,132378],[161,-27],[7,-27],[57,7],[82,-7],[8,-18],[27,8],[123,-42],[24,-44],[-26,-8],[-7,23],[-15,-10],[-29,5],[-18,-13],[-26,19],[-76,16],[-36,14],[-75,5],[-34,-7],[-58,4],[-69,21],[-49,-2],[-46,21],[-53,12],[-36,-10],[-22,14],[-41,3],[-20,16],[-16,1],[-18,-2],[-14,-14],[-33,10],[-48,13],[-29,18],[22,37],[48,36],[50,-1],[-9,-35],[108,6],[24,-12],[138,-26],[24,-4]],[[193150,132988],[-22,-34],[25,-7],[28,36],[54,18],[9,-19],[21,4],[7,-16],[-8,-40],[-32,-35],[-8,-23],[-31,-36],[-41,-2],[-82,-17],[-81,-27],[-84,-10],[1,20],[38,31],[-2,38],[-16,25],[-43,-17],[-29,30],[62,51],[82,25],[18,-8],[26,19],[76,9],[32,-15]],[[189882,137587],[168,-151],[70,-103],[4,-19],[-30,-17],[-15,-7],[1,-35],[-40,39],[-22,29],[7,27],[-104,82],[-122,3],[-65,43],[-12,48],[59,1],[32,43],[-48,84],[78,26],[35,-10],[4,-83]],[[191335,135252],[121,-97],[10,-29],[-49,3],[9,-25],[-16,-20],[-21,26],[17,20],[-76,48],[-51,-5],[-21,48],[-95,67],[-109,147],[41,9],[174,-115],[36,-15],[30,-62]],[[193276,133915],[17,-20],[23,6],[8,-37],[30,26],[44,-46],[20,-9],[31,-50],[41,-29],[2,-25],[-23,-12],[-34,22],[-19,-1],[-77,28],[-30,27],[-44,23],[-108,27],[-46,1],[-3,26],[-15,4],[-8,45],[100,16],[59,-8],[32,-14]],[[190960,135560],[61,-46],[18,-45],[-10,-22],[-14,-1],[-48,72],[-55,-18],[-58,53],[-13,13],[-99,107],[-81,56],[-15,10],[-13,61],[109,-66],[126,-75],[79,-85],[13,-14]],[[194750,132263],[-8,-33],[-21,-43],[-35,-31],[-41,-11],[-4,20],[-27,11],[-51,-20],[-3,-22],[-19,24],[-20,-2],[-14,38],[12,6],[-11,41],[-25,-22],[-23,17],[25,29],[93,16],[130,1],[42,-19]],[[191089,135002],[133,-108],[81,-64],[26,-18],[-1,-14],[-103,37],[-70,55],[-36,28],[-34,-2],[-15,42],[-62,42],[-1,49],[63,-10],[19,-37]],[[190096,136334],[-11,-40],[-38,1],[-82,58],[43,38],[-26,90],[41,22],[40,-37],[-11,-72],[44,-60]],[[190564,136276],[21,-16],[27,3],[30,-24],[33,1],[41,-29],[31,-32],[-28,-13],[-9,25],[-45,15],[-31,-9],[-9,-26],[-57,-2],[-48,52],[-14,44],[15,13],[43,-2]],[[189510,136647],[-43,-12],[-128,126],[-19,39],[45,-1],[52,-33],[53,-33],[45,-55],[-5,-31]],[[190090,136069],[151,-100],[21,17],[15,-7],[5,-17],[25,-17],[-17,-11],[-10,-28],[-13,4],[-129,74],[-33,-3],[-43,76],[28,12]],[[188982,137126],[-16,-26],[-21,10],[-16,-19],[11,-33],[-10,-12],[49,-74],[-2,-18],[-58,38],[-32,-2],[-11,26],[30,20],[-15,23],[-5,41],[26,24],[20,43],[29,18],[21,-59]],[[190826,135452],[5,-33],[-50,17],[-110,105],[-6,13],[3,40],[48,-24],[10,-11],[10,-14],[90,-93]],[[196776,132301],[-23,-16],[-42,30],[-45,16],[-8,21],[-56,60],[34,10],[27,-22],[82,-38],[37,-32],[-6,-29]],[[191816,134559],[32,-13],[35,3],[35,-18],[17,5],[53,-49],[57,-16],[-6,-22],[-45,12],[-12,-12],[-59,22],[-62,54],[-9,-8],[-39,27],[3,15]],[[191251,134986],[-6,-11],[-162,94],[-5,30],[49,3],[17,-27],[63,-7],[44,-82]],[[189900,136340],[13,-38],[-61,23],[-20,55],[-50,40],[2,37],[25,13],[37,-15],[13,-19],[-1,-54],[42,-42]],[[190039,137816],[-6,-11],[-41,17],[-83,42],[-10,26],[3,34],[49,-14],[40,-23],[32,-31],[16,-40]],[[190567,135745],[-11,-20],[-48,24],[-59,52],[-48,77],[7,8],[96,-72],[54,-44],[9,-25]],[[193007,134035],[17,-32],[-13,-28],[-29,12],[-17,-23],[-32,-8],[-38,3],[26,59],[18,0],[-1,20],[47,6],[22,-9]],[[190065,136097],[-25,-25],[-34,18],[10,-40],[-17,-1],[-41,27],[-13,31],[44,5],[-14,34],[9,6],[81,-55]],[[189784,136188],[-4,-13],[-30,8],[-95,69],[-24,36],[14,9],[97,-63],[42,-46]],[[189471,137963],[-34,-11],[-34,18],[-53,42],[50,32],[36,-30],[35,-51]],[[194263,133109],[-115,-14],[-33,13],[38,36],[95,-5],[15,-30]],[[187933,137746],[-28,-21],[-14,9],[2,-30],[-11,-15],[-13,45],[13,29],[-24,17],[-6,19],[-24,8],[-1,34],[31,-9],[29,-57],[37,-6],[9,-23]],[[192352,134604],[-13,-36],[-7,18],[-51,34],[-29,33],[26,7],[-2,26],[19,-6],[39,-41],[18,-35]],[[190380,136494],[-8,-12],[-114,75],[-32,44],[25,9],[129,-116]],[[189562,136550],[-9,-15],[-33,5],[-19,31],[24,25],[4,27],[29,-16],[38,-52],[-34,-5]],[[192055,134610],[-8,-38],[-46,18],[0,30],[-34,23],[-6,33],[17,2],[38,-30],[22,-33],[17,-5]],[[189940,137717],[-11,-9],[-59,8],[-26,41],[23,2],[0,28],[53,-36],[20,-34]],[[192816,132689],[-11,-47],[-32,1],[-11,58],[10,33],[35,-19],[9,-26]],[[193546,133253],[-14,-10],[-58,13],[-36,2],[-28,21],[29,16],[28,-22],[63,-1],[16,-19]],[[190056,137694],[-2,-29],[-18,0],[-5,-24],[-43,28],[-8,26],[51,5],[25,-6]],[[192261,132769],[-39,-17],[-26,17],[60,42],[27,-9],[-22,-33]],[[196860,132223],[-26,-4],[-13,23],[16,46],[38,-26],[-15,-39]],[[193920,132194],[-22,-22],[-59,13],[15,29],[44,-2],[22,-18]],[[189917,136117],[-12,-31],[-29,11],[-30,31],[12,10],[35,-4],[24,-17]],[[190610,135799],[8,-32],[-45,17],[-39,48],[10,10],[48,-39],[18,-4]],[[190701,135407],[-19,-5],[-37,27],[-10,41],[35,-13],[31,-50]],[[190366,135797],[3,-19],[-23,2],[-20,22],[-39,17],[-10,13],[7,8],[38,-13],[44,-30]],[[189062,136686],[-10,-20],[-39,22],[-7,17],[5,19],[38,-12],[13,-26]],[[192098,134654],[68,-45],[-8,-13],[-21,16],[-20,-7],[-39,41],[20,8]],[[191982,134592],[-19,-14],[-61,44],[4,13],[50,-16],[26,-27]],[[191195,135182],[-25,-18],[-11,26],[-45,33],[10,12],[40,-23],[31,-30]],[[192857,133978],[-24,-4],[-2,21],[-33,7],[14,22],[37,0],[8,-46]],[[190945,135060],[4,-19],[-84,42],[20,18],[60,-41]],[[189017,137396],[-17,-9],[-2,32],[6,26],[22,30],[3,-16],[-12,-63]],[[192193,134617],[17,-39],[-33,2],[-12,33],[3,15],[25,-11]],[[192210,134732],[-13,-28],[-39,57],[6,13],[46,-42]],[[190178,136675],[-2,-25],[-42,31],[-6,16],[12,8],[38,-30]],[[197015,132213],[-13,-18],[-11,24],[-31,18],[23,22],[32,-46]],[[191594,135033],[-25,-21],[-28,27],[25,19],[28,-25]],[[192158,134696],[-24,-6],[-34,38],[7,11],[33,-20],[18,-23]],[[190364,135854],[-8,-17],[-54,44],[18,9],[44,-36]],[[190980,135210],[-8,-21],[-21,18],[-20,36],[19,0],[30,-33]],[[191305,134770],[-8,-23],[-46,12],[9,19],[45,-8]],[[191344,134742],[-11,-31],[-26,10],[-2,21],[6,9],[33,-9]],[[193051,133901],[10,-20],[-41,-2],[-10,32],[41,-10]],[[189308,136823],[-12,-24],[-27,21],[18,30],[21,-27]],[[191373,135296],[-27,-13],[-19,30],[28,12],[18,-29]],[[191621,134958],[-18,-7],[-16,21],[13,25],[19,-9],[2,-30]],[[196561,132375],[-27,-6],[-25,28],[36,7],[16,-29]],[[190166,135750],[-24,-4],[-14,35],[11,10],[26,-25],[1,-16]],[[191681,135035],[-17,-15],[-26,35],[29,11],[14,-31]],[[191075,134919],[-26,-26],[-21,35],[6,12],[41,-21]],[[194854,141184],[-21,-16],[-25,14],[29,29],[17,-27]],[[196619,132373],[-16,-31],[-25,20],[10,27],[31,-16]],[[189119,136838],[-31,-15],[-16,28],[25,12],[22,-25]],[[188305,137383],[-26,-27],[-10,26],[13,30],[23,-29]],[[189610,136845],[-19,-33],[-19,28],[18,26],[20,-21]],[[193596,133271],[2,-33],[-34,3],[14,43],[18,-13]],[[191076,135126],[-11,-21],[-14,1],[-19,27],[16,10],[13,-3],[15,-14]],[[191239,134785],[-23,-17],[-25,18],[28,25],[20,-26]],[[189565,136679],[-24,-6],[-12,38],[33,-1],[3,-31]],[[194846,132278],[-16,-5],[-1,43],[24,17],[10,-17],[-21,-18],[4,-20]],[[196499,132419],[-15,-15],[-36,25],[25,18],[26,-28]],[[194829,132260],[-10,-22],[-33,20],[21,28],[22,-26]],[[191562,134670],[-28,-2],[-14,24],[14,14],[23,-12],[5,-24]],[[194450,132272],[-8,-53],[-18,4],[3,48],[23,1]],[[192257,134570],[-19,-33],[-23,29],[12,17],[30,-13]],[[190166,135914],[-20,-15],[-24,49],[11,7],[33,-41]],[[191527,134660],[-1,-31],[-42,38],[6,15],[37,-22]],[[190050,135971],[1,-36],[-40,24],[19,22],[20,-10]],[[202949,149038],[52,79]],[[203001,149117],[87,73],[106,-27],[-19,-68],[57,-59],[88,-11],[14,-78],[43,-44],[11,-41],[106,-129],[43,36],[164,30],[71,-86],[85,-44],[5,-21],[12,-46],[52,-50],[30,-114],[137,-15],[93,79],[19,16],[62,-11],[17,26],[57,-19],[28,18],[28,-61],[107,-103],[-45,-173],[119,-79]],[[204578,148116],[-43,-86],[-25,-48],[-90,-65],[-62,-14],[43,-131],[-85,-35],[-17,-7],[-38,-122],[-25,-27],[-112,-58],[-94,-15],[-160,75],[-57,-43],[-12,-158],[-135,3],[-69,27],[-3,-59],[-83,-56],[-5,-84],[-49,-43],[-48,-254],[-14,-26],[-46,0],[-19,7],[-18,-3],[-15,-56],[-84,-97],[0,-39],[-38,-18],[-33,-86],[2,-66],[46,-79],[20,-76],[-13,-97],[-132,-66],[-66,-183],[-14,-71],[11,-41],[-24,-52],[-19,-43],[26,-142],[-53,-52],[-14,-14],[-22,-169],[-116,-53],[-38,-111],[-76,-73],[19,-43],[33,-9],[23,-35],[-14,-79],[17,-40],[-63,-83],[-66,-32],[36,-100],[-15,-74],[-132,-105],[4,-102],[-43,-98],[81,-63],[14,-45],[-54,-101],[-112,-9],[5,-38],[42,-33],[-14,-38],[-40,-35],[-15,-50],[-83,18],[-69,-30],[-20,-35],[-10,-66],[28,-37],[-36,-74],[-24,-50],[-11,-102],[28,-56],[53,-20],[40,-67],[-31,-118],[-116,1],[-39,-42],[2,-138],[-32,-57],[5,-85],[-104,-16],[-19,-103],[-70,-68],[-44,5],[-39,37],[-122,-18],[-36,32],[-50,-45],[-92,48],[-179,-55],[-40,-77],[40,-121],[-66,-4],[2,-29],[15,-11],[-19,-19],[-7,-54],[-16,-21],[-35,-42],[-51,-6],[-40,-60],[-158,94],[-21,12],[-96,20],[-19,-63],[-53,-71],[-174,10],[-35,27],[-100,-58],[-56,-78]],[[200367,142306],[-15,-20],[-47,13],[-105,70],[-87,-42],[-86,70],[-59,-90],[-52,0],[-34,60],[-33,9],[-128,-20],[-41,-27],[-93,-62],[-92,-66],[-110,35],[-134,93],[-29,-21],[-46,8],[-54,-52],[-117,1],[-57,-73],[-46,-25],[-4,-24],[34,-50],[-89,-69],[-12,-51],[-79,-102],[-59,-34],[-38,27],[-24,-9],[-45,-38],[-82,-70],[48,-58],[-283,-21],[-61,94],[-43,8],[-57,-93],[-9,-15],[13,-97],[-114,-39],[-12,-88],[-168,-3],[-45,-38]],[[193172,142470],[-129,62],[-16,76],[-33,68],[-8,15],[-47,9],[-91,113],[-109,70],[-4,61],[54,16],[-1,80],[-64,13],[-35,7],[-11,55],[-25,-11],[-75,92],[4,59],[-29,19],[2,38],[42,32],[12,74],[-15,27],[-115,72],[-86,0],[-166,-71],[-76,34]],[[193860,146809],[56,37],[20,7],[44,-5],[20,9],[7,11],[14,-28],[51,-40],[124,-3],[133,-109],[117,-157],[142,-50],[83,-119],[55,10],[23,4],[26,-20],[176,-130],[143,-37],[11,-2],[19,8],[22,10],[40,-7],[39,12],[24,9],[62,-10],[139,59],[67,-13],[140,39],[408,-24],[293,124],[77,-20],[122,45],[166,4],[121,83],[45,83],[89,37],[103,3],[1,22],[-69,62],[-109,56],[-20,116],[14,100],[-37,59],[98,66],[3,124],[21,27],[169,46],[23,8],[36,3],[42,-6],[14,15],[7,24],[22,11],[1,15],[9,7],[85,-38],[50,35],[91,16],[200,-22],[97,98],[105,21],[98,1],[68,47],[41,-27],[34,48],[7,103],[22,45],[-11,57],[12,33],[18,50],[87,53],[82,94],[75,-20],[63,-83],[43,0],[60,39],[94,-50],[6,-14],[-15,-56],[12,-21],[111,53],[60,-8],[42,-40],[10,-60],[16,7],[33,15],[77,98],[74,36],[53,-12],[34,56],[-1,18],[91,102],[6,83],[114,6],[61,90],[124,-24],[49,79],[107,229],[0,146],[75,109],[-9,29],[64,88],[-4,120],[45,-4],[28,36],[14,-1],[52,-3],[214,119],[223,66],[81,-66],[90,24],[89,-83],[94,37],[94,-3],[111,-75],[66,85],[105,63],[153,-9],[23,41],[-2,56],[167,36],[39,67],[142,-59],[79,-108],[128,12],[44,-112],[66,-84],[49,-103],[57,-24],[68,-78],[184,-16],[32,83],[139,33],[177,94],[118,-15],[63,16]],[[172750,150659],[3,-20],[36,-11],[-7,-39],[16,-26],[82,-49],[92,0],[46,-28],[5,-56],[28,-38],[83,-25],[47,41],[65,-31],[63,98],[40,-4],[45,47],[128,2],[54,-26],[33,-55],[72,-47],[55,-19],[5,20]],[[174594,140484],[-61,-35],[-40,-99],[-115,-62],[-59,-17],[-56,16],[-30,-49],[-41,30],[-48,-9],[-26,-44],[6,-50],[-22,-61],[13,-150],[68,-98],[104,-42],[37,-79],[78,8],[66,-43],[-36,-132],[22,-47],[-3,-115],[17,-79],[93,-34],[3,-56],[100,-18],[-7,-34],[28,-64],[125,-86],[-51,-121],[-97,-98],[40,-119],[-14,-90],[-113,-96],[-54,36],[-151,-42],[-57,-97],[-102,-16],[-7,-73],[-75,-19],[-159,86],[-59,-48],[-117,1],[-38,-44],[-73,-32],[55,-118],[18,-123],[106,-14],[38,-29],[-8,-56],[39,-77],[-26,-155],[219,-165],[91,-16],[47,38],[128,-62],[40,-57],[-41,-86],[34,-53],[13,-102],[25,-40],[47,-20],[10,-89],[-168,26],[-50,-35],[-33,-56],[28,-94],[-56,-55],[-20,-73],[-46,-44],[-58,-15],[-48,-70],[43,-125],[113,-134],[-87,-41],[-5,-111],[-19,-47],[59,-32],[85,-152],[55,-52],[45,-123],[50,-26],[78,3],[119,-72],[56,-6],[92,-84],[54,-15],[61,-66],[139,-18],[44,-64],[118,-10],[168,62],[221,20],[62,63],[63,-5],[-8,-126],[77,-120],[4,-68],[-34,-53],[-68,-40],[3,-80],[-36,-57],[-162,-86],[-32,-124],[-120,-71],[-7,-59],[58,-187]],[[175356,134517],[-70,-38],[-29,-50],[-46,20],[-43,-23],[-10,0],[-41,-37],[-6,-14],[7,-11],[-140,-28],[-41,-69],[-27,31],[-36,-28],[-98,3],[-83,-93],[-108,-6],[-40,-43],[-21,-63],[1,-176],[-78,60],[-113,-73],[-56,24],[-84,-11],[-57,-60],[8,-65],[-40,-47],[-42,-91],[-137,-85],[-197,19],[-92,-185],[-249,-193],[14,-31],[146,14],[33,-25],[-44,-82],[-1,-97],[-80,-71],[-143,43],[-132,-79],[-225,-25],[-49,-43],[-36,-91],[-174,81],[-137,-11],[-82,-74],[-39,-145],[-68,16],[30,59],[-29,65],[-167,10],[-55,59],[-177,51],[-41,-9],[4,-63],[-66,-80],[-58,-15],[-70,55],[-2,113],[-75,71],[-127,39],[-54,92],[-91,25],[-56,-62],[-61,38],[-63,101],[-66,-27],[-88,32],[-232,25],[2,40],[52,66],[-39,86],[25,89],[-30,65],[-70,63],[-179,-70],[-376,26],[-88,164],[9,39],[-36,9],[-14,38],[-7,23],[-77,22],[-66,-34],[-51,31],[-6,-28],[-31,-16],[-22,-60],[11,-38],[63,-52],[-101,-65],[-139,56],[-221,11],[-129,38],[-61,70],[56,55],[4,41],[-21,50],[-64,45],[-170,31],[-117,-14],[-353,62],[-130,42],[-37,20],[-34,29],[-30,61],[19,7],[7,26],[25,7],[7,19],[-23,38],[-49,33],[-188,6],[-215,-81],[-115,-71],[-134,-122],[-133,-52],[-32,-41],[-155,-44],[-292,-266],[-230,45],[-176,-68],[-163,-104],[-204,-191],[-100,-133],[-95,-161],[-64,-169],[-13,-76],[31,-63],[-50,-206],[-24,-206],[-38,-315],[4,-155],[4,-121],[68,-72],[93,-36],[-10,-86],[47,-35],[32,-111]],[[163200,131825],[2,25],[-5,14],[28,34],[8,48],[10,16],[26,21],[39,-1],[37,20],[-110,67],[7,57],[-266,67],[-94,84],[-81,-13],[-61,19],[-27,-38],[-5,-65],[-64,-16]],[[156310,135111],[71,74],[132,14],[52,-16],[152,98],[194,240],[196,283],[347,971],[55,155],[7,20],[177,560],[136,508],[37,214],[166,268],[52,10],[61,-42],[93,-13],[116,42],[-56,136],[-165,168],[-145,-147],[-71,-159],[-18,21],[419,1671],[104,534],[43,102],[104,125],[64,14],[17,-37],[-17,-66],[11,-47],[393,-485],[70,-207],[21,-253],[41,-195],[17,-79],[45,-88],[50,-30],[-31,223],[-17,437],[-3,95],[-55,280],[-120,224],[-224,224],[-111,166],[-344,288],[25,183],[94,40],[226,-168],[-97,158],[-37,141],[140,151],[91,357],[-108,284],[-94,79],[-16,42],[58,116],[137,121],[48,107],[72,37],[-221,25],[-64,-111],[-115,117],[-14,0],[-4,-31],[-16,4],[-83,143],[-212,37],[-73,170],[-205,71],[-250,243],[-68,32],[-63,356],[-105,211],[-52,38],[-54,122],[-104,125],[-102,124],[-18,47],[13,157],[59,21],[27,43],[96,77],[21,17],[87,140],[95,45],[-34,94],[-82,108],[-20,11],[-298,169],[35,31],[72,5],[32,26],[30,103],[-12,85],[42,78],[181,16],[69,6],[203,-64],[108,-88],[15,16],[-152,142],[-115,51],[-117,8],[-69,4],[-138,-17],[-65,-51],[-178,-64],[-155,142],[-57,3],[-45,-35],[-178,109],[-5,17],[18,8],[86,-37],[15,39],[-44,36],[-6,91],[-50,91],[134,75],[64,4],[3,89],[-45,23],[-7,43],[61,94],[-68,60],[-119,21],[-16,71],[-81,-4],[-138,-83],[-208,4],[-72,45],[-71,122],[21,24],[69,-32],[185,-15],[106,124],[-119,94],[-144,-6],[-119,-45],[-78,61],[-44,-116],[-104,69],[-218,5],[-121,253],[-110,143],[-69,35],[4,89],[-129,-63],[-82,6],[-44,35],[-70,182],[8,138],[28,75],[-33,-61],[-18,-101],[-60,-45],[-194,64],[-105,82],[-95,-3],[-113,38],[-69,100],[-41,121],[-67,68],[-32,-11],[-43,-61],[-40,-10],[-151,63],[-145,11],[-16,-26],[-4,-77],[-69,-49],[-112,5],[-162,59],[-10,39],[37,80],[4,97],[-24,117],[-58,132],[-145,144],[-112,37],[-206,144],[85,49],[510,2],[145,-48],[65,43],[22,133],[-20,72],[-55,61],[-226,115],[-157,-98],[6,158],[-66,91],[57,49],[50,86],[26,-9],[12,-82],[62,-37],[212,-60],[126,10],[92,-28],[17,19],[-75,74],[0,82],[-161,-13],[-54,24],[10,58],[53,75],[-6,17],[-166,-9],[-233,-50],[-115,37],[-135,-13],[-53,86],[28,44],[5,106],[55,122],[21,107],[53,78],[119,69],[125,12],[119,50],[57,48],[159,-16],[212,71],[60,-29],[18,-61],[43,-14],[101,11],[138,71],[166,-31],[85,49],[81,14],[26,-31],[7,-140],[76,-14],[69,-93],[64,136],[76,48],[253,-97],[18,-48],[-22,-44],[63,42],[50,-23],[45,12],[19,95],[65,35],[-39,110],[13,79],[57,-2],[61,67],[82,-6],[99,-101],[181,59],[110,-5],[76,46],[24,-27],[10,-84],[85,62],[114,14],[20,-29],[2,-101],[111,-33],[-3,-33],[-35,-42],[10,-31],[133,-72],[-4,-103],[155,-213],[8,-162],[21,-22],[115,-117],[46,-151],[51,50],[79,7],[163,132],[127,51],[59,63],[115,-15],[150,58],[40,-42],[-18,-91],[93,-10],[65,-132],[68,-11],[52,44],[44,-11],[-24,60],[14,22],[126,-12],[16,-2],[38,-44],[22,-92],[26,-34],[-21,-40],[45,-79],[-21,-44],[4,-31],[36,33],[32,29],[-27,3],[-14,114],[30,22],[-21,16],[-45,32],[-11,129],[93,80],[33,6],[14,0],[41,29],[59,-20],[97,16],[11,-67],[-46,-43],[-19,-62],[24,-62],[46,-33],[206,-43],[259,13],[161,-45],[198,42],[-20,34],[4,50],[-90,-28],[-71,74],[-33,30],[-30,107],[-62,68],[19,158],[-32,97],[85,180],[28,-8],[16,56],[-14,66],[8,68],[49,163],[-24,6],[-48,-64],[-13,220],[31,91],[34,36],[-15,52],[4,162],[39,39],[-32,23],[-51,-26],[-80,274],[3,64],[-45,6],[-64,99],[-45,38],[-19,15],[-10,64],[12,123],[-18,156],[-46,86],[89,114],[14,131],[-28,97],[-113,83],[17,111],[28,13],[74,-54],[60,4],[52,-73],[209,-87],[130,-88],[175,2],[109,80],[129,12],[218,-66],[42,-122],[4,-103],[-44,-17],[-37,-51],[-50,-17],[-32,-91],[67,-184],[118,-227],[1,-56],[-14,-34],[-22,-56],[77,-15],[23,-41],[-7,-52],[27,106],[44,37],[28,22],[239,-8],[110,-70],[116,-73],[196,-47],[553,-129],[243,-158],[28,-67],[43,43],[221,1],[174,59],[188,121],[100,65],[90,22],[69,17],[141,-7],[146,14],[53,5],[189,74],[32,-17],[117,-146],[41,-4],[49,25],[-100,0],[-92,126],[-14,9],[-32,20],[-240,-65],[-329,45],[-16,8],[-97,41],[5,29],[-63,76],[-36,45],[40,88],[17,28],[136,209],[52,130],[35,27],[47,36],[232,59],[90,43],[282,134],[127,61],[214,27],[135,-12],[353,83],[112,-18],[82,17],[248,94],[276,188],[80,34],[138,98],[92,192],[78,72],[50,14],[59,-84],[56,6],[76,-53],[31,19],[-2,70],[-99,42],[-37,107],[-67,19],[-12,40],[-7,22],[59,216],[116,-5],[35,-40],[-32,55],[-72,45],[-30,65],[80,335],[55,6],[-46,120],[11,341],[15,66],[45,45],[35,93],[-6,261],[115,39],[102,88],[153,82],[527,93],[71,-14],[74,53],[51,-57],[5,40],[36,28],[121,-10],[129,38],[48,-28],[159,34],[172,57]],[[323866,1344],[80,-9],[66,-48],[32,-127],[211,-129],[138,-2],[26,-61],[-80,-191],[3,-231],[-25,-54],[-73,-76],[-367,-241],[-269,-100],[-264,-52],[-127,-12],[-78,26],[-163,-37],[-38,41],[-89,17],[-34,47],[4,105],[-179,114],[-17,89],[40,71],[116,105],[19,95],[23,113],[110,46],[205,224],[154,97],[74,9],[340,137],[162,34]],[[291949,7523],[-29,-25],[-22,5],[20,48],[31,-28]],[[292102,7632],[-45,-51],[-46,52],[19,17],[29,58],[45,-32],[-2,-44]],[[291581,7601],[41,5],[15,15],[31,-6],[34,48],[28,-8],[84,26],[97,-15],[8,-27],[-26,-27],[24,-21],[-51,-48],[-41,-77],[-25,-31],[9,-9],[-29,-28],[24,-5],[30,-32],[27,7],[6,-18],[27,9],[-18,-43],[-52,-51],[-3,-22],[18,-22],[-45,-19],[-22,-37],[5,-25],[-23,-22],[31,-36],[69,4],[-23,-36],[-35,-13],[-11,-20],[-30,26],[-35,-20],[-6,-40],[-29,-21],[-26,6],[-25,-14],[-22,22],[-37,-28],[-5,68],[-42,-32],[-31,-2],[45,52],[9,42],[-14,10],[-28,-14],[-22,7],[-37,40],[80,32],[21,-48],[69,-4],[52,14],[6,12],[-43,1],[27,51],[2,28],[-76,22],[-26,22],[-29,-4],[-28,13],[53,60],[-30,-4],[4,49],[-19,25],[14,28],[-24,-4],[10,37],[-6,27],[-21,-18],[-51,-10],[-49,17],[-28,-20],[-25,23],[37,48],[-44,-2],[21,61],[44,22],[19,46],[25,22],[14,34],[45,-5],[41,-29],[32,-7],[14,-57]],[[291499,7735],[-24,-22],[-21,3],[5,15],[34,21],[6,-17]],[[291509,7762],[-12,-10],[-8,1],[7,13],[13,-4]],[[291308,7697],[-27,-26],[-41,10],[17,26],[51,-10]],[[8080,96527],[-46,7],[8,46],[21,-13],[17,-40]],[[7623,98415],[-33,5],[-10,21],[16,18],[31,-13],[-4,-31]],[[5341,102333],[-13,-26],[167,-225],[285,-682],[209,-370],[162,-188],[157,-233],[54,-47],[2,45],[39,-26],[244,-424],[85,-224],[107,-159],[23,-86],[29,36],[105,-127],[105,-373],[13,-169],[53,-139],[66,-315],[69,-187],[46,-196],[-4,-55],[63,-193],[42,-65],[165,-602],[46,-239],[28,-38],[76,3],[70,-54],[46,-156],[-10,-53],[23,-142],[43,-79],[12,-108],[50,-158],[67,-103],[160,-458],[138,-229],[133,-137],[68,-234],[-3,-150],[-73,-256],[12,-144],[-30,-70],[46,-135],[49,-54],[-90,-38],[-29,-153],[25,-287],[29,-102],[12,-43],[-218,-287],[-350,49],[-144,-157],[-244,-48],[-143,18],[-64,-103],[-129,32],[-138,-149],[-290,-113],[-504,-272],[-125,-37],[-69,60],[-64,6],[-98,-81],[-87,13],[-65,-57],[-26,-171],[-166,-120],[-90,-64],[-25,-92],[-135,5],[-179,-111],[-110,-121],[-151,-93],[-72,-4],[-23,-188],[-91,-27],[-47,-69],[-163,-1],[-25,-43],[-70,10],[-114,-95],[-470,155],[-111,-12],[-138,-74],[-176,96],[-139,191],[-44,138],[-57,81],[-319,253],[-82,38],[23,52],[132,31],[-140,431],[-41,32],[-69,-27],[-166,49],[-90,-3],[-172,160],[-122,200],[-90,102],[-31,99],[-139,177],[0,30],[59,47],[-15,88],[-41,49],[-170,36],[-19,-59],[-129,100],[-93,-36],[-55,80],[-101,-97],[-111,62],[-74,11],[-99,107],[-115,-77],[-51,-8],[-31,25],[-75,119],[-16,167],[-103,40],[-137,122],[-102,141],[-7,172],[-100,77],[-30,73],[-81,84],[-39,176],[-56,118],[50,12],[-4,137],[-34,59],[-67,49],[-6,57],[51,3],[49,-52],[50,-108],[41,-27],[74,110],[96,38],[146,-102],[225,56],[44,53],[77,42],[78,93],[111,18],[98,93],[159,15],[63,56],[18,63],[73,15],[9,92],[53,91],[99,68],[-7,83],[46,61],[12,135],[43,23],[30,64],[4,75],[-38,56],[26,63],[85,67],[167,38],[104,7],[69,-42],[39,5],[106,143],[134,28],[151,269],[110,102],[-4,141],[-88,77],[-31,152],[35,143],[-7,259],[-129,186],[30,107],[-60,131],[9,143],[-42,157],[19,244],[-29,177],[81,118],[75,57],[-81,252],[20,36],[68,122],[28,117],[64,126],[-17,78],[-54,48],[-6,32],[110,211],[41,174],[85,44],[62,82],[10,136],[52,57],[39,114],[-37,144],[155,411],[118,48],[97,153],[123,112],[122,-8],[376,153],[198,-42],[172,7],[156,64],[311,47],[84,71],[47,94],[56,158],[183,102],[78,-65],[66,-106],[14,27],[29,-28],[18,-30]],[[4206,139443],[-36,17],[4,34],[30,-3],[2,-48]],[[4127,140225],[1,-36],[25,-29],[13,-45],[-14,-73],[24,-43],[-15,-13],[-6,-41],[2,-141],[-19,-51],[3,-16],[33,11],[51,-19],[18,-34],[53,-25],[29,-4],[11,-38],[-20,-37],[-8,42],[-22,12],[-8,-34],[-22,0],[-15,-20],[-20,29],[-5,64],[-29,30],[-43,-36],[12,-54],[-6,-22],[28,-14],[-17,-31],[8,-43],[-24,3],[-31,35],[-16,-15],[-8,24],[-32,-18],[1,-70],[42,-7],[25,-34],[0,-21],[25,-10],[-21,-23],[-40,29],[-2,-54],[-25,-24],[28,-57],[-27,-70],[21,-43],[-25,-49],[1,-44],[16,-21],[-27,-20],[-17,-74],[-37,-8],[12,-29],[-18,-35],[4,-34],[-11,-36],[-31,-9],[-5,-27],[-22,2],[-45,-49],[-28,12],[-17,31],[-9,-48],[-16,16],[-35,-7],[-31,37],[-1,42],[11,51],[42,13],[17,31],[39,-22],[21,30],[-15,25],[-71,2],[-4,60],[14,16],[-48,39],[-32,57],[-8,41],[-21,12],[5,31],[-18,28],[-17,-24],[-5,53],[-17,4],[-8,41],[-46,32],[-39,-15],[-25,37],[8,33],[-14,36],[30,36],[-9,36],[25,12],[-19,44],[61,27],[29,-5],[20,-25],[47,-2],[19,-35],[-20,-19],[9,-43],[22,-35],[52,-23],[17,35],[-21,37],[25,35],[-10,49],[29,9],[18,41],[-44,31],[-13,-27],[-14,37],[-19,12],[-9,46],[-37,41],[5,107],[-27,73],[6,36],[-8,36],[14,99],[23,113],[67,59],[7,23],[-3,85],[7,43],[-10,27],[12,77],[26,48],[55,29],[51,5],[60,-29],[40,-38],[34,-50],[46,-129],[-3,-36],[25,-87]],[[4870,143673],[-11,-7],[-25,56],[35,7],[1,-56]],[[4836,143816],[-46,-7],[-13,60],[26,16],[31,-3],[14,-40],[-12,-26]],[[4936,143724],[-31,-2],[-11,25],[-18,-4],[-4,31],[12,7],[26,-32],[19,27],[32,-33],[-25,-19]],[[5488,142975],[-72,68],[-27,73],[-13,67],[7,54],[13,12],[42,92],[56,-6],[34,42],[23,-17],[15,11],[51,4],[29,-25],[36,-147],[-19,-69],[10,-72],[-7,-44],[-29,-49],[-41,-22],[-35,15],[-20,-4],[-53,17]],[[6192,143312],[-40,51],[1,16],[14,-1],[32,-38],[-7,-28]],[[6461,143547],[-49,29],[10,29],[26,1],[21,-26],[16,8],[32,-30],[14,2],[57,-33],[44,-10],[13,-13],[-13,-54],[-39,25],[-82,23],[-50,49]],[[5719,144839],[-11,-35],[-29,55],[24,15],[16,-35]],[[6042,144461],[-12,-126],[40,-102],[21,-20],[26,-50],[4,-29],[29,-83],[6,-78],[-14,-114],[27,-110],[-11,-5],[-65,106],[-96,83],[-43,63],[-85,74],[-39,7],[-16,24],[-47,20],[-54,57],[-29,11],[-35,31],[-23,65],[-29,46],[8,30],[-24,29],[-1,31],[17,41],[4,62],[-11,8],[-25,-36],[-11,28],[-37,53],[-32,-23],[-19,-43],[-25,-7],[-14,-30],[1,-34],[-21,-8],[-15,-36],[4,-23],[-21,-35],[8,-44],[-30,-4],[-16,-23],[-11,-59],[-52,-70],[-12,-33],[-28,-5],[-42,-24],[-91,18],[-42,-2],[-30,-18],[-30,16],[-25,45],[-28,6],[-11,22],[-30,-2],[-47,41],[-10,23],[30,56],[6,175],[32,65],[2,66],[9,33],[46,60],[3,18],[31,52],[37,33],[0,41],[21,13],[31,45],[0,29],[21,27],[3,28],[39,32],[16,39],[4,72],[33,80],[20,1],[38,46],[22,0],[4,31],[35,-10],[18,21],[42,7],[27,-15],[24,-32],[25,-4],[15,-42],[-6,-81],[24,-52],[2,-41],[16,-27],[-3,-24],[33,-39],[7,-29],[-12,-14],[18,-62],[29,-36],[-1,-14],[-31,-9],[-7,24],[-27,-6],[-7,-17],[22,-20],[-10,-28],[26,-9],[-2,-34],[20,-11],[34,9],[25,-25],[15,-38],[38,29],[39,0],[32,45],[41,2],[18,-38],[20,8],[24,-20],[6,40],[30,21],[0,52],[-19,39],[14,70],[20,34],[11,44],[32,21],[57,-1],[23,-16],[24,11],[40,-20],[54,5],[3,-47],[23,-40],[-6,-34],[10,-108],[-53,-137],[-38,-23],[-35,-44],[-13,-41]],[[6154,152305],[17,-46],[22,-19],[-10,-31],[-11,30],[-47,10],[-4,54],[33,2]],[[6413,152110],[-86,-139],[-13,7],[-11,17],[-22,33],[-9,44],[-11,21],[-47,7],[-24,18],[91,78],[126,-42],[6,-44]],[[6510,152022],[-25,-34],[-18,50],[24,11],[19,-27]],[[178843,127741],[-9,-17],[-11,17],[-33,12],[24,24],[29,-36]],[[177792,129070],[-28,-8],[-4,8],[0,13],[18,19],[14,-10],[0,-22]],[[179129,129105],[2,-51],[-12,-121],[11,-225],[-50,-102],[-2,-69],[-72,-83],[-76,-7],[-40,-51],[11,-26],[66,17],[60,-43],[-154,-152],[-16,-127],[-104,-140],[1,-34],[35,-34],[-66,-88],[-43,-10],[-186,80],[-2,103],[-88,77],[-291,88],[-100,69],[-54,12],[-22,58],[-95,53],[-22,107],[30,77],[143,54],[73,97],[-169,70],[-68,-3],[-33,76],[-113,-18],[-74,47],[82,77],[14,72],[91,54],[9,61],[26,48],[18,115],[-34,61],[-50,17],[-98,-47],[-187,8],[-22,142],[108,38],[25,97],[104,56],[47,56],[-86,148],[-82,5],[-150,102],[-22,185],[-26,70],[231,66],[26,31],[-47,75],[-98,44],[15,59],[-14,28],[-114,0],[-9,65],[45,36],[65,13],[17,85],[35,2],[58,4],[-3,62],[47,70],[-46,32],[34,93],[94,40],[12,75],[-17,50],[15,20],[23,-42],[56,6],[18,-26],[35,-3],[39,32],[21,66],[9,29],[107,16],[37,47],[83,27],[193,13],[82,46],[12,90],[131,101],[202,5],[69,-44],[69,-108],[55,36],[63,136],[-2,64],[-3,92],[-57,105],[51,82],[-22,99],[64,63],[-24,200],[27,28],[20,3],[37,6],[107,-18],[46,-49],[-12,-65],[34,-85],[42,-348],[-46,-115],[-5,-14],[-41,-247],[35,-91],[82,-120],[26,-38],[29,-90],[-4,-162],[25,-153],[-21,-181],[50,-232],[-1,-256],[-23,-244],[-281,-406],[-3,-100],[-34,-114],[7,-57]],[[172987,132484],[2,-28],[-17,-32],[-25,-6],[-11,13],[-42,6],[30,41],[17,-7],[46,13]],[[172649,132499],[2,-47],[-72,-21],[-25,-25],[-16,17],[-60,40],[5,15],[31,5],[35,-23],[26,7],[5,23],[28,-8],[25,35],[16,-18]],[[173107,132478],[-23,-9],[-19,10],[-28,-33],[-11,10],[15,45],[39,8],[27,48],[82,15],[1,-20],[-47,-10],[-31,-43],[-5,-21]],[[171715,132709],[-23,-18],[-17,13],[8,27],[15,2],[17,-24]],[[171972,132725],[20,-21],[26,16],[27,-31],[-15,-20],[-25,16],[-46,-12],[-21,27],[34,25]],[[170917,133048],[-11,-34],[-31,24],[24,25],[18,-15]],[[170725,133275],[-16,-8],[-18,37],[28,16],[6,-45]],[[170760,133315],[-24,-2],[-4,20],[23,22],[15,-13],[-10,-27]],[[174371,133824],[-3,-19],[-38,3],[-11,13],[12,12],[40,-9]],[[159232,139701],[-16,-18],[-5,59],[18,12],[3,-53]],[[159204,139819],[-15,-4],[-11,71],[10,26],[14,-2],[3,-12],[-1,-79]],[[158722,142060],[-32,-5],[-8,38],[31,-7],[9,-26]],[[158633,142256],[-39,3],[9,26],[26,5],[4,-34]],[[158488,141748],[-89,-66],[-13,27],[-1,128],[-18,75],[-35,50],[-90,80],[-68,104],[-7,66],[16,57],[-17,136],[62,-28],[105,-143],[129,-43],[0,-174],[48,-82],[17,-34],[-52,-92],[13,-61]],[[158105,142984],[11,-40],[-22,-12],[-26,19],[-28,-16],[11,-32],[18,-9],[12,-29],[16,21],[18,2],[35,34],[61,-4],[19,-7],[-16,-24],[-31,-5],[-3,-14],[22,-19],[44,-12],[69,0],[20,-6],[60,-60],[26,3],[24,-12],[14,-64],[24,-29],[-28,-30],[-49,4],[-90,47],[-58,68],[-74,51],[-49,39],[-31,9],[-63,-14],[-52,33],[-11,48],[-25,50],[0,23],[36,-8],[64,30],[30,-7],[22,-28]],[[156749,144488],[3,-34],[-38,14],[-44,-19],[-17,22],[-39,14],[-10,17],[-22,1],[0,17],[-22,31],[-1,25],[42,19],[58,-22],[15,-28],[38,-8],[37,-49]],[[157030,145299],[-9,-45],[-19,14],[-18,-37],[21,-19],[112,-89],[13,-34],[-3,-43],[-26,-63],[-12,17],[-17,84],[-28,52],[-42,47],[-36,6],[-29,-14],[-11,5],[-26,59],[-35,36],[3,21],[24,34],[-6,40],[42,5],[47,-11],[12,-24],[33,-15],[10,-26]],[[155974,146442],[-10,-33],[-42,-6],[-8,19],[9,16],[28,-7],[23,11]],[[155360,146599],[42,-20],[26,1],[0,-46],[11,-17],[-4,-22],[35,-23],[6,-14],[37,-28],[54,-7],[21,-28],[-50,-54],[-30,-12],[-43,34],[-36,2],[-37,20],[-25,29],[-27,-12],[-29,14],[-33,-6],[-30,32],[-14,35],[28,21],[-26,43],[-10,45],[14,48],[20,1],[3,44],[59,-51],[27,-11],[11,-18]],[[155775,146623],[15,-22],[20,-1],[17,-19],[-9,-19],[-37,16],[-20,37],[14,8]],[[156521,146822],[-24,-39],[-19,15],[19,29],[24,-5]],[[155602,146874],[0,-13],[-32,3],[-15,19],[-26,-6],[-7,12],[-13,133],[43,30],[18,-118],[32,-60]],[[156111,147094],[-17,-52],[-14,6],[17,54],[16,22],[15,-2],[-1,-22],[-16,-6]],[[156233,147093],[-41,-21],[-5,17],[32,26],[14,-22]],[[155077,147404],[-17,-29],[-29,25],[-48,-11],[-39,30],[-32,35],[-12,29],[31,8],[65,-27],[23,-17],[35,-9],[23,-34]],[[155247,147561],[-22,-26],[-13,43],[20,9],[15,-26]],[[154046,147788],[-21,0],[-9,6],[9,37],[21,-15],[0,-28]],[[152641,150033],[-29,-3],[-4,31],[25,9],[8,-37]],[[152494,150301],[-8,-22],[12,-23],[-22,-24],[-39,11],[-22,-25],[-37,-3],[-2,17],[25,2],[4,32],[-41,-2],[-24,-9],[-7,13],[14,19],[50,8],[4,16],[28,5],[15,-12],[30,21],[20,-24]],[[154557,150683],[5,-33],[-26,9],[-19,-13],[-18,22],[25,22],[33,-7]],[[156435,150579],[-26,0],[-3,16],[10,40],[29,2],[1,-33],[-11,-25]],[[158594,150306],[-21,-23],[-12,9],[10,34],[16,4],[7,-24]],[[151834,168029],[-150,-41],[-131,-94],[-139,27],[-92,51],[-39,-42],[-76,-84],[-195,-23],[8,-41],[-14,-38],[63,-107],[42,-119],[73,-54],[20,-62],[28,-86],[112,-81],[-19,-192],[8,-27],[44,-42],[193,-43],[16,-62],[56,-55],[15,-74],[50,-30],[28,-51],[52,13],[64,-44],[66,53],[63,5],[-22,-37],[62,-19],[-20,-38],[45,4],[61,-52],[66,7],[59,73],[20,43],[2,48],[40,42],[161,23],[19,81],[-31,55],[4,33],[-41,48],[54,30],[3,63],[61,-8],[64,26],[124,121],[60,23],[141,-147],[16,-75],[39,-60],[6,-19],[-10,-110],[-41,-27],[57,-58],[4,-106],[22,-52],[74,-93],[75,28],[72,-73],[-2,-82],[-60,-80],[1,-55],[-26,-47],[-15,-28],[37,-90],[55,-4],[32,21],[109,-21],[70,31],[25,-24],[24,-25],[70,-10],[64,41],[27,83],[25,-10],[20,-55],[63,39],[32,-34]],[[153777,166110],[18,-65],[87,-136],[67,-53],[16,-79],[-110,-38],[-107,47],[-137,102],[-67,-85],[-39,-79],[-9,-126],[24,-56],[138,-104],[-47,-118],[40,-67],[-52,-80],[-28,-94],[-6,-266],[38,-30],[43,-116],[60,-43],[21,-85],[-20,-74],[-50,-34],[-4,-56],[-64,-86],[-7,-112],[-27,-56],[-38,-20],[-36,-54],[-62,2],[-2,-35],[-29,-35],[18,-64],[121,-112],[-33,-75],[-12,-107],[26,-72],[-9,-77],[23,-138],[-2,-17],[-2,-15],[-14,-91],[-50,-122],[-15,-82],[53,-99],[-142,-207],[-20,-56],[-85,-42],[-78,-87],[-49,-169],[-111,-113],[-76,-113],[-17,-71],[2,-143],[-20,-53],[-313,-313],[-73,-148],[-139,12],[-36,58],[-28,-19],[57,-161],[62,-52],[21,-102],[51,-63],[-99,-150],[-192,65],[-171,10],[-111,127],[-206,46],[47,71],[-1,21],[-109,-56],[-55,-117],[-128,-59],[25,154],[-15,57],[-41,48],[-47,-69],[-31,-95],[-88,-66],[-113,14],[-14,39],[7,41],[-26,17],[-132,-47],[-316,72],[-132,-4],[-201,-58],[-74,33],[-44,-20],[-6,-33],[88,-91],[-94,-124],[-178,-17],[-75,-68],[-136,36],[-21,-1],[-33,46],[-94,-92],[-46,-88],[-150,-18],[-131,-80],[-151,-21],[-185,71],[5,38],[48,56],[-5,25],[-149,21],[-21,-39],[8,-120],[-111,-151],[-163,-52],[-155,2],[-119,-121],[-206,80],[-74,-108],[-46,-33],[-179,73],[-189,-72],[-111,61],[-164,27],[-246,-100],[-235,7],[-57,60],[-2,115],[-30,34],[-144,-41],[-64,23],[-113,-7],[-91,31],[-168,-64],[-73,-1],[-35,46],[34,60],[233,69],[150,106],[-25,20],[-313,-46],[-21,7],[8,18],[270,105],[353,68],[46,34],[11,57],[-88,81],[-216,-80],[-141,24],[-225,-12],[-9,-15],[37,-42],[-43,-26],[-88,10],[-59,36],[-179,-25],[-157,37],[-8,35],[95,45],[41,79],[162,31],[66,93],[263,44],[145,92],[150,38],[21,26],[-117,15],[-216,-55],[-125,22],[-357,-48],[-76,92],[8,108],[-21,60],[-55,18],[-95,-41],[-68,-1],[-15,91],[-48,114],[-1,63],[36,42],[127,29],[29,-62],[26,-4],[28,52],[7,78],[76,50],[202,51],[236,7],[154,55],[97,76],[117,6],[33,27],[-61,49],[-115,7],[-74,-28],[-90,47],[-268,21],[-150,78],[-135,19],[-143,-10],[-33,31],[-5,41],[85,157],[87,-17],[107,93],[256,57],[54,-28],[33,-88],[78,2],[138,82],[27,-103],[77,-98],[79,-25],[201,2],[15,12],[-4,24],[-83,79],[46,220],[-73,106],[1,62],[218,17],[123,38],[155,166],[92,51],[234,-61],[139,-5],[56,-43],[139,-26],[306,45],[175,-30],[148,57],[210,-38],[23,17],[-87,82],[-136,36],[25,198],[-17,24],[-76,-24],[-82,-111],[-111,-95],[-112,-64],[-166,-5],[-82,-25],[-25,-8],[-35,29],[13,57],[-192,13],[-118,94],[-55,103],[-41,-71],[-203,-11],[-78,-53],[-264,8],[-52,30],[28,26],[135,30],[317,138],[157,133],[59,5],[58,-27],[47,18],[74,125],[89,75],[59,102],[138,99],[-14,38],[-114,28],[-1,40],[214,243],[134,102],[12,9],[54,61],[23,25],[42,0],[160,-105],[47,18],[31,42],[55,10],[91,-88],[28,61],[83,-20],[31,36],[23,66],[-39,92],[25,84],[-99,32],[-211,5],[-575,99],[-44,54],[-20,76],[-63,-31],[-28,23],[5,49],[35,81],[81,99],[-10,43],[-57,-25],[-34,88],[-47,-46],[-37,-2],[-104,-67],[-55,-4],[-87,33],[-42,-20],[-27,75],[9,55],[41,49],[88,39],[11,35],[-102,37],[-159,-19],[-126,125],[-99,48],[28,54],[76,10],[32,48],[-5,65],[-75,130],[-4,36],[17,21],[111,30],[132,-58],[12,24],[-7,60],[21,21],[128,-37],[138,1],[-38,184],[24,86],[80,121],[175,13],[267,-60],[61,29],[-2,87],[52,96],[-20,80],[-222,82],[-192,-24],[-76,45],[17,82],[56,74],[133,4],[-31,81],[-14,162],[77,143],[-28,10],[-72,-30],[-59,37],[13,61],[73,81],[17,140],[-37,71],[-37,3],[-126,-95],[-77,-149],[-40,30],[24,90],[110,160],[39,112],[41,49],[148,0],[56,-79],[-25,-92],[26,-27],[42,18],[60,77],[54,39],[20,94],[70,28],[600,-257],[141,1],[62,-43],[28,-90],[38,-34],[-17,-159],[45,-75],[26,-99],[65,119],[208,182],[131,-41],[142,-123],[114,4],[136,-48],[94,-152],[41,-19],[9,30],[-19,121],[30,18],[104,-9],[3,30],[-26,51],[29,32],[-58,50],[-102,10],[-12,43],[17,33],[251,89],[130,99],[119,-17],[192,32],[165,190],[132,98],[21,48],[-11,12],[-210,-18],[-40,67],[-122,-29],[-76,59],[-67,-10],[-59,39],[-150,9],[-107,58],[-112,113],[-25,95],[17,33],[106,82],[127,51],[175,-26],[124,9],[-18,131],[175,19],[113,56],[1,34],[-61,25],[-44,67],[17,70],[59,25],[-11,130],[42,63],[42,3],[101,59],[154,201],[225,-64],[289,125],[138,-205],[44,41],[6,100],[35,51],[337,27],[21,-81],[-9,-109],[36,-97],[21,-140],[-43,-66],[-113,-73],[22,-74],[-111,-101],[-13,-25],[7,-13],[210,104],[46,103],[64,29],[27,113],[-43,203],[19,82],[76,126],[143,2],[115,48],[25,51],[15,95],[215,-121],[80,-163],[210,-159],[42,-65],[-73,-83],[-319,-97],[-204,-170]],[[152851,169101],[-61,-29],[-98,6],[-84,-58],[-71,-181],[-80,-54],[-45,-152],[-83,-96],[-109,-68],[-49,-125],[-143,38],[-197,-62],[-110,93],[-37,-12],[-118,-60],[-1,-76],[59,-95],[63,-18],[80,-63],[64,-2],[3,-58]],[[147823,167417],[33,-63],[8,-39],[-15,-11],[-31,-1],[2,-21],[-13,-19],[-4,-47],[20,13],[28,-10],[-22,-58],[-15,-9],[9,-22],[-25,-29],[-21,2],[1,-54],[-32,-46],[4,-18],[-15,-41],[-12,10],[-14,38],[8,15],[-31,43],[-9,25],[15,14],[-27,36],[1,22],[-13,6],[-22,-12],[-23,14],[15,56],[31,50],[-6,20],[-28,34],[-18,1],[-29,-13],[-29,-1],[-8,38],[-49,-7],[-52,22],[-12,-18],[-22,17],[-16,36],[30,10],[43,30],[15,47],[27,-27],[32,-6],[14,-31],[24,1],[29,-11],[69,48],[41,-14],[16,-39],[23,5],[38,-21],[7,15],[30,20]],[[147476,164950],[17,-40],[47,-6],[86,-43],[-21,-46],[5,-16],[15,-21],[4,-1],[27,3],[-5,-9],[-16,-25],[-19,-1],[-51,50],[-23,23],[-160,141],[26,18],[38,-8],[30,-19]],[[147725,165124],[-25,-7],[-60,22],[-12,37],[17,34],[-9,23],[5,6],[109,28],[8,-19],[-16,-99],[-17,-25]],[[150830,169455],[21,-30],[10,6],[14,-18],[-12,-38],[10,-9],[-7,-34],[-26,2],[-64,20],[-31,19],[18,17],[1,29],[30,14],[-9,24],[21,6],[18,20],[6,-28]],[[147679,166787],[-62,-4],[-96,28],[5,30],[46,13],[47,-2],[25,26],[17,-2],[7,-39],[31,-17],[-20,-33]],[[153683,164055],[-24,-39],[-25,9],[-17,-6],[-25,33],[0,42],[-22,23],[10,10],[104,-52],[-1,-20]],[[152174,166597],[-17,-21],[-32,3],[-6,22],[-14,1],[-10,30],[23,10],[35,34],[34,5],[12,-15],[-15,-34],[-20,-12],[10,-23]],[[147178,166444],[-13,-18],[8,-23],[-26,-20],[-35,12],[-1,16],[-28,5],[-28,23],[-6,18],[24,16],[7,-28],[37,17],[21,-18],[17,23],[23,-23]],[[147716,164662],[-48,-3],[-17,14],[20,37],[30,18],[7,14],[40,1],[12,-12],[-3,-34],[-24,-13],[-17,-22]],[[147729,165353],[46,-41],[15,6],[13,-28],[-37,-11],[-53,12],[-17,-17],[5,30],[-26,29],[15,14],[39,6]],[[147619,165201],[-13,-47],[-27,18],[-2,14],[-22,0],[-3,19],[26,22],[-17,16],[8,33],[22,2],[-6,-34],[34,-43]],[[146697,160229],[-55,-35],[-23,-5],[1,15],[-29,-21],[-14,23],[22,20],[60,20],[30,-2],[8,-15]],[[147401,166610],[-18,-26],[-25,-6],[-45,1],[-13,10],[9,21],[21,7],[4,16],[30,-13],[27,4],[10,-14]],[[147539,167790],[-14,-46],[-26,23],[33,29],[6,25],[17,20],[-3,15],[28,25],[6,-32],[-24,-20],[12,-24],[-4,-16],[-31,1]],[[147827,164587],[-43,-17],[-37,20],[-1,9],[23,27],[26,5],[36,-29],[-4,-15]],[[146816,160254],[-74,-23],[3,24],[25,4],[8,28],[18,4],[10,24],[26,-8],[-16,-53]],[[145370,162458],[-37,-13],[-4,7],[11,14],[95,36],[11,-11],[-20,-23],[-56,-10]],[[151493,170029],[19,-39],[-17,-10],[-11,34],[-8,-6],[-28,13],[-3,13],[4,13],[27,-2],[17,-16]],[[145641,160978],[-85,-15],[-4,9],[33,25],[58,-4],[-2,-15]],[[146853,160916],[-45,-50],[-21,27],[62,38],[4,-15]],[[147936,167308],[-16,-33],[-32,14],[-9,-12],[-4,29],[30,8],[31,-6]],[[153821,164355],[-26,-26],[-27,26],[17,21],[30,-5],[6,-16]],[[146781,160320],[-14,2],[-3,25],[15,6],[21,45],[17,-9],[-1,-17],[-31,-28],[-4,-24]],[[147031,166416],[-53,3],[-1,11],[21,27],[28,-22],[5,-19]],[[150680,168261],[-32,-31],[-18,10],[26,32],[25,4],[-1,-15]],[[150929,169306],[-15,0],[-16,20],[23,42],[9,-8],[-8,-27],[7,-27]],[[146647,162680],[-19,5],[-7,30],[12,12],[30,-28],[-16,-19]],[[150234,167549],[-20,-28],[-14,7],[2,30],[15,9],[17,-18]],[[151153,169610],[4,-34],[-33,9],[-4,25],[33,0]],[[148299,163351],[-11,0],[-16,25],[37,21],[-10,-46]],[[145432,161708],[-24,-10],[-9,27],[17,22],[16,-39]],[[148225,166729],[-26,-13],[-11,20],[32,21],[5,-28]],[[145704,161473],[-18,-21],[-25,35],[12,10],[31,-24]],[[147143,166113],[-19,-47],[-10,5],[4,31],[10,19],[15,-8]],[[148352,163347],[-15,-20],[-25,22],[22,21],[18,-23]],[[151948,160840],[-19,-37],[-16,21],[11,26],[24,-10]],[[147571,167639],[-10,-28],[-29,22],[16,17],[14,-4],[9,-7]],[[153677,164123],[-14,-10],[-14,15],[9,20],[27,4],[-8,-29]],[[148740,164808],[-19,-15],[-15,28],[30,17],[4,-30]],[[150999,169525],[-23,-7],[-10,31],[27,7],[6,-31]],[[147784,165354],[-37,8],[1,16],[34,7],[2,-31]],[[151549,169682],[-31,-13],[12,41],[26,-10],[-7,-18]],[[148388,163422],[-21,2],[-6,14],[14,17],[19,-6],[4,-18],[-10,-9]],[[148962,160740],[-33,-4],[0,28],[32,2],[1,-26]],[[146697,160322],[-29,-4],[-7,11],[1,13],[14,10],[16,0],[-3,-13],[8,-17]],[[145255,162373],[-15,-16],[-17,10],[-4,27],[9,7],[27,-28]],[[147391,165609],[-23,-1],[7,32],[27,6],[-11,-37]],[[151541,169796],[-13,-34],[-14,41],[21,17],[6,-24]],[[151514,169737],[-23,-1],[-8,29],[15,13],[3,-19],[17,-6],[-4,-16]],[[147483,163387],[-23,-14],[1,42],[30,-2],[-8,-26]],[[149281,167507],[-25,1],[-6,24],[25,12],[6,-37]],[[147825,165342],[-21,-15],[-18,20],[35,22],[4,-27]],[[148443,163392],[-18,-8],[-11,36],[30,6],[-1,-34]],[[152018,160892],[-17,-42],[-19,21],[18,28],[18,-7]],[[145605,161355],[-20,-14],[-21,14],[19,20],[19,0],[3,-20]],[[151214,169620],[-21,-15],[-17,24],[18,18],[20,-27]],[[147295,165523],[-31,-26],[0,38],[12,12],[19,-24]],[[147510,166610],[-24,-30],[-11,31],[14,18],[21,-19]],[[150217,167932],[-39,-1],[-3,17],[20,7],[25,-9],[-3,-14]],[[147668,165270],[-22,-11],[-5,30],[4,15],[16,-1],[7,-33]],[[145369,162576],[-37,-3],[2,15],[36,22],[-1,-34]],[[145660,161374],[-7,-36],[-32,18],[21,22],[18,-4]],[[146659,160332],[-13,-18],[-17,24],[23,8],[10,-2],[-3,-12]],[[146764,160343],[-13,-11],[-6,10],[4,7],[13,7],[2,-13]],[[142036,199111],[-37,6],[-45,16],[-11,8],[-12,22],[-15,3],[-15,14],[-62,28],[-146,127],[-97,-21],[-33,33],[-135,2],[-90,60],[-104,11],[-7,49],[70,76],[14,89],[146,111],[-34,58],[7,71],[76,65],[73,111],[51,35],[32,-35],[28,-134],[-33,-147],[6,-27],[121,-69],[94,58],[132,-6],[73,-65],[5,-4],[93,29],[92,-33],[85,21],[18,43],[-4,55],[31,26],[18,-10],[1,-39],[39,-8],[27,147],[70,-35],[50,-24],[24,-52],[69,47],[31,-30],[37,7],[3,40],[37,53],[-49,40],[-5,72],[-30,51],[104,85],[157,63],[119,-38],[24,46],[78,5],[137,-107],[109,16],[-73,83],[-188,109],[-120,-5],[-152,-56],[-143,-21],[-98,26],[-77,76],[22,29],[153,51],[126,-16],[8,28],[-31,28],[-88,19],[-1,76],[201,189],[100,17],[104,-16],[69,86],[-51,29],[-111,-29],[-169,11],[-135,-80],[-95,53],[-29,-10],[41,114],[3,36],[21,16],[10,38],[-11,54],[-62,56],[42,150],[77,116],[-6,60],[94,69],[36,47],[-9,50],[-21,18],[-26,21],[25,99],[-96,45],[-139,-10],[-44,102],[-98,18],[-186,136],[-78,26],[-86,81],[-106,98],[-93,54],[-127,-26],[-75,60],[-91,33],[-44,-15],[-50,-37],[-56,-41],[-163,48],[-85,137],[1,19],[6,215],[26,99],[28,26],[55,-9],[106,27],[73,-13],[77,-103],[107,-87],[155,8],[88,31],[135,-21],[23,-25],[16,-107],[36,-25],[57,26],[57,97],[13,23],[54,15],[42,-38],[15,-14],[-32,-35],[-28,-31],[-41,-45],[2,-23],[8,-52],[69,60],[50,-63],[26,88],[55,35],[49,-7],[52,-52],[125,-3],[27,16],[40,56],[83,28],[18,-51],[-27,-111],[39,-113],[17,7],[46,62],[76,29],[211,-60],[156,-155],[373,-198],[50,32],[43,86],[194,173],[18,75],[-52,42],[-104,-53],[-191,-39],[-97,18],[-188,156],[-87,139],[-112,40],[-8,36],[124,134],[221,91],[202,-16],[402,79],[146,-30],[35,18],[-111,116],[-21,136],[-71,32],[-17,87],[-186,-125],[-52,-4],[-43,41],[-44,107],[4,41],[65,39],[173,-4],[63,34],[19,32],[-132,-38],[-55,26],[25,49],[-3,15],[-75,-14],[-42,21],[-51,-31],[-42,1],[-3,43],[48,128],[18,126],[-69,-119],[-34,-39],[-33,7],[18,106],[-78,-94],[-41,-17],[-12,34],[14,65],[74,127],[-3,15],[-58,12],[-137,-250],[-66,111],[27,45],[82,69],[-2,55],[-102,-42],[-39,61],[-67,-47],[-66,-21],[-101,87],[-27,27],[-112,-109],[-55,-23],[-96,53],[-59,64],[-287,19],[-163,-43],[-115,31],[-92,84],[19,104],[-11,43],[-196,203],[-225,100],[-15,65],[68,42],[94,22],[106,89],[102,34],[86,-119],[48,-130],[85,-115],[36,-111],[36,-14],[11,38],[-54,188],[-6,139],[23,18],[141,-75],[-54,141],[-15,103],[40,159],[35,51],[35,17],[95,-94],[91,-191],[127,-196],[9,-124],[-34,-94],[1,-31],[93,-2],[70,-30],[50,50],[-45,142],[17,53],[303,-60],[48,49],[-317,130],[-133,134],[-52,181],[20,133],[21,46],[40,36],[68,-1],[82,-91],[59,-108],[77,-46],[59,-88],[81,-38],[-174,282],[-59,220],[4,118],[36,58],[87,22],[231,-260],[11,40],[-42,103],[-29,176],[31,21],[52,-10],[79,-49],[7,30],[-25,88],[52,31],[79,3],[161,-131],[69,-165],[-6,-73],[-8,-86],[65,-16],[18,-28],[-4,-46],[-31,-67],[-91,-81],[-19,-32],[126,45],[10,-19],[-16,-67],[58,18],[-18,-39],[-51,-64],[73,-4],[-56,-121],[66,45],[136,175],[93,-49],[9,-91],[-22,-118],[-66,-106],[-97,-106],[-31,-51],[40,18],[226,188],[17,-78],[-27,-90],[-112,-155],[52,6],[151,135],[54,179],[10,142],[48,120],[-268,418],[-28,115],[12,75],[53,37],[178,-19],[191,-181],[84,21],[4,70],[63,43],[18,29],[-111,-8],[-61,31],[-9,62],[65,96],[-165,-6],[-9,22],[20,53],[-144,-33],[-114,27],[-79,118],[-6,66],[23,12],[19,-14],[49,-31],[46,12],[34,43],[1,74],[21,51],[121,-25],[96,33],[63,-46],[102,-164],[140,31],[85,-106],[75,7],[0,-174],[42,-197],[-63,-181],[55,-53],[54,-4],[28,-52],[70,-39],[4,-62],[-23,-96],[113,-177],[-7,-52],[-71,-164],[-7,-79],[46,-88],[78,65],[38,-3],[10,-52],[-32,-61],[1,-41],[106,-64],[32,-67],[-32,-34],[-206,-6],[112,-57],[12,-54],[45,-44],[6,-57],[-22,-52],[-95,-151],[-79,-59],[-105,-47],[-2,-81],[-38,-51],[-109,-34],[-105,56],[-37,72],[-19,162],[-15,18],[-18,-12],[-6,-91],[-41,-119],[-3,-91],[34,-48],[105,-65],[35,-71],[-17,-47],[-70,-69],[101,7],[48,-54],[-21,-60],[-32,-47],[-144,-125],[71,-50],[22,-138],[-59,-186],[-76,-168],[-54,-349],[33,49],[63,179],[116,162],[115,229],[42,5],[-9,-213],[32,-29],[22,38],[38,158],[48,117],[140,177],[80,65],[231,94],[106,16],[34,-65],[-41,-149],[41,-50],[117,-41],[99,3],[131,79],[107,137],[48,93],[102,321],[35,183],[52,192],[82,135],[49,32],[251,-16],[61,-52],[16,-146],[-21,-468],[68,-114],[18,-81],[-49,-293],[43,-49],[75,-9],[58,-61],[89,30],[75,96],[60,200],[15,221],[28,28],[73,30],[52,98],[31,34],[121,28],[190,-78],[71,32],[92,84],[62,35],[113,5],[30,-73],[84,45],[39,-8],[7,-46],[-21,-78],[105,-27],[8,-85],[-38,-93],[63,-65],[-19,-112],[-52,-123],[-7,-54],[143,-222],[-1,-134],[15,-102],[-71,-311],[11,-187],[29,41],[49,155],[83,139],[39,96],[13,163],[-35,97],[20,101],[3,172],[74,261],[39,67],[39,35],[93,-4],[129,-120],[115,-60],[121,-285],[27,-230],[107,-79],[95,-22],[95,44],[122,150],[98,59],[88,110],[81,34],[95,-2],[80,-40],[26,-73],[5,-132],[59,-54],[150,-17],[289,40],[106,56],[80,111],[33,244],[55,176],[23,131],[33,52],[115,11],[143,-109],[167,42],[154,-81],[41,-113],[-40,-122],[-4,-61],[163,-188],[-5,-58],[-18,-50],[-117,-149],[1,-118],[102,-100],[112,-208],[76,11],[68,120],[45,47],[235,-16],[111,54],[108,82],[90,30],[91,1],[111,-95],[134,-39],[-26,-22],[-186,-13],[-243,-51],[-43,-49],[-20,-109],[-50,-80],[-136,-62],[-112,-17],[-45,-42],[5,-44],[46,-52],[-23,-83],[5,-33],[125,-75],[62,-65],[183,18],[29,-51],[7,-106],[-27,-121],[-50,-86],[-97,-88],[-189,-108],[-27,-40],[-28,-72],[-59,-71],[-9,-40],[29,-24],[153,16],[361,-43],[-3,-54],[-58,-101],[17,-110],[164,-256],[91,-79],[125,-44],[27,-228],[114,0],[38,-134],[-24,-73],[-143,-220],[-130,-48],[-16,-61],[-21,-25],[-135,-3],[-33,-20],[206,-79],[74,-76],[-30,-77],[-59,-43],[-153,-20],[112,-93],[-20,-52],[-76,-50],[36,-107],[141,51],[-43,-183],[-117,-72],[-75,-71],[-65,-10],[-112,53],[-67,141],[-110,128],[-63,-41],[-147,-2],[1,-25],[218,-113],[173,-305],[-61,-11],[-231,97],[-1,-21],[132,-113],[20,-37],[-4,-45],[-62,-48],[-63,-10],[-40,-55],[-196,20],[-30,-48],[7,-99],[-101,-45],[-129,7],[-104,46],[-44,57],[-48,186],[-3,14],[-30,32],[-8,-30],[-12,-41],[27,-150],[70,-155],[1,-36],[-47,-5],[-98,76],[-71,10],[-11,-32],[15,-65],[-19,-42],[-37,-13],[-100,23],[-49,-37],[-15,-67],[49,-51],[0,-64],[-45,-91],[-100,-122],[-52,-18],[-72,57],[-92,9],[-121,-76],[-168,-73],[-93,-104],[-93,-62],[-83,23],[21,55],[-27,59],[-92,15],[-57,-15],[-32,71],[-111,46],[-73,-35],[-16,-52],[-20,-16],[-304,32],[-151,-37],[-331,-29],[-505,-191],[-635,-333],[-447,112],[-350,128],[-169,22],[-267,-5],[-93,-20],[-95,-46],[-234,-199],[-115,-74],[-116,-36],[-267,-31],[-623,89],[-303,178],[-203,61],[-182,222],[-383,404],[-161,110],[-195,74],[-111,81],[-63,119],[-159,446],[-117,268],[-142,252],[-114,124],[-105,171],[-134,71],[-111,-36],[-295,72],[-43,35],[-28,96],[-37,45],[-180,15],[-106,42]],[[143421,197105],[-39,-23],[-4,15],[20,15],[-6,34],[19,55],[-1,14],[8,7],[64,-16],[18,-43],[-23,-28],[-57,-12],[1,-18]],[[148685,202673],[-31,5],[-10,29],[3,20],[18,26],[8,66],[13,2],[6,-68],[7,-46],[-14,-34]],[[143277,202483],[-22,-38],[6,-20],[-33,-15],[-25,27],[-12,22],[-26,-8],[6,22],[12,16],[22,11],[19,-3],[6,-12],[-11,-17],[36,1],[22,14]],[[149745,203921],[-14,-23],[-26,46],[6,29],[31,22],[7,-53],[-4,-21]],[[149453,202921],[-27,-28],[-31,16],[2,20],[24,9],[30,-7],[2,-10]],[[142586,201000],[-22,-11],[11,34],[37,13],[15,-11],[-20,-31],[-21,6]],[[143130,202723],[-10,-1],[16,41],[53,24],[-7,-18],[-23,-23],[-18,-3],[-11,-20]],[[147515,203312],[-26,-41],[-1,20],[9,18],[1,38],[13,6],[4,-41]],[[143157,202607],[-19,-27],[-12,10],[10,40],[16,7],[5,-30]],[[151689,197271],[-21,-6],[-9,10],[-1,23],[10,7],[23,-7],[-2,-27]],[[144415,204461],[-15,-12],[10,24],[7,45],[25,12],[-27,-69]],[[142656,199834],[-17,-14],[-7,30],[7,27],[15,-1],[-5,-24],[7,-18]],[[142911,197000],[-25,1],[0,26],[35,6],[-10,-33]],[[143262,202617],[-12,-12],[-16,16],[9,17],[11,14],[13,-5],[-9,-12],[4,-18]],[[144454,205079],[-29,-37],[-2,17],[16,32],[15,-12]],[[142692,201401],[-19,-17],[-4,18],[17,22],[14,-3],[-8,-20]],[[143390,200161],[-18,-28],[-20,20],[11,10],[27,-2]],[[143609,197209],[-26,-32],[-9,22],[11,15],[24,-5]],[[143280,202765],[-23,1],[4,17],[13,11],[16,-12],[-10,-17]],[[152795,198006],[-9,3],[-3,13],[10,21],[8,4],[7,-3],[-5,-24],[-8,-14]],[[151466,197353],[-20,-5],[2,19],[8,13],[19,-1],[-9,-26]],[[144226,205077],[-21,-47],[-9,6],[10,35],[20,6]],[[150176,196815],[-24,-15],[-2,27],[24,13],[2,-25]],[[142752,199851],[-23,-17],[-5,17],[28,26],[0,-26]],[[142645,201050],[-22,11],[6,21],[25,-8],[-9,-24]],[[143173,202415],[-20,3],[1,13],[24,13],[8,-10],[-13,-19]],[[143194,202618],[-23,-18],[6,22],[-11,8],[19,18],[9,-30]],[[143293,202496],[-15,-8],[-1,19],[16,23],[11,-11],[-11,-23]],[[147277,203225],[-25,-35],[-9,9],[3,16],[20,12],[11,-2]],[[151236,197333],[-17,-5],[9,33],[24,7],[-16,-35]],[[142839,201530],[-24,9],[7,23],[25,-11],[-8,-21]],[[143266,203342],[-14,2],[5,18],[15,16],[12,-11],[-18,-25]],[[142814,201665],[-16,-26],[-13,14],[7,17],[10,2],[18,3],[-6,-10]],[[143559,197150],[-18,-10],[-1,32],[28,3],[-9,-25]],[[152540,197906],[-29,-41],[-1,23],[21,28],[9,-10]],[[144477,204629],[-15,-8],[4,37],[20,3],[-9,-32]],[[143257,202771],[-23,-5],[3,15],[26,8],[-6,-18]],[[175142,161305],[37,-154],[58,-77],[154,-71],[92,-9],[-11,-83],[18,-41],[170,-57],[24,10]],[[170280,155927],[-59,70],[-110,9],[-108,41],[-184,142],[-73,-27],[-80,-119],[-138,-11],[-142,93],[-76,106],[-96,-23],[-102,18],[-188,235],[29,66],[203,96],[462,-8],[71,-69],[11,-95],[228,-115],[130,-199],[65,-28],[120,21],[3,108],[-51,72],[-175,76],[-126,150],[24,35],[90,30],[129,-11],[-28,80],[26,31],[54,5],[-14,49],[-64,-1],[-98,-87],[-145,-27],[-126,60],[-53,95],[-75,64],[-171,-39],[-40,20],[-20,40],[8,60],[42,46],[163,22],[66,41],[44,47],[1,81],[24,33],[234,67],[54,-62],[54,43],[-42,116],[34,84],[-111,30],[-30,98],[22,48],[53,27],[118,-35],[101,55],[67,75],[67,64],[218,226],[114,119],[61,86],[9,14],[69,105],[97,172],[138,294],[4,54],[43,30],[-10,39],[75,249],[106,503],[72,192],[51,138],[31,184],[30,43],[113,-10],[-14,-67],[20,-55],[119,-79],[97,31],[64,68],[119,7],[150,114],[70,53],[135,103],[96,73],[85,17],[50,40],[12,15],[4,27],[29,17],[15,18],[9,27],[9,55],[6,63],[63,117],[46,33],[77,57],[27,20],[108,108],[520,210],[234,34],[273,3],[107,5],[89,-50],[100,42],[647,109],[119,-18],[19,-43],[29,21],[26,-13],[23,-33],[-13,-82]],[[168742,156043],[96,43],[188,35],[270,-123],[134,-98],[35,21],[53,-40],[74,-5],[180,77],[34,79],[31,14],[56,-25],[49,-82],[121,-72],[5,37],[61,-38],[0,51],[65,14],[65,-76]],[[171620,160449],[-64,-73],[-28,11],[-3,-20],[-20,-14],[-60,-17],[-11,43],[-2,64],[11,58],[16,48],[27,50],[34,51],[63,84],[32,17],[-5,16],[78,106],[33,-3],[70,-139],[-16,-28],[-7,-72],[1,-29],[-9,-29],[-42,-32],[-4,-28],[-21,-33],[-32,-26],[-41,-5]],[[172371,161335],[-62,-39],[-57,25],[43,69],[44,34],[529,101],[27,-2],[21,-11],[-6,-22],[-45,-9],[-63,-26],[-24,-32],[-133,-5],[-95,-55],[-179,-28]],[[173266,161546],[43,-3],[265,7],[45,-4],[0,-18],[-39,-8],[-49,0],[-39,-14],[-137,-28],[-49,3],[-83,16],[-41,-31],[-39,-12],[-57,4],[-46,36],[-7,31],[7,18],[54,39],[18,3],[45,-19],[109,-20]],[[173958,161537],[-26,-22],[-25,28],[10,42],[42,35],[337,17],[1,-15],[-189,-72],[-109,-12],[-41,-1]],[[171831,160959],[-14,-3],[-55,6],[-25,-23],[-23,-1],[-6,12],[13,33],[32,18],[276,175],[60,17],[27,-11],[0,-14],[-174,-75],[-33,-71],[-45,-29],[-33,-34]],[[174506,161659],[-20,-18],[-25,63],[22,28],[29,14],[21,-19],[19,-35],[-43,-11],[-3,-22]],[[174701,161654],[-9,-26],[-30,25],[9,13],[-19,28],[6,11],[28,-1],[4,-15],[-14,-23],[25,-12]],[[169371,156696],[-8,-18],[-11,19],[38,39],[20,5],[7,-11],[-23,-24],[-23,-10]],[[172413,161026],[-2,-20],[-34,4],[-4,8],[17,19],[23,-11]],[[191086,205461],[-392,-118],[-20,-7],[-2,-12],[32,-39],[190,-232],[85,-325],[-70,-404],[-35,-63],[-137,-254],[61,-65],[138,-54],[38,-14],[22,-39],[-40,-66],[-185,-301],[-233,60],[-820,214],[-358,-59],[-251,162],[-274,-150],[23,-365],[60,-269],[64,-288],[-106,-399],[-77,-258],[-25,14],[-242,142],[-118,50],[-14,6],[-284,114],[-15,6],[-60,-132],[-17,-36],[-238,-247],[-44,-46],[-153,-157],[-89,-564],[-29,-185],[-49,-125],[-76,-195],[-6,-2],[-44,-12],[-210,-59],[-9,-2],[-13,-61],[-3,-17],[-35,-158],[59,-87],[39,-58],[211,-310],[46,-70],[51,-78],[3,-42],[7,-108],[17,-291],[-23,-24],[-60,-60],[-8,-8],[-52,-51],[-54,-53],[-25,-34],[-13,-18],[-113,-155],[-181,-433],[-126,-298],[-33,-77],[-46,-106],[-172,-208],[-71,-115],[115,-380],[47,-173],[-189,-151],[-16,-13],[-118,-98],[-156,-129],[-34,-6],[-63,-12],[-307,-52],[-57,-9],[-129,-21],[21,-101],[78,-376],[25,-156],[8,-32],[20,-75],[37,-138],[-58,-241],[-17,-74],[-1,-31],[-5,-174],[-2,-55],[-4,-170],[-2,-64],[17,-214],[6,-70],[16,-179],[10,-104],[1,-19],[-72,-95],[-64,-84],[-4,-15],[-37,-348],[-56,-107],[-7,-14],[-51,-98],[-56,-111],[-94,-185],[-17,-35],[-11,-26],[-97,-208],[-13,-28],[-18,-37],[-19,-41],[-151,-324],[-72,-152],[-43,-142],[-9,-27],[10,-7],[50,-31],[89,-56],[150,-94],[71,-20],[142,-39],[30,-9],[37,-42],[29,-206],[31,-219],[8,-53],[28,-266],[-8,-21],[-119,-308],[-72,-187],[-370,92],[-359,53],[-234,35],[-152,-53],[-179,-62],[-298,-253],[-294,-523],[-101,-178],[-53,-145],[-166,-216],[73,-333],[-139,-323],[-127,-251],[98,-237],[156,-347],[68,-149],[-60,-102],[-107,-181],[87,-421],[-33,-158],[-55,-229],[155,-421],[129,-350],[65,-174],[-14,-131],[-13,-124],[-107,-1000],[-9,-75],[-20,-184],[39,-45],[125,-149],[29,-34],[90,-69],[19,-23],[92,-115],[39,12],[162,9],[98,-130],[38,-49],[71,-95],[116,-154],[90,-121],[16,-40],[-20,-137],[-20,-130],[-48,-155],[-103,-167],[-25,-193],[-20,-47],[-91,-28],[-216,0],[-289,-119],[144,-320],[23,-148],[86,-284],[158,-242],[30,-136],[84,-126],[12,-30],[16,-42],[15,-57],[8,-254],[-66,-168],[-65,-102],[12,-126],[51,-231],[-42,-240],[-34,-101],[-36,-79],[-74,-81],[-71,-127],[-143,-112],[-96,-110],[-160,-14],[-103,31],[-126,-81],[-11,-41],[-49,-38],[119,-143],[9,-132],[10,-131],[-68,-18],[-43,-113],[-12,-3],[-94,-20],[-82,-52],[-29,-44],[-9,-44],[51,-207],[38,-96],[43,-222],[10,-50],[52,-118],[23,-290],[-57,-90],[-7,-188],[-13,-60],[16,-73],[-91,-167],[-30,-116],[1,-90],[-37,-102],[-13,-36],[-83,-45],[-58,7],[-31,-48],[-104,29],[-2,87],[-3,187]],[[182512,176748],[-15,62],[-129,278],[-67,7],[-126,-57],[-24,9],[-41,85],[2,64],[-32,89],[-14,-12],[-25,-99],[-14,-1],[-41,49],[-9,-55],[-34,-36],[-82,57],[-23,77],[-68,18],[-6,-112],[-13,-30],[-49,54],[-22,115],[-87,-80],[-53,84],[-39,29],[-17,70],[-32,54],[2,61],[27,77],[-24,34],[-2,51],[-89,-32],[-25,73],[-20,194],[-70,28],[59,169],[23,-9],[14,-44],[24,55],[-4,87],[-27,30],[-21,68],[-6,182],[-37,160],[-46,109],[-6,67],[-4,49],[98,287],[52,-67],[29,-212],[14,-32],[22,137],[38,82],[22,88],[-45,116],[-71,21],[-29,-36],[-25,44],[-29,-7],[-36,-88],[-30,44],[-96,-31],[37,-74],[-21,-21],[-52,17],[-26,-49],[19,-13],[-20,-43],[24,-52],[-1,-34],[21,-127],[15,-86],[26,-27],[-19,-30],[109,-105],[21,-199],[-37,-77],[-138,-88],[-96,13],[-12,42],[27,153],[-15,46],[13,47],[-14,138],[-81,86],[-77,19],[-46,66],[-7,10],[-30,4],[-13,-14],[-11,-11],[57,-91],[56,-41],[70,-62],[37,-88],[13,-95],[-13,-111],[-27,-64],[-31,-20],[-108,56],[-21,-18],[157,-248],[148,-43],[12,-77],[-6,-142],[48,-145],[-17,-106],[-40,-115],[-16,-130],[-46,-71],[22,-226],[-46,-21],[-24,61],[-12,186],[-25,86],[-4,98],[-29,-60],[-76,-296],[-40,-50],[-42,23],[-23,-104],[-46,-63],[-48,-20],[-156,31],[-25,-97],[-26,-40],[-89,-38],[-94,-5],[-58,48],[-8,166],[-8,-18],[-12,-13],[-16,12],[-29,78],[-34,-28],[-56,9],[-34,63],[-6,-76],[49,-99],[3,-39],[-69,-34],[-32,-55],[-111,-104],[-103,-11],[-1,-24],[18,-50],[-45,-52],[-23,6],[-19,47],[-29,-9],[-50,-14],[-44,-103],[60,-39],[19,-34],[-53,-49],[-10,-55],[-60,-64],[-102,-69],[-125,-10],[21,-59],[-26,-51],[-5,-61],[-240,-166],[-6,-41],[22,-35],[-17,-31],[-48,-10],[-7,55],[-39,-16],[-9,-29],[10,-79],[-65,-96],[-27,-63],[-32,-66],[-78,-65],[-102,-19],[-95,-107],[-58,-97],[-100,-79],[-13,-50],[-35,21],[-116,-176],[-107,10],[-73,-80],[-37,-81],[-89,-16],[-38,-94],[-67,-94],[-22,-6],[-49,42],[-63,-80],[-68,-12],[-51,80],[10,108],[-17,47],[-159,-277],[-184,-94],[-46,36],[-62,-3],[-259,-197],[-57,17],[-58,-15],[-82,75],[-143,-10],[-76,64],[-183,36],[-80,-26],[-64,-78],[-49,-23],[-14,49],[29,97],[-88,-37],[-17,35],[2,73],[-56,-26],[-42,58],[-101,16],[-6,30],[37,35],[107,18],[13,22],[-81,44],[-95,98],[-23,-28],[20,-98],[-43,-64],[-26,-88],[-248,31],[-55,80],[1,51],[58,96],[96,69],[76,117],[-103,89],[-47,-65],[-26,-70],[-38,-13],[-59,39],[-59,91],[-92,55],[-7,55],[-112,-8],[-81,85],[-209,91],[-142,104],[-89,150],[-55,-10],[-52,80],[-31,-60],[-33,-1],[-10,30],[42,69],[-110,62],[-18,27],[-56,83],[-129,103],[-148,287],[-55,248],[4,39],[126,347],[8,148],[19,89],[-11,74],[11,33],[20,22],[131,-77],[70,0],[12,-96],[-16,-132],[10,-79],[89,128],[20,59],[40,-30],[65,21],[80,-49],[56,-100],[96,-53],[120,-114],[48,-5],[-88,114],[-8,39],[9,55],[84,102],[188,120],[-71,-8],[-273,-207],[-89,151],[66,44],[12,36],[-43,45],[-101,50],[-43,71],[-5,46],[101,99],[191,53],[0,31],[-59,45],[78,136],[126,99],[194,71],[71,75],[-17,13],[-105,-49],[-201,-37],[-14,51],[153,30],[21,48],[-28,52],[-43,-37],[-65,-12],[-151,63],[19,83],[63,61],[7,33],[-115,-32],[-80,-70],[-29,5],[-32,103],[13,91],[133,31],[49,50],[-196,45],[-92,121],[-21,-28],[-1,-86],[-11,-42],[-64,-46],[-53,-4],[-27,-55],[147,-27],[42,-107],[-25,-93],[-173,-50],[-62,-69],[-8,-52],[-28,10],[-34,-22],[-11,50],[22,99],[-26,58],[-7,96],[-14,38],[-62,-235],[-50,-69],[-75,-12],[-34,35],[-22,72],[-35,-52],[-33,23],[-39,210],[-12,-41],[-6,-173],[-30,-42],[-33,160],[-92,258],[-9,129],[27,33],[69,-39],[-16,38],[-67,44],[-4,59],[18,43],[53,57],[81,141],[71,57],[37,2],[42,-69],[33,-4],[5,33],[-32,102],[52,87],[86,55],[15,-59],[-34,-176],[-1,-192],[-52,-102],[-56,16],[-7,-100],[79,51],[25,29],[55,65],[10,38],[17,59],[-21,55],[8,102],[55,93],[240,-105],[20,-61],[-9,-60],[42,13],[-7,75],[36,25],[34,21],[-48,33],[-4,43],[71,104],[141,75],[73,-30],[123,4],[205,201],[-20,11],[-260,-161],[-41,14],[-26,34],[-9,146],[-53,-65],[-77,-51],[-64,21],[-76,94],[-90,58],[131,220],[43,44],[221,49],[25,48],[18,105],[66,117],[123,85],[217,93],[-11,36],[-63,-39],[-90,-8],[-66,181],[22,53],[95,60],[104,174],[123,99],[61,86],[145,49],[124,101],[105,-60],[0,-69],[-130,-416],[-50,-268],[5,-45],[211,664],[118,180],[142,122],[180,19],[94,-21],[20,22],[-60,49],[-76,26],[34,114],[-5,20],[-77,-33],[-26,-73],[-41,-60],[-149,-57],[-105,-82],[-44,9],[-26,41],[43,91],[-1,24],[-118,-93],[-105,-22],[-236,-118],[-98,-26],[-53,-41],[-87,-20],[-11,-25],[27,-74],[-33,-67],[-19,-118],[-47,-41],[-171,22],[-73,-125],[-42,-112],[-53,-49],[-9,-258],[-39,-102],[-73,-68],[-52,22],[-53,-21],[-84,80],[-102,-182],[5,-79],[7,-27],[-50,-30],[-31,-146],[-36,-59],[-17,19],[-8,52],[32,67],[-1,37],[-53,39],[-20,59],[-27,73],[-53,9],[-86,104],[32,30],[66,-6],[29,115],[131,68],[72,-15],[71,18],[59,-31],[110,24],[-56,71],[2,116],[-25,110],[-31,1],[-107,-64],[-26,7],[-12,30],[33,101],[77,87],[-17,60],[-40,16],[2,39],[86,185],[81,81],[12,34],[-35,2],[-87,-77],[-174,-366],[-191,-195],[-24,16],[-47,90],[-22,89],[-84,32],[13,77],[-73,52],[-17,75],[19,86],[-31,52],[-6,45],[57,76],[90,42],[2,103],[-18,123],[11,43],[25,24],[100,-40],[109,-153],[102,-60],[106,8],[83,57],[84,25],[19,51],[3,183],[43,376],[-26,-8],[-2,-91],[-67,-454],[-150,-113],[-89,0],[-191,288],[45,33],[61,4],[49,91],[135,103],[80,150],[58,54],[10,57],[-81,-55],[-41,-111],[-43,-58],[-238,-117],[-66,-74],[-69,-32],[-83,45],[-50,95],[-28,-25],[-52,26],[-101,56],[-196,207],[-30,62],[1,51],[19,26],[98,-32],[128,-126],[43,-26],[47,8],[7,-6],[85,-57],[-3,29],[-76,110],[-1,46],[-83,26],[-63,80],[-129,-25],[-55,46],[-24,63],[55,42],[54,-37],[33,57],[39,15],[111,-98],[77,-31],[206,-138],[38,-57],[35,-99],[43,-19],[44,60],[-7,57],[-51,83],[-101,61],[-8,46],[98,118],[47,102],[150,52],[-23,30],[-119,-37],[-101,-128],[-73,-41],[-57,42],[-69,1],[-39,43],[-8,9],[-51,-4],[-45,48],[-23,81],[-22,185],[28,31],[74,-20],[36,-77],[34,64],[31,58],[-26,6],[-121,25],[-20,65],[8,91],[39,58],[114,30],[40,11],[121,-41],[87,-85],[143,-37],[41,-39],[29,62],[10,25],[59,47],[125,30],[44,48],[73,1],[113,50],[32,-23],[17,-68],[18,17],[97,87],[86,-3],[105,-50],[189,-6],[129,-53],[47,-95],[95,-2],[5,-48],[-10,-27],[-17,-51],[16,-16],[36,65],[55,101],[112,59],[43,7],[36,15],[87,152],[259,-69],[36,-45],[38,-102],[92,-38],[45,-68],[13,-146],[-33,-94],[119,-13],[69,-85],[20,-117],[27,39],[8,83],[-129,158],[-36,146],[-5,92],[19,49],[191,54],[93,54],[225,-83],[6,21],[-16,76],[11,25],[133,86],[139,29],[56,60],[-13,22],[-89,-45],[-222,-5],[-30,37],[-32,118],[-36,74],[64,125],[67,129],[153,210],[-80,-38],[-117,-127],[-78,-44],[-36,-127],[-60,-91],[63,-125],[49,-181],[-51,-73],[-127,27],[-117,-76],[-142,-26],[-101,-49],[-36,28],[6,52],[139,115],[104,40],[21,124],[-22,-3],[-72,-102],[-154,-121],[-178,65],[-144,14],[-161,100],[5,63],[97,107],[77,146],[13,67],[-4,17],[-51,-82],[-85,-142],[-63,-43],[-34,36],[-8,10],[-26,-15],[4,-115],[-32,-63],[-2,-173],[-108,-83],[-127,2],[-95,52],[-106,114],[-171,-51],[-76,33],[6,36],[48,50],[-2,32],[-188,-98],[-118,15],[-30,80],[-53,-82],[-58,-6],[-63,-49],[-105,8],[-108,-88],[-192,-78],[-58,61],[-27,82],[-136,-35],[-54,78],[-64,58],[-74,68],[23,46],[41,12],[19,-9],[162,-76],[15,34],[-13,31],[-121,80],[-38,1],[-150,7],[-28,98],[-65,11],[14,38],[103,52],[143,17],[68,8],[35,69],[7,16],[194,35],[56,40],[-15,20],[-228,-42],[-104,-62],[-7,0],[0,-2],[-66,-10],[-13,17],[-44,61],[-9,59],[34,45],[47,8],[18,48],[-108,-4],[-13,17],[52,47],[125,29],[155,60],[99,-27],[147,9],[-248,91],[-62,45],[-15,41],[17,42],[88,-1],[24,21],[-81,109],[-6,48],[13,52],[-93,18],[-175,27],[-33,123],[21,125],[79,60],[45,-15],[41,-51],[41,-8],[39,-8],[0,101],[-31,12],[-24,10],[-7,31],[36,31],[65,53],[119,48],[-2,30],[12,16],[20,-28],[13,44],[-31,70],[5,17],[210,56],[327,-97],[37,-58],[-29,-57],[3,-23],[190,37],[153,-35],[9,-64],[-45,-125],[-1,-33],[31,35],[52,126],[40,37],[41,-19],[91,-127],[47,-26],[18,23],[-66,90],[-8,41],[226,24],[150,-80],[118,-29],[69,24],[59,54],[46,73],[148,-10],[82,-42],[21,24],[-161,98],[-132,-35],[-97,-101],[-74,-13],[-178,79],[-230,-8],[-180,77],[-102,13],[-142,-21],[-26,28],[112,84],[-11,18],[-259,6],[-307,77],[-166,-45],[-197,-11],[-42,60],[-7,12],[10,25],[38,95],[102,-3],[53,-34],[64,115],[21,101],[-23,66],[-98,89],[-123,37],[-17,5],[-3,31],[15,43],[-25,64],[-1,74],[26,30],[24,7],[60,17],[53,-29],[93,-103],[20,-115],[165,-189],[16,-45],[0,-62],[13,-13],[67,139],[60,25],[-29,51],[-123,38],[-36,44],[0,48],[34,91],[63,50],[177,-87],[62,-128],[39,-44],[-16,97],[13,86],[178,66],[79,-32],[41,-84],[-1,-77],[-93,-221],[-1,-32],[93,121],[46,110],[27,28],[76,-62],[53,-117],[222,6],[-10,24],[-161,62],[-176,227],[-30,84],[26,17],[58,-53],[61,-9],[-65,67],[-30,112],[40,47],[218,147],[179,72],[68,-59],[77,-225],[147,-322],[7,-70],[11,-1],[20,32],[-2,170],[-81,109],[-95,272],[-5,103],[74,62],[60,-16],[53,-54],[38,124],[158,67],[173,-47],[53,-44],[26,-181],[101,-219],[8,-145],[-12,-103],[-98,-184],[-3,-42],[133,-39],[102,43],[8,16],[-93,-23],[-70,59],[11,56],[48,103],[21,175],[27,64],[96,16],[111,-35],[145,52],[-196,19],[-221,84],[-53,94],[-1,120],[-33,95],[-70,81],[-124,72],[-113,4],[-208,-99],[-203,-20],[-146,-54],[-172,4],[-42,53],[142,55],[102,-29],[22,40],[6,-45],[26,34],[-37,52],[8,22],[217,58],[139,-2],[21,18],[-76,95],[-309,19],[0,116],[73,60],[108,3],[45,-43],[44,49],[68,9],[86,-95],[62,105],[171,60],[57,-30],[104,-112],[41,120],[152,13],[42,-54],[53,-188],[19,101],[22,44],[153,-11],[84,-37],[110,-152],[152,-99],[144,140],[-187,-1],[-92,74],[-22,77],[66,27],[63,-66],[8,28],[-6,79],[18,49],[148,67],[242,105],[205,21],[49,-37],[100,-73],[24,5],[-25,65],[-55,55],[-15,54],[-25,21],[-214,-28],[-488,-172],[-109,34],[-6,90],[208,111],[-508,-94],[-184,-9],[-35,38],[-4,75],[49,127],[134,19],[58,-32],[13,24],[-38,56],[-180,19],[-81,185],[117,117],[125,72],[182,43],[49,-20],[50,-71],[96,-73],[70,-109],[129,44],[171,111],[62,-29],[-43,-85],[0,-31],[151,82],[192,48],[50,-12],[82,-104],[18,-139],[52,-157],[139,-99],[75,-25],[85,-76],[44,-66],[80,-18],[38,-92],[26,-29],[11,28],[16,36],[-8,49],[-23,38],[-100,53],[-131,114],[-132,65],[-71,65],[-26,53],[-9,54],[26,92],[-69,119],[-119,139],[-40,46],[-95,-42],[-22,27],[1,33],[18,37],[63,54],[46,105],[37,5],[97,8],[29,-51],[26,-125],[196,-192],[-5,-116],[33,-139],[57,1],[103,-78],[55,-4],[-7,32],[-50,57],[11,12],[146,-65],[83,-73],[0,24],[-41,76],[-149,82],[-60,120],[47,37],[199,37],[10,28],[-49,15],[-136,-29],[16,79],[-179,-70],[-33,45],[6,51],[-63,4],[-45,29],[-29,19],[-18,90],[-46,78],[-15,72],[79,40],[91,-140],[16,20],[-2,34],[-61,77],[-6,34],[71,16],[78,-31],[141,-7],[55,27],[97,-103],[-2,29],[-43,57],[-2,53],[130,58],[119,12],[13,4],[81,25],[-6,18],[-74,-5],[-200,-15],[-129,218],[-6,-20],[12,-57],[58,-118],[-2,-59],[-104,-52],[-147,9],[-123,162],[-10,14],[12,37],[5,18],[-5,11],[-18,44],[8,20],[12,-6],[76,-35],[146,62],[54,-81],[20,95],[84,68],[-5,67],[-26,18],[-7,-49],[-64,5],[-56,-55],[-73,-3],[-24,21],[24,34],[153,65],[4,68],[13,17],[75,29],[72,-22],[69,-74],[17,-74],[71,23],[-2,18],[-57,19],[-66,131],[20,34],[77,26],[35,12],[113,-4],[53,-49],[50,25],[63,-10],[14,20],[13,81],[47,39],[105,-130],[28,-69],[-53,-212],[3,-26],[18,-4],[220,143],[-2,18],[-97,77],[-18,59],[187,128],[-46,45],[-33,-51],[-90,6],[-34,63],[13,46],[221,130],[52,-57],[31,52],[56,40],[84,24],[-11,54],[25,38],[72,52],[129,46],[27,-26],[34,-105],[59,-115],[32,-113],[155,-202],[-35,-166],[-89,-111],[-4,-33],[182,68],[185,-83],[54,11],[16,29],[-7,27],[-116,51],[-30,33],[-11,38],[40,88],[130,87],[113,8],[97,-37],[100,34],[94,-41],[168,16],[176,-45],[70,45],[41,31],[12,40],[-37,32],[-88,12],[-39,52],[-7,47],[31,56],[13,5],[134,50],[-33,51],[35,81],[-33,4],[-105,-65],[-157,-99],[-19,19],[78,165],[65,54],[31,10],[56,21],[150,161],[60,25],[71,-21],[132,33],[34,30],[36,91],[94,5],[140,62],[15,74],[-34,85],[-96,18],[-79,59],[-187,-60],[-36,30],[-8,41],[21,58],[109,78],[97,126],[163,44],[55,90],[-38,38],[-189,29],[-49,36],[-54,-122],[-189,-139],[-237,-226],[-5,-20],[13,-9],[138,88],[100,-60],[21,-91],[-65,-157],[-67,-113],[-174,-97],[-202,-108],[-87,-113],[-198,-161],[-208,-56],[-91,-78],[-118,-82],[-136,5],[-58,91],[-22,135],[-57,42],[-38,76],[-7,101],[13,53],[261,129],[14,32],[-8,77],[-129,-32],[-120,-86],[-185,-62],[-136,-89],[-24,2],[-10,27],[13,105],[78,87],[-40,72],[4,41],[62,116],[70,77],[147,-2],[45,88],[122,-6],[282,149],[-8,28],[-33,6],[-193,-90],[96,105],[-98,50],[59,164],[-5,116],[9,41],[45,12],[69,-40],[51,37],[-47,99],[27,79],[47,5],[4,68],[16,28],[95,21],[70,-10],[-5,33],[-63,59],[-7,57],[201,121],[-2,104],[30,66],[76,25],[75,-35],[26,12],[-22,55],[-36,36],[-118,34],[-1,33],[29,41],[108,-44],[1,58],[31,23],[127,-97],[81,-61],[-5,109],[-76,22],[-34,10],[-26,33],[-5,45],[63,31],[59,-1],[21,59],[19,17],[114,-26],[61,86],[-18,154],[56,42],[92,-72],[35,-106],[85,-94],[43,-98],[27,67],[31,17],[28,-17],[19,-66],[62,-33],[-6,-97],[-86,-176],[0,-41],[126,168],[43,102],[90,50],[-16,80],[5,59],[54,75],[20,59],[75,18],[66,82],[-48,66],[-33,-63],[-147,-113],[-21,-92],[-32,-63],[-80,-4],[-84,64],[-108,36],[-36,82],[18,85],[-124,38],[-26,48],[9,40],[58,35],[156,-80],[48,-72],[29,-98],[52,-2],[25,78],[-1,74],[55,66],[-9,119],[34,102],[225,178],[140,65],[-52,55],[10,60],[-56,90],[-54,-90],[-172,-102],[-108,-127],[-130,-46],[-3,20],[85,62],[35,61],[-109,77],[-8,133],[-43,-73],[-40,-31],[-122,32],[-19,45],[-4,52],[-25,48],[-64,-17],[-135,-109],[-90,18],[-73,-17],[-14,31],[8,59],[42,87],[127,58],[198,137],[81,-23],[140,-144],[92,28],[3,-58],[21,-19],[253,146],[49,9],[43,-30],[14,48],[83,-3],[20,45],[-127,60],[34,51],[159,-36],[201,213],[-44,-27],[-88,-85],[-107,-73],[-16,28],[3,42],[73,123],[40,66],[106,124],[51,31],[29,-9],[14,-45],[0,-97],[43,-37],[67,116],[27,148],[47,48],[49,13],[44,-39],[30,-58],[2,-122],[45,-59],[1,-72],[156,24],[31,62],[153,104],[196,201],[142,253],[-18,6],[-226,-297],[-172,-148],[-147,-77],[-31,23],[-9,98],[27,40],[49,24],[7,32],[-42,61],[-51,23],[4,74],[-47,52],[25,62],[62,51],[-9,82],[-186,-87],[-6,-91],[-24,-62],[-68,-76],[-88,-25],[26,158],[-1,125],[65,178],[54,71],[101,127],[-16,29],[-93,18],[23,202],[25,47],[40,-7],[52,-102],[91,-120],[35,-144],[27,-40],[13,0],[-7,56],[11,22],[58,-9],[53,-53],[57,10],[29,58],[-93,139],[-5,99],[-18,64],[-42,-80],[-43,-27],[-10,17],[-4,53],[-42,-23],[-47,30],[-26,94],[-30,131],[65,172],[92,118],[76,-42],[51,-68],[15,-75],[29,-18],[-4,98],[-110,167],[75,137],[35,8],[50,-30],[1,43],[-20,41],[-74,-10],[-17,23],[33,175],[26,65],[158,143],[54,9],[82,-77],[25,-23],[92,-25],[56,-64],[118,-68],[-21,106],[-39,72],[-83,11],[-152,84],[-12,7],[9,45],[40,191],[-48,-10],[-235,-48],[-14,15],[-4,72],[52,53],[95,96],[95,39],[95,38],[83,3],[145,99],[108,106],[92,5],[140,52],[19,-6],[36,-11],[9,-35],[-6,-51],[35,-22],[-41,-142],[4,-66],[58,86],[69,44],[95,25],[80,-57],[8,50],[-51,47],[-106,-16],[-72,25],[-5,84],[152,67],[34,-22],[-12,-74],[10,-14],[77,80],[107,64],[38,69],[37,27],[84,63],[29,77],[-19,13],[-100,-75],[-88,-27],[-47,-59],[-17,-21],[-174,-32],[-120,-65],[-41,23],[4,70],[-9,6],[-11,8],[-9,-9],[-44,-29],[-133,-87],[-121,-5],[-142,-121],[-107,-55],[-44,14],[2,26],[157,209],[279,154],[-36,45],[-150,-76],[-127,-27],[-48,33],[-59,0],[-61,43],[-11,43],[22,71],[-26,55],[12,55],[49,30],[52,-48],[18,48],[-35,136],[-102,78],[-18,39],[149,47],[70,-64],[48,-126],[27,-22],[27,30],[-2,144],[41,47],[146,35],[82,-10],[93,-13],[-9,29],[-88,42],[-21,14],[-13,52],[-120,-76],[-118,-26],[-75,18],[-13,21],[-1,29],[52,139],[-49,34],[-19,38],[44,43],[261,16],[-72,44],[-136,27],[-37,36],[15,37],[224,-3],[55,-26],[67,-35],[96,14],[50,46],[-5,15],[-152,-23],[-25,58],[25,66],[1,2],[-46,21],[-8,4],[-33,62],[24,24],[12,3],[125,22],[166,-22],[27,24],[-125,87],[-54,93],[-56,57],[-100,35],[-36,85],[31,6],[211,40],[38,64],[84,39],[44,46],[45,83],[36,-90],[-36,-95],[23,-13],[81,75],[-11,140],[26,76],[50,-44],[74,-136],[54,6],[43,104],[-2,89],[33,38],[-4,80],[39,140],[41,68],[5,68],[59,48],[114,36],[172,-33],[95,51],[158,38],[29,-41],[-37,-176],[69,-82],[2,21],[-32,61],[-5,37],[89,143],[44,13],[80,-37],[87,2],[173,-75],[28,-55],[16,-112],[39,-11],[10,173],[-21,51],[-51,63],[-19,68],[-88,-26],[-13,45],[-16,14],[-129,-12],[-43,18],[-10,24],[15,93],[-19,34],[-91,-19],[-87,-73],[-101,-19],[-173,-166],[-22,21],[21,98],[-18,55],[-138,-63],[-223,-9],[32,72],[204,222],[27,101],[29,52],[175,20],[25,-25],[25,-65],[68,76],[8,39],[-222,24],[-54,63],[42,83],[171,166],[144,68],[75,-32],[20,-31],[-37,-33],[-77,28],[32,-87],[8,-49],[117,49],[42,-27],[-26,-94],[0,-70],[131,132],[150,-16],[52,-55],[112,-230],[61,-34],[8,101],[-95,96],[-9,43],[7,62],[113,180],[67,65],[-60,-15],[-162,-125],[-234,29],[-67,40],[-24,76],[33,88],[83,25],[-50,28],[-95,-9],[-30,37],[31,85],[45,48],[7,67],[26,45],[194,-78],[60,45],[-12,19],[-66,10],[-30,47],[46,58],[121,4],[145,-70],[75,-74],[11,10],[-62,100],[-316,150],[-43,38],[-23,76],[-20,9],[-48,-137],[-133,-137],[-73,-122],[-226,-158],[-119,-17],[-29,30],[60,105],[-26,59],[188,54],[24,29],[-44,77],[-137,-22],[-92,61],[-7,29],[31,60],[84,12],[119,69],[-3,18],[-104,25],[11,26],[105,47],[157,-6],[31,-20],[23,-46],[103,116],[192,85],[59,4],[58,53],[110,44],[69,-20],[77,-78],[19,69],[49,86],[6,79],[-34,58],[-61,26],[-40,16],[-9,-18],[3,-2],[89,-68],[15,-50],[-30,-45],[-159,67],[-22,-28],[-24,9],[-57,-35],[-69,-2],[-33,32],[99,105],[-47,27],[-68,72],[-104,-117],[-29,-93],[-99,47],[-11,35],[-13,39],[104,232],[74,47],[27,-63],[20,-8],[78,70],[27,94],[55,-26],[23,-57],[4,-70],[-55,-84],[-4,-45],[11,-19],[41,50],[170,109],[25,79],[-27,80],[-3,41],[68,50],[6,106],[16,31],[74,-15],[50,-87],[12,-67],[35,-17],[16,-31],[7,-71],[-13,-257],[32,-40],[56,-68],[49,-88],[35,-205],[172,-114],[74,-48],[4,17],[-20,52],[-64,38],[-115,69],[-11,52],[-3,133],[-51,124],[18,12],[36,-23],[85,-122],[17,-17],[82,-82],[-5,45],[-75,65],[-5,9],[-25,43],[-16,61],[29,5],[35,6],[67,-90],[28,-15],[8,15],[-14,89],[-116,63],[-13,34],[8,46],[85,127],[99,-70],[86,-23],[16,14],[-20,30],[-80,26],[-86,66],[-55,-16],[-72,-65],[-53,22],[-32,69],[69,64],[36,0],[102,115],[-75,81],[-81,-25],[-89,-31],[-61,2],[-15,33],[116,52],[16,37],[-18,21],[-70,1],[-114,73],[0,23],[13,29],[47,38],[128,-50],[11,-4],[13,2],[43,3],[183,-132],[109,-154],[63,-46],[11,10],[-87,117],[-66,148],[-262,112],[-63,36],[-25,33],[-4,37],[4,20],[72,24],[113,83],[111,46],[86,-13],[82,25],[146,-71],[11,-42],[-24,-66],[21,-9],[135,52],[54,76],[124,18],[49,-62],[39,-128],[88,-102],[15,-127],[24,-58],[8,20],[-2,84],[22,71],[-49,74],[-83,84],[-30,117],[3,53],[31,55],[67,28],[54,-10],[-14,66],[30,36],[244,25],[-64,59],[-114,7],[14,133],[-7,33],[-15,9],[-121,-73],[-204,-181],[-156,-28],[-6,30],[23,69],[-90,62],[-50,-38],[15,-40],[-6,-21],[-115,-59],[-301,-73],[-17,21],[-11,66],[-19,16],[-5,-49],[-40,-33],[-1,-67],[-34,-42],[-43,-8],[-100,-14],[-122,-96],[-64,68],[46,80],[-17,43],[19,96],[73,143],[95,42],[32,-2],[22,-1],[23,-19],[48,-40],[10,-62],[27,118],[47,35],[50,-42],[38,1],[14,52],[-74,80],[-5,52],[18,56],[49,54],[57,20],[26,53],[50,38],[112,22],[73,77],[47,5],[61,-77],[92,-72],[8,21],[-53,59],[-4,52],[148,101],[121,-11],[94,-91],[68,15],[-119,114],[-103,6],[-66,56],[18,46],[129,110],[53,4],[320,-110],[-9,37],[-24,26],[-126,26],[-141,74],[8,49],[119,133],[39,6],[70,-57],[37,-2],[13,23],[-32,47],[-105,79],[-216,-82],[-13,38],[7,61],[51,77],[-48,72],[40,105],[82,126],[5,76],[12,25],[274,137],[110,-5],[47,32],[-7,27],[-46,49],[-36,120],[-58,41],[-19,55],[1,122],[54,93],[13,52],[12,62],[29,55],[-13,157],[20,40],[75,41],[90,-52],[22,-53],[24,-115],[50,-12],[77,-77],[58,-255],[14,47],[-2,139],[13,37],[65,-88],[73,-51],[-12,74],[67,81],[-57,43],[-68,40],[-90,104],[-97,66],[-38,156],[21,49],[196,109],[133,27],[26,-49],[28,-112],[134,-169],[62,-113],[62,-48],[56,-5],[141,-12],[57,-42],[16,-65],[-47,-136],[0,-33],[12,-25],[41,-12],[140,38],[-76,234],[-51,85],[-9,15],[-115,10],[-138,16],[-151,196],[-12,63],[18,96],[95,132],[-134,-67],[-45,57],[-24,90],[-1,61],[78,196],[30,136],[118,111],[436,165],[13,-54],[-9,-83],[9,-95],[-5,-129],[57,-72],[21,-71],[-24,-249],[15,-153],[-23,-114],[42,-12],[42,159],[-7,193],[5,121],[104,45],[-110,199],[0,48],[37,191],[73,164],[15,-29],[10,-81],[14,-2],[78,393],[23,8],[39,-89],[4,140],[41,86],[31,9],[30,-27],[89,-187],[1,-160],[-15,-173],[6,-221],[26,-71],[48,-56],[11,-45],[-16,-84],[-47,-73],[13,-61],[13,-197],[-42,-44],[-24,-176],[-98,-136],[-16,-22],[-34,-138],[1,-59],[33,15],[46,134],[46,77],[5,5],[144,133],[40,219],[21,252],[17,54],[83,-8],[158,-112],[79,7],[-71,48],[-192,192],[-27,79],[1,177],[-24,121],[179,149],[35,89],[-12,97],[7,47],[79,113],[83,53],[11,-8],[-51,-182],[27,-63],[18,-74],[17,-24],[40,-43],[36,15],[4,185],[20,42],[90,3],[11,-41],[-5,-65],[13,-9],[25,69],[-11,118],[25,51],[-56,109],[-1,102],[31,68],[58,28],[128,-25],[65,-57],[107,-150],[174,-77],[86,-58],[131,-158],[96,-68],[41,-56],[26,0],[21,35],[-73,116],[-138,94],[-4,19],[28,23],[4,31],[-69,69],[-46,95],[-16,123],[10,37],[63,12],[42,-63],[17,-2],[-7,75],[-24,73],[-138,-3],[-56,47],[25,71],[105,77],[27,52],[-4,27],[-78,-82],[-105,-25],[-37,-49],[-64,-25],[-96,39],[-50,49],[-43,-23],[-59,8],[-61,88],[-9,75],[-136,-13],[-95,81],[-33,52],[77,100],[101,61],[28,-31],[31,-92],[49,-38],[-45,261],[11,36],[38,19],[52,-95],[195,-149],[60,-86],[58,-55],[-2,31],[-31,67],[-11,53],[-43,53],[-12,54],[87,188],[41,31],[27,-16],[14,-58],[38,34],[37,-16],[45,-128],[4,9],[39,91],[58,15],[50,-25],[13,-41],[17,-149],[7,-162],[19,-28],[193,41],[-22,31],[-118,39],[-15,167],[15,63],[117,-2],[134,-62],[77,28],[234,-10],[23,-28],[-2,-33],[-98,-209],[-175,-106],[-143,-39],[-41,-75],[284,129],[225,181],[28,-45],[49,-197],[90,-43],[50,-80],[-13,-98],[9,-27],[64,21],[106,133],[132,3],[39,51],[4,72],[-34,20],[-154,-6],[-73,33],[-59,58],[14,56],[102,49],[20,39],[-72,98],[-31,63],[-49,29],[-21,38],[133,96],[-4,23],[-38,42],[33,59],[84,51],[-45,95],[0,23],[54,134],[131,202],[58,133],[78,70],[88,28],[194,-34],[74,-34],[-14,43],[-30,36],[-162,124],[42,162],[4,131],[30,85],[44,31],[77,-2],[193,-121],[50,29],[-15,56],[-77,108],[-67,44],[-51,62],[-155,8],[-79,26],[-34,49],[-24,134],[60,86],[149,-112],[91,-37],[31,23],[-54,145],[32,67],[-59,60],[-36,65],[-35,219],[70,-5],[53,-55],[49,12],[124,-131],[53,22],[22,105],[44,15],[19,-22],[10,-38],[-8,-164],[39,-8],[23,86],[60,43],[96,-84],[86,-166],[58,50],[5,157],[-28,79],[-77,100],[-8,36],[8,24],[104,-24],[107,-91],[2,-57],[-37,-82],[12,-28],[60,43],[76,117],[53,8],[60,-65],[28,53],[67,22],[29,-71],[-1,-22],[-59,-194],[-71,-70],[-15,-48],[17,-26],[32,-3],[5,-25],[-43,-38],[-145,-227],[-48,-168],[-130,-262],[105,5],[-5,-41],[-74,-32],[-13,-29],[28,-30],[100,-6],[10,-34],[4,-73],[29,-64],[-62,-33],[-26,-86],[25,-97],[61,-6],[23,-52],[-147,-256],[3,-67],[22,-83],[4,-98],[38,-104],[96,-58],[1,34],[-36,60],[-14,67],[12,51],[37,22],[38,-63],[7,-60],[29,-49],[57,-16],[42,75],[20,256],[50,90],[57,236],[-17,50],[-76,43],[5,103],[62,132],[56,240],[175,364],[7,313],[37,69],[18,106],[45,83],[84,258],[100,217],[78,69],[56,-36],[40,-92],[13,-163],[51,-73],[8,-182],[-40,-115],[-90,-130],[117,-8],[61,-76],[40,-198],[1,-124],[24,-117],[3,-137],[24,-165],[15,-14],[57,80],[7,97],[85,47],[6,161],[111,20],[67,-32],[71,54],[-11,41],[-82,99],[-35,111],[32,115],[92,32],[-83,82],[-1,75],[-46,83],[-3,69],[87,59],[84,12],[-4,27],[-30,45],[-26,65],[-7,48],[9,35],[181,20],[-32,50],[-26,76],[-72,39],[-40,44],[-88,-50],[-78,-7],[-96,49],[-13,51],[24,84],[113,-4],[-28,59],[-68,69],[-4,39],[28,29],[197,-22],[86,-93],[-14,102],[-64,90],[-23,73],[22,78],[49,35],[22,56],[63,-28],[23,-86],[18,-32],[59,10],[55,-44],[45,26],[4,3],[38,82],[33,-7],[41,42],[44,-37],[48,92],[50,9],[45,-64],[-5,-125],[50,-109],[106,109],[121,6],[59,-48],[19,-117],[-9,-61],[-33,-59],[7,-70],[-40,-98],[-41,-23],[-12,-87],[-165,-53],[-80,21],[-82,-58],[-66,-46],[23,-75],[69,36],[40,21],[137,-21],[35,-32],[-32,-113],[-68,-100],[-33,-15],[-6,-2],[-22,-75],[5,-25],[47,24],[29,14],[127,122],[111,149],[28,-1],[28,-46],[21,-121],[-27,-152],[-207,-326],[-21,-33],[14,-91],[26,-38],[10,65],[31,68],[71,16],[105,82],[65,-6],[101,59],[49,-44],[55,7],[53,-43],[23,2],[-13,103],[-59,42],[-66,99],[-9,291],[28,68],[-40,73],[-13,52],[49,144],[12,111],[32,114],[55,80],[84,40],[284,-24],[94,-100],[64,-36],[10,-53],[-12,-67],[40,-82],[5,-76],[15,-34],[83,103],[249,176],[43,-5],[28,-38],[27,-70],[3,-111],[18,-22],[48,49],[66,175],[121,39],[77,-36],[43,-75],[75,-17],[86,-78],[-16,-85],[-114,-113],[-21,-39],[11,-28],[77,-10],[176,161],[196,49],[26,-24],[36,-70],[115,-65],[80,-90],[42,3],[84,75],[58,-16],[111,-123],[46,-83],[33,-102],[3,-48],[-58,-68],[-343,-207],[-39,-92],[-77,-94],[-2,-41],[17,-75],[-9,-41],[-179,-210],[-124,-81],[-154,-31],[-153,14],[-182,-31],[-280,5],[-123,-31],[-311,42],[-71,-29],[50,-39],[-14,-93],[42,-38],[126,32],[50,-46],[276,-2],[46,-23],[45,-55],[157,48],[308,-53],[14,-28],[-4,-30],[-106,-160],[-17,-76],[30,-15],[81,144],[126,19],[68,-61],[50,-158],[-77,-366],[1,-46],[10,-23],[93,204],[75,46],[104,16],[101,131],[34,-21],[18,-94],[84,-32],[-24,118],[22,90],[-88,200],[33,62],[78,12],[47,-57],[73,-39],[98,-179],[38,-96],[19,-94],[28,48],[-36,126],[-58,124],[9,67],[162,34],[67,-17],[37,-59],[69,55],[89,-44],[15,-20],[27,-39],[23,-66],[53,-42],[20,-16],[16,-52],[50,-90],[37,-126],[0,-64],[-34,-47],[-43,-56],[-281,-55],[-148,97],[-149,73],[-160,54],[-50,-31],[3,-31],[57,-26],[87,-137],[26,-80],[-20,-95],[9,-50],[17,-88],[-30,-122],[-55,-69],[-11,-13],[-26,2],[-83,4],[-27,-37],[-59,-82],[-18,-87],[-72,-140],[-62,5],[-107,-46],[-74,-97],[14,-97],[59,-91],[16,-112],[-13,-76],[21,-137],[-96,-298],[-149,63]],[[176645,173927],[-12,0],[-8,30],[5,13],[19,-8],[-4,-35]],[[176751,173965],[-9,-44],[-18,23],[16,32],[11,-11]],[[176818,173941],[-20,-6],[8,52],[16,-17],[-4,-29]],[[176431,174036],[-12,-12],[-29,19],[4,12],[25,-2],[12,-17]],[[176213,174075],[-11,-22],[-21,28],[23,18],[9,-24]],[[177006,174039],[-13,-4],[-5,36],[8,14],[16,-20],[-6,-26]],[[177126,174057],[-23,0],[-12,13],[20,27],[15,-40]],[[176186,174133],[-22,-1],[-4,11],[8,22],[16,3],[8,-18],[-6,-17]],[[175810,174195],[-7,-16],[-22,9],[-5,22],[21,3],[13,-18]],[[177073,174157],[-16,-3],[-6,11],[8,27],[18,0],[-4,-35]],[[175790,174271],[0,-35],[-25,5],[2,27],[23,3]],[[177431,174263],[3,-28],[-24,5],[5,-31],[-14,-18],[-27,-4],[-7,20],[-20,2],[12,27],[34,11],[10,28],[28,-12]],[[177890,174523],[-21,-22],[-11,22],[15,25],[17,-25]],[[175219,174715],[-16,0],[-11,18],[1,12],[27,1],[-1,-31]],[[175445,174667],[-26,-24],[-10,11],[7,22],[1,44],[26,20],[12,-16],[5,-29],[-15,-28]],[[178318,174845],[-6,-31],[-23,11],[9,32],[20,-12]],[[178404,174925],[-17,-14],[-8,15],[12,26],[17,1],[-4,-28]],[[178452,174936],[-10,-25],[-16,37],[13,24],[13,-36]],[[179131,175744],[-9,-19],[-15,11],[-18,-18],[1,-16],[-19,-20],[-36,23],[11,17],[11,-10],[24,15],[0,21],[34,15],[16,-19]],[[179306,175985],[-9,-20],[-8,10],[14,44],[16,3],[5,-32],[-18,-5]],[[179368,176015],[-22,-22],[-9,24],[22,22],[9,-24]],[[179699,176357],[-30,-21],[-45,21],[-20,-25],[-18,25],[5,17],[87,24],[21,-41]],[[179818,176400],[-50,-65],[-7,5],[1,24],[23,18],[27,39],[6,-21]],[[179597,176393],[-23,-3],[-4,21],[4,17],[23,3],[8,2],[21,-20],[1,-15],[-30,-5]],[[179718,176447],[12,-15],[25,4],[7,-20],[-32,-1],[-16,-11],[-9,14],[13,29]],[[179879,176486],[-7,-28],[-18,5],[-1,36],[26,-13]],[[179789,176480],[-6,-25],[-30,12],[-17,26],[8,34],[20,-31],[25,-16]],[[173863,176720],[-15,-9],[-15,13],[12,28],[23,-9],[-5,-23]],[[174592,176692],[4,-39],[-37,15],[-17,40],[24,5],[26,-21]],[[179966,176650],[-16,-2],[-4,24],[27,24],[-7,-46]],[[181795,176716],[-10,-20],[-26,23],[6,19],[30,-22]],[[174524,176859],[-32,-4],[-35,19],[-21,27],[24,16],[32,-16],[25,-22],[7,-20]],[[174320,176908],[25,-28],[-11,-22],[-8,23],[-18,19],[-6,-13],[-17,18],[5,28],[30,-25]],[[174247,176943],[-9,-45],[-19,21],[6,20],[22,4]],[[180475,176725],[-10,-17],[-15,27],[19,30],[6,-40]],[[180124,176761],[-20,-25],[-20,17],[20,22],[20,-14]],[[181933,176751],[-11,-20],[-29,14],[12,18],[-3,24],[22,-8],[9,-28]],[[174278,176932],[-13,-27],[-11,20],[2,20],[14,14],[8,-27]],[[181864,176769],[-15,-4],[-11,11],[4,20],[7,5],[9,-5],[10,-12],[-4,-15]],[[180095,176783],[-22,-14],[-8,-32],[-10,2],[-5,31],[8,16],[10,-11],[0,33],[29,-9],[-2,-16]],[[180545,176788],[-11,-19],[-24,16],[17,27],[18,-24]],[[174435,177012],[9,-43],[-25,7],[-5,14],[21,22]],[[180143,176823],[-5,-46],[-34,59],[24,12],[15,-25]],[[180071,176822],[-14,-31],[-28,58],[6,8],[36,-35]],[[174162,177046],[-12,-17],[-23,36],[17,10],[18,-29]],[[174258,177057],[-42,-17],[-37,11],[10,27],[68,-4],[1,-17]],[[181971,176804],[-8,-39],[-20,10],[-17,26],[13,20],[26,9],[0,27],[8,33],[21,25],[11,-22],[-17,-55],[15,-5],[-4,-14],[-28,-15]],[[174341,177062],[-6,-27],[-16,8],[-4,35],[11,3],[15,-19]],[[181688,176889],[-12,-17],[-25,26],[11,26],[26,-35]],[[174101,177082],[-1,-21],[14,4],[12,-26],[-10,-20],[-22,29],[-34,-10],[-18,41],[7,12],[29,-14],[2,27],[36,1],[2,-15],[-17,-8]],[[173756,177172],[-1,-19],[-18,-22],[-40,8],[9,32],[16,-12],[17,21],[17,-8]],[[181157,176931],[-7,-13],[-13,21],[5,37],[11,-7],[4,-38]],[[181074,176961],[-13,-15],[-10,57],[15,-3],[8,-39]],[[174332,177167],[-17,-24],[-19,34],[15,8],[21,-18]],[[181883,177028],[19,-37],[24,18],[39,-31],[-46,-125],[-39,-32],[-52,34],[-9,75],[-15,16],[4,19],[10,0],[15,40],[50,23]],[[181532,177055],[-5,-35],[-19,4],[-9,22],[33,9]],[[174007,177255],[95,-60],[11,-7],[41,-65],[-24,-10],[-23,16],[7,27],[-35,-12],[-39,20],[-18,36],[-9,18],[-20,-16],[-13,0],[-6,45],[33,8]],[[181100,177052],[-1,-31],[-28,25],[14,23],[15,-17]],[[181789,177060],[-17,-33],[-9,29],[16,26],[10,-22]],[[174386,177222],[-30,-8],[-24,11],[-18,28],[5,8],[54,-15],[13,-24]],[[182039,177064],[-18,-23],[-14,43],[10,15],[29,0],[-7,-35]],[[181635,177108],[25,-35],[41,22],[18,-26],[5,-22],[29,-2],[-8,-57],[34,10],[-4,-30],[8,-91],[-23,-13],[-34,51],[0,37],[-28,-13],[-72,34],[-29,68],[21,52],[17,15]],[[180918,177108],[-3,-43],[-23,26],[7,20],[19,-3]],[[181063,177123],[6,-39],[-26,-18],[-16,13],[9,25],[9,-7],[18,26]],[[180869,177115],[-8,-39],[-19,29],[9,21],[18,-11]],[[174025,177338],[130,-63],[76,9],[37,-35],[4,-64],[-3,-32],[-39,-21],[-61,47],[-5,12],[-168,105],[-2,8],[31,34]],[[181044,177131],[-9,-20],[-15,14],[13,36],[8,0],[3,-30]],[[174481,177267],[-42,-30],[-17,35],[27,26],[14,50],[24,16],[19,-10],[14,-41],[-39,-46]],[[174594,177359],[-25,-27],[-18,41],[29,6],[14,-20]],[[180919,177171],[-11,-33],[-10,26],[-11,-18],[-14,10],[5,39],[12,29],[20,-8],[9,-45]],[[174541,177372],[-32,-1],[-5,24],[20,8],[17,-13],[0,-18]],[[181115,177209],[-19,-2],[-9,31],[3,31],[10,1],[0,-31],[14,-10],[1,-20]],[[174429,177415],[-7,-29],[-14,-7],[7,-19],[-22,-10],[-5,11],[-19,-35],[-20,-4],[-11,9],[-34,-7],[-21,17],[-11,31],[14,54],[21,-32],[21,19],[-7,29],[26,43],[17,5],[25,-24],[36,-21],[4,-30]],[[174567,177460],[-2,-48],[-18,7],[-4,18],[-21,13],[-17,39],[8,18],[24,-1],[11,-38],[19,-8]],[[181226,177321],[0,-25],[-15,10],[-11,26],[11,15],[15,-26]],[[181137,177303],[-11,-20],[-17,20],[-20,5],[11,44],[16,-14],[21,-35]],[[181412,177372],[-3,-23],[-21,17],[8,19],[16,-13]],[[181196,177360],[2,-23],[-51,11],[-3,19],[1,18],[19,-1],[1,-17],[31,-7]],[[174685,177463],[-17,-34],[-20,11],[-29,-19],[-6,-14],[-25,16],[3,15],[18,-5],[13,38],[-19,12],[13,27],[-5,13],[64,-1],[23,15],[13,23],[39,1],[9,-15],[-6,-20],[-47,-52],[-21,-11]],[[174472,177589],[-12,-32],[-19,13],[-3,22],[17,8],[17,-11]],[[173738,177656],[23,-16],[11,8],[16,-17],[38,-40],[3,-25],[14,-36],[2,-41],[-31,-43],[-9,-30],[-19,10],[1,23],[-11,16],[-6,9],[-14,4],[-3,-18],[-24,-3],[8,-31],[-12,-8],[-13,21],[-8,58],[15,9],[-9,18],[5,81],[16,14],[-4,16],[11,21]],[[181406,177417],[-15,-44],[-16,26],[5,44],[19,10],[7,-36]],[[174388,177667],[-3,-17],[-21,-19],[16,-22],[-12,-28],[8,-13],[20,23],[16,-11],[-11,-23],[-38,-13],[-9,13],[-25,5],[4,21],[16,6],[0,24],[-14,-7],[-19,12],[-2,15],[9,30],[39,-3],[12,23],[14,-16]],[[173717,177726],[-12,-46],[-13,4],[8,45],[17,-3]],[[173896,177572],[-29,-27],[-30,41],[-13,45],[7,14],[-7,19],[21,4],[-8,21],[11,31],[15,-6],[13,-27],[-3,-19],[-16,-15],[18,-36],[19,-14],[-10,-15],[12,-16]],[[174450,177639],[-27,-21],[-25,9],[2,46],[26,34],[14,-9],[15,-28],[-5,-31]],[[173782,177737],[-17,-13],[-21,30],[13,25],[15,-10],[10,-32]],[[174346,177714],[-15,-11],[-11,34],[21,11],[5,-34]],[[174698,177740],[52,-49],[17,-28],[2,-24],[-16,-27],[-64,-31],[-74,-12],[-53,-19],[-44,8],[-2,49],[-10,44],[9,37],[24,9],[10,16],[38,19],[24,-5],[60,6],[27,7]],[[181368,177598],[-23,-15],[-12,19],[18,22],[17,-26]],[[173061,177863],[-37,-24],[-10,16],[-17,-7],[-17,29],[8,16],[29,14],[38,-8],[6,-36]],[[181335,177663],[-5,-23],[-22,15],[7,34],[20,-26]],[[174581,177855],[-9,-11],[-8,14],[13,8],[4,-11]],[[174604,177847],[-12,-3],[-11,17],[13,12],[11,-8],[-1,-18]],[[181162,177790],[-8,-10],[-28,34],[9,22],[25,1],[2,-47]],[[173427,178042],[0,-21],[-16,5],[-1,0],[-5,21],[9,18],[7,17],[24,21],[2,-49],[-20,-12]],[[173610,177470],[-37,-72],[-128,9],[-29,154],[29,113],[6,83],[58,66],[-32,115],[51,59],[-6,68],[18,42],[10,17],[13,-19],[50,-73],[4,-83],[-10,-34],[33,-52],[-15,-61],[24,-94],[-39,-238]],[[173383,178162],[-6,-33],[-13,5],[-9,27],[15,10],[13,-9]],[[173356,178223],[-18,-33],[-25,30],[34,28],[9,-25]],[[181321,178191],[1,-28],[-29,15],[-5,20],[33,-7]],[[173454,178614],[-1,-1],[-8,30],[12,16],[1,1],[18,-20],[-22,-26]],[[173477,178773],[2,-37],[-13,8],[-2,11],[-6,28],[9,12],[0,0],[10,-22]],[[174354,178794],[-8,-27],[-20,5],[-7,26],[35,-4]],[[174317,178814],[0,-21],[-17,7],[0,21],[19,19],[11,-10],[-13,-16]],[[173432,178937],[12,-21],[-42,-20],[-12,27],[22,15],[10,-16],[10,15]],[[173499,178982],[-11,-39],[-10,11],[-8,9],[10,26],[1,-1],[18,-6]],[[181233,178681],[3,-44],[-42,24],[-23,100],[25,5],[-10,-46],[31,-20],[16,-19]],[[173898,178977],[-12,-16],[-20,17],[27,28],[5,-29]],[[181218,178772],[-10,-21],[-16,44],[19,9],[7,-32]],[[173820,178993],[-13,-19],[-23,32],[20,18],[16,-31]],[[173884,179021],[-17,-24],[-20,32],[8,5],[18,-2],[11,-11]],[[173510,179059],[-6,-15],[-18,9],[-12,-36],[-18,1],[0,14],[14,10],[16,38],[1,-1],[23,-20]],[[174291,178926],[-12,-22],[-73,38],[-2,51],[15,17],[16,7],[2,26],[12,6],[49,-16],[2,-28],[-28,-24],[19,-55]],[[174247,179207],[25,-57],[27,46],[21,3],[35,-54],[80,-36],[28,-56],[-48,-17],[-42,-74],[-25,-10],[-16,12],[-5,40],[7,102],[-32,31],[-58,-7],[-24,46],[27,31]],[[173397,179304],[31,-55],[8,10],[4,-31],[-36,1],[-5,30],[-14,22],[12,23]],[[181476,179162],[-18,-12],[-7,40],[10,15],[15,-43]],[[181191,179195],[20,-3],[9,17],[7,-18],[-13,-35],[-24,-9],[-16,34],[8,31],[9,-17]],[[173514,179440],[-14,0],[-6,20],[4,20],[18,-9],[4,-7],[4,-21],[-10,-3]],[[181418,179208],[-17,-6],[-8,42],[13,8],[12,-44]],[[181449,179234],[-24,-8],[-9,22],[23,15],[10,-29]],[[173512,179343],[-1,-71],[40,43],[-20,73],[19,45],[89,-88],[12,-56],[29,2],[-11,-73],[52,-29],[48,-150],[9,-62],[32,-56],[-94,-55],[-9,26],[26,5],[14,28],[-17,90],[-40,-8],[-29,32],[-24,-71],[13,-13],[-22,-43],[2,-67],[-39,-51],[6,-134],[-55,-55],[-30,5],[-10,131],[-18,64],[5,68],[31,109],[72,68],[-11,29],[-69,40],[-22,-11],[-16,-7],[-21,17],[-4,39],[29,112],[-65,72],[20,93],[-31,39],[7,33],[45,-3],[23,-31],[31,-113],[4,-16]],[[173549,179495],[-3,-38],[-21,28],[-3,12],[5,8],[22,-10]],[[173507,179540],[-17,-33],[-9,15],[4,35],[22,-17]],[[173601,179446],[-26,-2],[-8,50],[-17,52],[9,7],[17,-35],[2,-25],[25,-30],[-2,-17]],[[173523,179561],[-1,-3],[3,0],[14,-14],[-16,-30],[-4,5],[-9,11],[11,32],[2,-1]],[[174288,179509],[-4,-35],[-12,9],[-2,27],[-1,18],[21,3],[-2,-22]],[[174342,179506],[-17,-19],[-8,21],[-3,7],[22,34],[17,-29],[-11,-14]],[[173674,179486],[-10,-39],[19,-67],[-8,-10],[-40,51],[-31,70],[-13,23],[13,16],[-8,24],[-10,28],[37,5],[4,-18],[-11,-17],[2,-51],[16,-23],[12,72],[52,72],[16,-29],[-29,-45],[-11,-62]],[[173787,179666],[28,-6],[12,12],[45,-39],[13,-26],[37,-20],[33,-18],[32,-41],[38,-51],[24,-70],[4,-101],[-11,-65],[9,-80],[-41,-22],[-2,-37],[-34,-43],[-56,-16],[-54,15],[-37,64],[-62,45],[6,40],[23,-12],[7,92],[-23,-51],[-27,15],[-60,256],[67,36],[-2,24],[14,-1],[16,20],[-12,40],[-14,-1],[-31,22],[47,53],[11,-8],[0,-26]],[[174677,179627],[-13,-23],[-29,5],[-47,-11],[-4,7],[3,7],[50,36],[32,29],[8,-50]],[[173408,179817],[-29,-14],[-8,21],[33,14],[4,-21]],[[173368,179841],[-6,-33],[-29,11],[14,22],[21,0]],[[173456,179728],[-20,1],[-34,20],[-2,14],[25,35],[-13,59],[24,13],[3,-31],[-8,-17],[43,-22],[-18,-72]],[[173543,179841],[-24,-20],[-5,15],[16,31],[14,-18],[-1,-8]],[[173470,179875],[-18,-4],[-11,26],[29,9],[0,-31]],[[173487,179944],[-15,-9],[-12,12],[3,28],[12,3],[12,-34]],[[173936,179789],[-27,-19],[-39,15],[-5,-36],[-14,-12],[-30,86],[14,47],[12,41],[5,57],[19,14],[77,-14],[10,-2],[3,-41],[-11,-21],[3,-42],[3,-57],[-20,-16]],[[173514,180009],[-6,-10],[-26,34],[0,9],[4,14],[23,-16],[5,-31]],[[173767,179915],[-5,-40],[-5,-41],[-42,-85],[-78,45],[-7,-63],[-43,-33],[-55,-5],[-14,-1],[-35,44],[11,38],[45,17],[77,30],[5,37],[-8,27],[-16,53],[37,66],[26,-115],[26,1],[-30,141],[-12,55],[15,17],[30,-33],[12,-42],[54,-63],[12,-50]],[[173487,180173],[5,-29],[18,10],[6,-43],[-12,-3],[-18,30],[-20,-18],[-16,11],[-15,-36],[-19,11],[5,24],[-9,13],[6,13],[49,18],[20,-1]],[[173725,180143],[-5,-17],[-29,15],[15,28],[19,-26]],[[173899,180119],[-35,-2],[2,19],[22,25],[13,-27],[-2,-15]],[[173600,180058],[-23,-31],[-20,10],[-11,1],[-3,36],[4,30],[-27,43],[5,25],[28,-1],[15,12],[7,5],[8,-27],[-18,-21],[-1,-6],[36,-76]],[[173666,180156],[-14,0],[-11,44],[14,8],[11,-52]],[[173624,180200],[-19,-19],[-10,26],[25,18],[4,-25]],[[174720,179896],[-13,1],[15,53],[-24,3],[2,13],[-27,57],[0,67],[114,64],[48,-32],[14,-41],[-44,-99],[-34,-22],[-30,-29],[4,-11],[-25,-24]],[[173815,180224],[-18,-10],[-13,13],[15,22],[19,-8],[-3,-17]],[[173889,180221],[-17,-56],[-16,-18],[-34,36],[-22,-8],[-5,17],[28,5],[13,29],[23,25],[30,-30]],[[173408,180261],[-21,-13],[-14,23],[17,16],[18,-26]],[[173412,180317],[-30,-9],[-6,19],[30,14],[6,-24]],[[173658,180415],[-13,-15],[-26,10],[-6,25],[5,8],[27,-9],[13,-19]],[[173686,180416],[-15,-2],[0,31],[13,14],[11,-10],[-9,-33]],[[173319,180636],[-15,-11],[-20,15],[20,26],[15,-30]],[[173384,180667],[-1,-34],[-24,2],[-2,21],[27,11]],[[173626,180580],[-23,-8],[1,17],[16,19],[7,29],[-8,23],[30,39],[12,-10],[3,-37],[-13,-27],[-24,-23],[-1,-22]],[[173271,180689],[-14,-1],[-7,21],[10,22],[13,-10],[-2,-32]],[[175205,180684],[-22,-17],[-8,24],[28,20],[2,-27]],[[173343,180814],[-22,-12],[6,46],[14,-2],[2,-32]],[[173530,180864],[-25,-12],[-1,23],[10,27],[16,-38]],[[173326,180928],[-8,-16],[-14,4],[-7,47],[23,-7],[6,-28]],[[173604,180944],[-11,-32],[-19,11],[19,36],[11,-15]],[[173555,180967],[-20,-39],[-12,19],[7,22],[25,-2]],[[173323,181025],[-27,-30],[-10,14],[11,18],[-2,32],[15,2],[13,-36]],[[173434,180935],[81,-146],[43,-2],[-11,38],[24,44],[45,-28],[8,-5],[5,-50],[-12,-65],[-10,-3],[-31,-8],[10,-56],[-4,-87],[-33,-49],[36,-104],[11,-32],[-10,-77],[-10,-5],[-61,-35],[-30,47],[-12,-70],[-48,-3],[10,71],[34,55],[1,25],[-5,37],[-10,7],[-3,-43],[-23,-36],[-51,24],[-12,18],[-10,79],[-26,39],[-2,64],[22,30],[42,-25],[36,28],[-41,105],[-30,-30],[-47,50],[15,45],[52,-17],[-5,110],[-27,31],[20,38],[4,52],[-36,85],[21,80],[26,-21],[2,-96],[39,-23],[15,-35],[-2,-51]],[[173821,181240],[-22,-5],[-3,28],[10,15],[16,-17],[-1,-21]],[[173419,181327],[126,-109],[44,-2],[52,-36],[89,-65],[32,-204],[-110,-44],[-26,62],[22,34],[-2,23],[-19,9],[-82,19],[1,43],[-29,23],[27,66],[-76,52],[-62,125],[13,4]],[[173400,181400],[-12,-46],[-10,7],[-4,31],[26,8]],[[173260,181410],[64,-215],[-31,-15],[-6,-23],[-66,146],[-19,36],[-33,2],[9,46],[82,23]],[[173436,181385],[0,-17],[-29,6],[-2,20],[8,7],[23,-16]],[[173658,181409],[124,-145],[2,-62],[-21,-26],[-119,52],[-118,54],[-30,58],[-33,-6],[-6,61],[-47,78],[114,2],[134,-66]],[[173365,181638],[31,-30],[3,17],[53,-63],[3,-22],[-39,8],[-6,12],[-21,4],[-13,39],[-29,15],[-3,14],[21,6]],[[173248,181443],[-14,-16],[-49,7],[-22,15],[-12,9],[11,12],[13,-1],[1,22],[-12,18],[19,30],[-7,32],[-2,62],[17,37],[10,-7],[27,-46],[34,-109],[-17,-18],[3,-47]],[[173115,181650],[-16,-10],[-12,17],[10,22],[18,-10],[0,-19]],[[173134,181709],[-27,-7],[-2,19],[24,20],[5,-32]],[[174008,181661],[-9,-23],[-22,34],[12,14],[19,-25]],[[173132,181771],[-5,-20],[-25,23],[0,20],[4,12],[26,-35]],[[173299,181823],[-27,-23],[-3,31],[13,14],[17,-22]],[[173864,181914],[-14,-34],[-15,34],[5,15],[24,-15]],[[173814,181955],[-15,-15],[-12,9],[2,23],[16,7],[9,-24]],[[173273,182005],[-9,-41],[-14,8],[-4,43],[6,10],[21,-20]],[[173138,181923],[-46,-18],[-25,95],[-8,18],[27,19],[0,-38],[44,-23],[8,-53]],[[173224,182028],[-15,-26],[-18,6],[14,35],[19,-15]],[[173702,182054],[-8,-32],[-18,16],[7,31],[19,-15]],[[173215,182084],[-24,-16],[-11,24],[22,13],[13,-21]],[[173255,182081],[-19,-28],[-9,27],[13,24],[15,-23]],[[173341,182080],[-8,-21],[-13,8],[-11,31],[16,18],[18,-6],[-2,-30]],[[173388,182098],[-6,-29],[-15,3],[-1,33],[9,7],[13,-14]],[[173302,182183],[-22,-10],[-10,32],[18,5],[14,-27]],[[173253,182214],[-5,-17],[-22,3],[-11,17],[15,16],[23,-19]],[[173321,182215],[-13,-11],[-18,20],[1,14],[20,0],[10,-23]],[[173191,182239],[-12,-13],[-10,45],[24,-2],[-2,-30]],[[173149,182260],[-13,-20],[-5,21],[-13,1],[14,32],[17,-34]],[[173443,182241],[-22,1],[-2,55],[-25,48],[3,44],[29,-2],[31,-48],[1,-83],[-15,-15]],[[173311,182417],[33,-91],[24,3],[17,-21],[22,-65],[3,-69],[-53,12],[-13,31],[4,31],[-50,37],[-11,57],[-29,-9],[-6,8],[-19,44],[31,15],[47,17]],[[173292,182439],[-12,-7],[-23,15],[7,22],[21,-5],[7,-25]],[[173372,182387],[-2,-28],[-19,14],[-17,69],[25,23],[-4,-38],[17,-40]],[[173418,182473],[-7,-53],[-18,12],[1,29],[9,12],[-9,14],[3,21],[21,-3],[0,-32]],[[173346,182547],[5,-18],[-17,-21],[-27,-15],[-24,30],[5,18],[11,-5],[14,24],[33,-13]],[[173556,182580],[1,-49],[11,-5],[11,-30],[-4,-12],[-39,8],[-53,-6],[-10,14],[-10,-25],[33,-17],[2,-22],[14,-9],[-4,-30],[16,4],[27,-87],[4,-173],[-52,-5],[-32,44],[7,59],[-7,150],[17,3],[-3,49],[-41,-13],[4,25],[-9,9],[12,23],[-10,18],[-5,42],[14,46],[36,7],[22,-20],[7,15],[22,2],[19,-15]],[[173027,182625],[-6,-22],[-25,8],[15,32],[16,-18]],[[172901,182700],[-25,-16],[-2,25],[12,22],[15,-31]],[[172927,182726],[-15,-3],[-10,24],[8,14],[19,-10],[-2,-25]],[[173268,182856],[20,-30],[14,12],[7,-69],[-16,-43],[-25,25],[-14,-71],[-15,-30],[-8,11],[-4,21],[-28,48],[1,79],[68,47]],[[173193,182625],[-19,-44],[-32,-25],[-3,57],[-30,-30],[-38,71],[0,40],[-1,21],[3,40],[35,31],[41,93],[7,-15],[-20,-37],[21,-17],[5,-101],[16,-23],[12,-17],[3,-44]],[[173201,182901],[2,-35],[-17,-3],[-3,24],[-22,0],[27,60],[21,-33],[-8,-13]],[[173702,182898],[-17,-28],[-36,3],[-38,22],[1,51],[-5,22],[7,22],[-6,22],[4,19],[46,-30],[4,-28],[26,-37],[14,-38]],[[173180,183069],[-17,-20],[-12,20],[19,29],[10,-29]],[[173667,183062],[0,-37],[-40,17],[-17,45],[4,23],[37,-4],[26,-21],[-10,-23]],[[173330,183110],[-12,-26],[-15,34],[6,17],[12,-12],[9,-13]],[[173484,183128],[12,-106],[7,0],[9,40],[25,12],[0,36],[37,-16],[19,-111],[0,-102],[-23,-49],[-70,-43],[-39,-52],[-18,86],[-22,18],[-24,-43],[29,-83],[-31,-31],[-19,15],[-4,53],[-26,-35],[-23,20],[6,164],[-12,-4],[-38,9],[-11,39],[9,19],[18,-13],[15,28],[66,41],[28,53],[29,-108],[7,6],[-9,155],[25,29],[28,-27]],[[173334,183141],[-13,-4],[-9,31],[7,17],[13,-12],[2,-32]],[[173416,183133],[-4,-17],[-24,35],[7,31],[14,-21],[7,-28]],[[173377,183145],[-12,-21],[-17,23],[-3,30],[16,14],[15,-13],[1,-33]],[[173286,183151],[-3,-32],[-20,20],[-15,-13],[-18,29],[5,25],[-17,10],[8,16],[27,-13],[33,-42]],[[173574,183185],[-32,-7],[12,36],[14,-4],[6,-25]],[[173445,183358],[-11,-33],[-14,7],[0,34],[25,-8]],[[173129,183397],[-5,-20],[-17,22],[-17,-16],[-6,17],[24,22],[21,-25]],[[173177,183401],[-16,-17],[-13,37],[7,17],[18,-4],[4,-33]],[[173493,183395],[-25,-3],[4,25],[8,9],[19,-13],[-6,-18]],[[173303,183384],[-1,-10],[-35,-4],[-4,12],[-66,2],[-3,8],[-1,38],[37,38],[73,-84]],[[173307,183451],[-23,-1],[-11,24],[0,20],[21,14],[26,-22],[9,-19],[-22,-16]],[[173415,183516],[-32,-11],[-6,24],[5,23],[41,16],[8,-19],[-16,-33]],[[173523,183620],[59,-36],[42,27],[23,-42],[-1,-85],[-1,-20],[-24,-16],[-75,-14],[-25,50],[-25,11],[-34,15],[-9,29],[5,12],[23,7],[17,21],[6,36],[19,5]],[[173607,183626],[-11,-21],[-23,29],[16,13],[18,-21]],[[173550,183935],[-20,-15],[-2,26],[9,20],[13,-6],[0,-25]],[[173791,183954],[12,-25],[40,-9],[-1,-15],[-21,0],[-27,-35],[-65,2],[-9,53],[20,19],[37,-13],[14,23]],[[173638,183978],[-43,-44],[-42,60],[-4,50],[8,15],[14,-17],[67,-64]],[[173357,184126],[-28,-14],[-27,8],[4,16],[12,8],[26,18],[7,-21],[6,-15]],[[173730,184124],[0,-23],[-30,12],[7,25],[23,-14]],[[173461,184140],[-62,-15],[-10,12],[5,8],[47,17],[22,-9],[-2,-13]],[[173890,184056],[-9,-10],[-28,6],[-110,61],[25,28],[70,19],[15,-12],[-18,-26],[21,-23],[34,-43]],[[173596,184178],[-9,-25],[-19,7],[7,33],[21,-15]],[[173628,184177],[-2,-25],[-15,4],[-6,23],[9,18],[14,-20]],[[173504,184208],[-87,-1],[-3,7],[3,8],[56,46],[36,-4],[14,-33],[-19,-23]],[[173770,184248],[74,-10],[9,2],[0,-30],[-44,-3],[-26,-9],[-53,-7],[-14,-16],[-33,-12],[-20,20],[-1,15],[8,20],[91,12],[9,18]],[[173436,184306],[-5,-16],[-17,6],[-13,-34],[-14,14],[29,46],[20,-16]],[[173637,184291],[-16,-8],[-14,16],[20,34],[19,0],[-9,-42]],[[173482,184319],[-14,-29],[-13,17],[9,13],[-9,15],[23,15],[4,-31]],[[173422,184340],[-23,0],[-23,26],[32,35],[13,-13],[5,-37],[-4,-11]],[[173527,184521],[10,-58],[9,-10],[4,-40],[-8,-11],[-22,12],[-26,-14],[-32,58],[1,35],[20,23],[24,-8],[0,31],[17,16],[14,-18],[-11,-16]],[[173584,184751],[-73,-91],[-23,66],[-38,32],[-6,5],[-1,7],[2,5],[7,5],[56,36],[76,-65]],[[173890,185042],[31,-69],[12,3],[-7,25],[9,15],[15,-16],[1,-34],[82,-24],[25,-15],[6,-16],[-13,-61],[-140,-10],[1,18],[19,26],[-7,24],[-10,-25],[-65,-67],[-122,-74],[-63,-22],[-23,27],[-22,-41],[-22,115],[57,0],[23,54],[-78,13],[-99,57],[40,44],[78,23],[2,39],[33,25],[184,-88],[42,15],[-8,24],[-95,31],[-17,29],[13,25],[118,-70]],[[174105,185251],[-9,1],[-10,4],[-3,33],[23,1],[-1,-39]],[[174024,185338],[-20,-5],[-10,14],[8,15],[19,2],[3,-26]],[[174152,185298],[-42,-2],[-16,41],[19,40],[52,-15],[7,-24],[-20,-40]],[[173805,185392],[55,-54],[63,57],[24,-76],[-2,-23],[-11,-33],[-4,-63],[-45,-76],[-28,-12],[-93,55],[14,47],[15,7],[17,-28],[21,44],[-16,34],[-68,43],[-8,52],[11,48],[55,-22]],[[174191,185443],[-7,-28],[-29,15],[-7,17],[31,7],[12,-11]],[[174346,185837],[-19,-7],[-72,57],[-2,8],[9,13],[51,2],[25,-20],[10,-18],[-2,-35]],[[174423,185904],[2,-30],[-28,3],[-2,21],[28,6]],[[174285,185943],[-7,-10],[-20,11],[-2,9],[3,11],[21,2],[5,-23]],[[174374,186034],[37,-10],[21,3],[11,-10],[2,-28],[-7,-10],[9,-29],[-16,-8],[-12,15],[-16,-10],[-30,16],[-34,8],[5,15],[-11,24],[21,23],[20,1]],[[174730,186137],[-8,-34],[20,-16],[13,3],[2,24],[18,0],[14,13],[10,-24],[-23,-44],[1,-10],[35,8],[10,-11],[31,18],[12,-19],[33,11],[5,-23],[-13,-6],[1,-21],[-32,-19],[-18,-29],[-1,-24],[28,-8],[2,-29],[-31,-41],[-41,-26],[-53,-2],[-60,-14],[-78,-11],[-15,-6],[-33,21],[-10,29],[-26,38],[-22,21],[17,21],[48,-26],[25,6],[17,-6],[-1,17],[-49,14],[-51,35],[-3,13],[4,17],[23,2],[28,-14],[5,15],[-33,34],[3,35],[32,27],[52,1],[25,-6],[24,16],[41,-13],[3,22],[-15,0],[14,32],[20,-11]],[[174494,186189],[-34,-19],[-10,16],[2,25],[25,18],[19,-25],[-2,-15]],[[174866,186229],[-10,-27],[-13,3],[-3,16],[16,24],[10,-16]],[[174763,186291],[14,-26],[22,9],[6,-25],[-30,-87],[-88,19],[-27,-22],[-39,29],[-2,7],[20,26],[54,8],[27,-36],[3,34],[-12,33],[52,31]],[[174608,186220],[-80,-21],[-15,16],[-11,18],[3,57],[15,16],[33,9],[15,-39],[38,-15],[10,-22],[-8,-19]],[[174657,186323],[12,-22],[44,7],[1,-24],[-34,-11],[-39,10],[-6,18],[22,22]],[[174868,186317],[-11,-47],[-13,23],[12,30],[12,-6]],[[174656,186397],[25,-8],[19,9],[2,-21],[-24,-26],[-39,-4],[-1,16],[-32,45],[-2,17],[37,-9],[15,-19]],[[175250,186193],[-166,-136],[-113,-166],[-19,16],[8,39],[-52,11],[0,15],[35,33],[7,25],[-24,35],[-4,37],[-65,-9],[-4,48],[12,23],[61,1],[13,7],[-31,71],[-3,54],[53,86],[98,41],[91,-12],[39,-131],[65,-74],[-1,-14]],[[175334,186502],[-43,-5],[-21,11],[17,37],[20,-1],[2,-13],[26,-14],[-1,-15]],[[175133,186593],[41,-10],[44,-2],[-3,-27],[-16,-22],[-10,10],[-29,0],[-44,-13],[-35,7],[-10,9],[15,26],[28,22],[7,18],[12,-18]],[[175447,186609],[-34,-18],[-19,17],[5,10],[48,7],[0,-16]],[[175244,186667],[4,-35],[-26,-13],[-21,11],[6,29],[19,-4],[18,12]],[[175542,186655],[62,-28],[108,6],[1,-15],[-58,-27],[-130,-6],[-62,21],[-2,16],[18,27],[30,-4],[33,10]],[[175446,186697],[-14,-21],[-11,26],[11,26],[14,-31]],[[175519,186773],[-15,-28],[-16,9],[21,38],[10,-19]],[[175499,186813],[-19,-62],[-15,8],[19,55],[15,-1]],[[175332,186828],[14,-37],[-13,-31],[8,-32],[-10,-27],[18,-17],[-11,-32],[4,-29],[-23,-12],[-23,12],[-8,15],[2,26],[11,35],[22,20],[-29,52],[-37,-9],[-7,-21],[-29,-5],[-24,37],[25,30],[39,20],[42,-2],[-5,19],[-15,12],[2,16],[42,4],[14,-13],[-9,-31]],[[175967,186899],[-15,-13],[-10,14],[24,62],[9,-13],[-8,-50]],[[175461,186901],[-14,-6],[-21,12],[-49,35],[-13,36],[67,12],[27,-31],[8,-35],[-5,-23]],[[175876,186987],[-9,-4],[-4,9],[14,17],[6,8],[18,6],[7,-21],[-32,-15]],[[177054,187016],[-19,-14],[-11,9],[12,22],[17,7],[1,-24]],[[176913,186963],[-58,0],[-54,11],[-19,35],[16,27],[42,17],[36,-10],[27,-23],[65,-10],[12,-11],[-6,-19],[-61,-17]],[[176382,187048],[-20,-3],[-3,19],[26,21],[-3,-37]],[[175636,187060],[-19,-25],[-26,3],[-93,98],[8,12],[47,-14],[68,-36],[15,-38]],[[175539,186989],[-22,-13],[-83,73],[-30,36],[12,36],[19,19],[5,5],[22,6],[-2,-13],[-2,-33],[46,-45],[35,-71]],[[175983,187022],[-46,2],[48,88],[37,29],[3,-31],[20,-72],[-62,-16]],[[175748,187180],[8,-24],[-8,-22],[-24,-9],[-4,0],[-28,8],[-39,26],[-29,13],[8,12],[21,-4],[74,13],[21,-13]],[[176055,187172],[-19,-5],[-8,21],[8,13],[18,-7],[1,-22]],[[176809,187168],[-19,-10],[-8,20],[21,23],[6,-33]],[[176928,187184],[-23,-7],[-32,2],[-19,-22],[-9,31],[3,8],[36,13],[41,-6],[3,-19]],[[176412,187220],[-9,-74],[-116,-48],[-13,-5],[-59,-5],[-134,-49],[-29,64],[6,5],[37,32],[-10,44],[35,61],[29,-11],[0,-47],[49,38],[188,34],[26,-39]],[[176413,187306],[-19,-33],[-8,15],[13,37],[14,-19]],[[176055,187357],[-26,-1],[-5,18],[5,10],[25,-8],[1,-19]],[[175806,187234],[-18,-9],[-32,29],[8,39],[19,6],[2,16],[-38,24],[5,12],[34,18],[6,22],[30,5],[3,-20],[-9,-17],[6,-35],[15,-26],[-31,-64]],[[175875,187439],[-3,-28],[-24,10],[2,22],[25,-4]],[[175990,187473],[-5,-17],[-23,23],[-1,14],[11,7],[18,-27]],[[176458,187537],[-9,-72],[-62,-33],[-3,-31],[20,-24],[-7,-18],[-3,-25],[-36,9],[-32,17],[3,15],[-14,6],[-92,51],[4,25],[41,18],[-29,58],[37,17],[65,-42],[73,50],[44,-21]],[[175940,187595],[-6,-27],[-21,24],[17,24],[10,-21]],[[176447,187626],[-12,-6],[-3,14],[8,7],[7,-15]],[[176461,187631],[-9,-13],[-5,10],[7,15],[7,-12]],[[178336,187637],[-8,-19],[-27,42],[8,13],[27,-36]],[[177602,187836],[-33,-15],[-26,27],[7,27],[12,12],[55,26],[10,-7],[3,-34],[20,-11],[-6,-19],[-42,-6]],[[177796,188167],[-26,-13],[-5,11],[26,31],[5,-29]],[[177389,188226],[12,-208],[49,-71],[-2,-32],[-233,-148],[-49,-14],[-31,64],[-126,49],[-17,25],[88,94],[2,49],[-24,7],[1,25],[120,54],[16,30],[9,-20],[-16,-31],[12,-38],[46,-20],[4,29],[11,5],[-2,-60],[21,-32],[2,90],[-20,42],[6,37],[21,7],[23,-56],[20,-2],[7,13],[-12,28],[9,40],[-22,25],[1,14],[36,18],[38,-13]],[[177620,188297],[35,-28],[9,-32],[-22,-20],[6,-16],[15,5],[32,-19],[-1,-26],[-17,-32],[9,-14],[-20,-49],[-19,-21],[-54,-37],[-17,-27],[-31,7],[-3,-14],[-33,-5],[-13,6],[-23,33],[-38,8],[6,23],[-6,48],[18,-2],[8,-32],[8,24],[-21,41],[4,23],[13,14],[27,13],[61,-14],[1,20],[19,20],[-2,14],[-23,-2],[-14,8],[-31,1],[-18,-16],[-25,2],[4,15],[-27,28],[3,28],[12,11],[29,-7],[15,12],[30,-47],[29,27],[32,20],[24,-8],[9,17]],[[177659,188385],[-8,-17],[-11,10],[-2,17],[5,15],[15,-4],[1,-21]],[[177862,188314],[-80,-4],[-79,58],[103,109],[61,8],[103,65],[31,-1],[48,-114],[5,-91],[-90,-21],[-102,-9]],[[178177,188351],[-71,-15],[-27,16],[-16,116],[-20,24],[25,33],[-27,40],[13,37],[20,2],[106,-155],[12,-2],[46,-61],[1,-33],[-62,-2]],[[177810,188668],[-16,-20],[-9,25],[9,27],[16,-32]],[[178293,188652],[-17,0],[-2,14],[23,22],[7,-18],[-11,-18]],[[177681,188719],[-2,-47],[-18,17],[2,23],[18,7]],[[177856,188709],[-10,-11],[-23,17],[6,18],[12,-2],[15,-22]],[[177943,188710],[-55,-16],[-15,-9],[-4,-3],[-1,33],[7,7],[7,8],[5,-18],[8,29],[62,4],[2,-14],[-16,-21]],[[178480,188738],[-14,-6],[-7,28],[10,18],[9,-10],[2,-30]],[[178039,188776],[-7,-3],[-3,2],[-1,8],[2,7],[5,5],[4,-19]],[[178016,188701],[-15,-16],[-9,9],[51,58],[32,1],[2,20],[30,28],[14,-7],[7,-22],[-9,-14],[-54,-35],[-49,-22]],[[178057,188779],[-17,-6],[-3,15],[21,18],[-1,-27]],[[177562,188897],[-23,-10],[-4,29],[16,11],[11,-30]],[[179015,189112],[15,-21],[-4,-14],[-36,25],[-12,-3],[-6,25],[20,9],[22,-4],[1,-17]],[[179316,189120],[-19,-13],[-6,13],[6,21],[16,6],[3,-27]],[[178009,189209],[2,-32],[44,-90],[13,-66],[33,-41],[1,-53],[-75,-101],[-49,-10],[-50,-1],[-36,-50],[-16,1],[-31,2],[-9,37],[-85,67],[-144,-54],[5,41],[34,7],[8,35],[-51,7],[-25,26],[25,118],[22,29],[37,30],[64,0],[27,37],[25,-21],[48,82],[63,-18],[19,-6],[101,24]],[[179305,189173],[-16,-19],[-9,33],[24,8],[1,-22]],[[178227,189200],[-9,-25],[-18,18],[21,29],[6,-22]],[[177858,189236],[-14,-7],[-8,32],[20,11],[2,-36]],[[177835,189260],[-18,-11],[-4,14],[3,26],[10,7],[9,-36]],[[179301,189222],[-27,-11],[-19,3],[-5,20],[13,28],[44,5],[2,-14],[-14,-19],[6,-12]],[[179390,189390],[-9,-15],[-15,19],[6,20],[14,2],[4,-26]],[[179422,189411],[-17,-15],[-8,40],[23,-4],[2,-21]],[[178341,189475],[-1,-26],[-28,24],[9,18],[20,-16]],[[179712,189460],[-8,-23],[-12,20],[3,22],[15,5],[2,-24]],[[181173,189481],[-5,-27],[-28,16],[8,16],[25,-5]],[[178472,189519],[1,-33],[-21,7],[-9,16],[-2,-32],[-13,16],[2,33],[42,-7]],[[179531,189451],[-19,-8],[-19,7],[4,27],[30,18],[57,14],[1,-15],[-44,-24],[-10,-19]],[[178397,189525],[18,-31],[0,-14],[-20,-17],[-24,11],[-12,-8],[-14,33],[-13,14],[14,15],[22,-5],[11,14],[18,-12]],[[179635,189520],[-8,-22],[-26,2],[4,15],[22,17],[8,-12]],[[178455,189608],[0,-23],[-25,0],[-4,12],[3,12],[26,-1]],[[178620,189611],[-9,-22],[-17,34],[17,13],[9,-25]],[[178707,189631],[-44,-17],[-7,9],[3,8],[49,17],[-1,-17]],[[179793,189662],[1,-20],[-37,10],[3,16],[33,-6]],[[179557,189650],[-11,-14],[-20,24],[16,26],[16,-16],[-1,-20]],[[178943,189718],[23,-59],[155,30],[-20,-72],[5,-111],[67,39],[18,-1],[48,0],[60,-46],[11,-58],[32,21],[4,47],[32,-53],[-94,-127],[-61,-39],[-36,-2],[-66,-3],[-115,-46],[-71,-29],[-98,7],[-19,2],[-183,-55],[-107,-81],[-175,3],[-7,7],[-47,47],[-40,-62],[-23,62],[23,45],[-9,69],[13,42],[-14,25],[-47,-44],[-8,-5],[-7,10],[16,21],[45,44],[35,6],[17,-27],[34,63],[20,6],[138,48],[29,57],[91,82],[111,36],[8,51],[115,38],[37,12],[60,0]],[[179340,189723],[0,-19],[-13,3],[-19,27],[15,16],[17,-27]],[[179282,189688],[14,-14],[2,14],[28,0],[19,-30],[-106,-76],[-86,15],[37,90],[9,41],[-17,9],[0,15],[39,26],[50,-26],[11,-64]],[[179675,189750],[2,-55],[22,-11],[4,-21],[-18,-15],[-27,18],[-5,34],[-16,12],[-10,-36],[-18,5],[-7,40],[49,62],[24,-33]],[[181808,189912],[-23,-8],[-1,12],[4,14],[23,11],[-3,-29]],[[179017,189898],[-23,-23],[-19,13],[6,36],[24,18],[19,-1],[5,-13],[-12,-30]],[[178632,189987],[-8,-27],[-8,9],[-14,-18],[-7,26],[14,22],[23,-12]],[[178675,189981],[-19,-21],[-7,24],[17,24],[9,-27]],[[178706,190011],[-11,0],[-10,17],[6,13],[21,2],[-6,-32]],[[178590,190070],[0,-41],[-16,5],[-5,25],[21,11]],[[178661,190065],[-13,-18],[-10,21],[5,22],[11,1],[7,-26]],[[178997,190023],[-24,-28],[-28,27],[2,7],[44,33],[14,33],[11,-4],[-2,-24],[-12,-5],[-5,-39]],[[179606,190060],[-12,-33],[-16,33],[26,36],[2,-36]],[[181685,189946],[-34,-3],[-12,13],[10,26],[30,44],[3,34],[27,38],[103,11],[3,-13],[-16,-34],[-18,-11],[-40,-50],[-35,-11],[-4,-21],[-17,-23]],[[178578,190106],[-23,-3],[-1,19],[15,13],[12,-11],[-3,-18]],[[178755,190140],[19,-56],[44,28],[21,-22],[48,46],[22,-120],[18,18],[11,-20],[-13,-29],[-10,1],[15,-83],[-20,-75],[-62,-33],[-318,-58],[-100,29],[-139,-29],[-26,33],[3,7],[98,48],[235,59],[10,19],[63,29],[22,56],[27,-10],[33,20],[0,15],[-22,1],[-17,41],[-37,15],[5,21],[57,16],[13,33]],[[181904,190098],[-19,-12],[-21,11],[-25,0],[-11,16],[3,6],[47,31],[36,4],[9,-33],[-19,-23]],[[179681,190096],[-10,-27],[-9,14],[-12,-15],[-31,-8],[-3,23],[13,35],[-3,20],[31,15],[10,21],[11,-21],[14,-5],[18,-23],[-1,-25],[-28,-4]],[[178784,190168],[-9,-32],[-15,28],[14,24],[10,-20]],[[179760,190139],[-27,-6],[-17,22],[25,37],[33,-30],[-14,-23]],[[178474,190231],[-16,-18],[-12,19],[1,10],[30,11],[-3,-22]],[[178569,190266],[-24,-8],[9,38],[19,-11],[-4,-19]],[[178627,190302],[-8,-46],[-18,18],[11,22],[15,6]],[[178705,190237],[-31,-13],[-9,6],[8,20],[20,15],[10,34],[23,2],[-8,-30],[-9,-3],[-4,-31]],[[178659,190255],[-6,-23],[-13,16],[-7,47],[9,28],[16,-33],[-6,-9],[7,-26]],[[178698,190319],[-13,-33],[-15,28],[10,16],[18,-11]],[[178593,190291],[-18,-8],[-2,28],[14,23],[6,-43]],[[180162,190299],[-22,-14],[-14,49],[30,28],[-2,-38],[8,-25]],[[180305,190424],[-24,-2],[-2,24],[11,1],[4,21],[26,-3],[2,-14],[-17,-27]],[[179024,190455],[-20,-18],[-3,19],[6,18],[17,6],[0,-25]],[[180098,190429],[-18,-7],[-4,25],[10,29],[12,-47]],[[179284,190572],[-5,-11],[-8,11],[-1,16],[13,21],[11,-10],[-10,-27]],[[179231,190572],[-10,-11],[-4,12],[-9,22],[9,12],[28,11],[8,-19],[-22,-27]],[[179326,190620],[-7,-15],[-20,16],[14,30],[13,-31]],[[179363,190636],[-17,-3],[-13,20],[20,26],[19,-23],[-9,-20]],[[179387,190735],[-20,-12],[-7,25],[11,20],[16,-33]],[[179356,190760],[-16,-27],[-14,14],[21,29],[9,-16]],[[180275,190749],[25,-14],[-6,-13],[20,-6],[17,-32],[-9,-19],[-21,-7],[-33,-24],[-20,4],[-5,12],[-35,14],[1,15],[25,-5],[18,23],[-15,17],[-40,-8],[-4,19],[0,17],[22,13],[22,-13],[13,13],[-8,22],[7,11],[23,-8],[3,-31]],[[180440,190785],[-75,-34],[-37,22],[-19,51],[18,32],[9,2],[35,11],[11,-11],[59,-59],[-1,-14]],[[180361,190967],[-10,-23],[-18,18],[21,26],[7,-21]],[[180444,191159],[-29,-29],[-15,2],[8,44],[26,1],[10,-18]],[[180512,191190],[-23,-13],[-10,13],[0,24],[34,-6],[-1,-18]],[[180730,191253],[2,-1],[0,0],[0,0],[1,-1],[0,0],[0,0],[1,-2],[1,-2],[1,-3],[0,-3],[-1,-3],[0,-2],[-1,-2],[-1,-2],[-2,0],[0,0],[0,0],[-2,0],[-1,3],[0,0],[0,0],[-1,2],[-1,3],[0,3],[0,3],[1,3],[1,2],[1,1],[1,1]],[[180722,191260],[5,-23],[-24,7],[2,17],[17,-1]],[[180714,191329],[-23,-16],[-6,49],[21,7],[8,-40]],[[180761,191447],[-30,-21],[0,21],[-7,24],[20,15],[21,-18],[-4,-21]],[[180860,191536],[-17,-7],[-22,26],[11,22],[25,-24],[3,-17]],[[180921,191554],[-19,0],[-28,16],[-1,24],[39,24],[9,-64]],[[180911,191654],[-28,-4],[-4,7],[10,18],[23,-4],[-1,-17]],[[180949,191669],[-29,-1],[-4,8],[9,18],[21,-8],[3,-17]],[[181478,192075],[-25,-8],[-18,21],[4,23],[34,-4],[5,-32]],[[181408,192079],[-22,-4],[-37,12],[-2,19],[-13,18],[22,31],[31,-42],[24,-23],[-3,-11]],[[181282,192047],[-6,-4],[-20,36],[-35,26],[-17,60],[39,7],[0,-23],[-16,-15],[5,-16],[23,-5],[21,-12],[24,-17],[-18,-37]],[[181515,192178],[-1,-17],[-29,10],[-3,-14],[-16,13],[2,33],[21,6],[5,-19],[21,-12]],[[181329,192198],[-13,-6],[-7,19],[10,26],[10,-8],[0,-31]],[[181444,192201],[-20,-4],[-4,18],[12,4],[15,38],[7,-9],[-10,-47]],[[181405,192270],[17,-32],[-11,-20],[-36,-8],[-21,17],[10,21],[16,-1],[25,23]],[[181357,192256],[-16,-2],[-3,14],[30,18],[6,-11],[-17,-19]],[[181411,192309],[-4,-19],[-14,9],[-13,26],[17,11],[1,-24],[13,-3]],[[181519,192351],[6,-39],[-17,6],[-9,29],[20,4]],[[181468,192351],[12,-17],[0,-18],[-28,-12],[-14,8],[-6,27],[14,-2],[22,14]],[[182017,192377],[-31,-55],[-48,45],[-28,54],[-86,7],[-10,62],[47,64],[73,6],[47,17],[7,-16],[39,-22],[7,-35],[-17,-127]],[[181824,192679],[-13,-13],[-23,4],[-9,18],[31,25],[13,-11],[1,-23]],[[181785,192721],[-41,-21],[-7,23],[13,12],[36,-1],[-1,-13]],[[181350,192726],[-9,-29],[-17,7],[13,36],[13,-14]],[[181121,192784],[-15,-38],[-13,22],[16,22],[12,-6]],[[181489,192811],[-9,-47],[-10,6],[-2,30],[21,11]],[[181929,192825],[-44,-32],[-12,10],[-4,27],[29,39],[30,6],[6,6],[34,-6],[-7,-24],[-15,-8],[-5,-16],[-12,-2]],[[181273,192925],[-5,-16],[-2,0],[-24,0],[-12,15],[10,10],[26,-7],[7,-2]],[[181574,192944],[0,-38],[-24,31],[6,16],[18,-9]],[[181199,192929],[-34,-30],[-10,18],[20,16],[14,25],[10,-29]],[[181639,192983],[-10,-40],[-17,0],[9,36],[18,4]],[[181500,192988],[-4,-38],[-15,9],[0,34],[19,-5]],[[181674,192982],[-16,-19],[-13,13],[10,23],[10,0],[9,-17]],[[181593,192960],[-7,-7],[-18,25],[20,21],[5,-39]],[[181101,192975],[-8,-7],[-14,25],[22,22],[0,-40]],[[181593,193055],[-21,-34],[-5,9],[13,46],[13,-21]],[[181648,193052],[-9,-6],[-4,6],[0,15],[-5,10],[1,9],[20,14],[11,0],[-14,-48]],[[181185,193065],[-17,-30],[-12,12],[16,20],[10,34],[8,-8],[-5,-28]],[[181223,193042],[-37,-4],[8,20],[35,33],[-4,19],[-18,1],[-3,15],[6,11],[54,-9],[6,-9],[2,-29],[-7,-11],[-42,-37]],[[181294,193261],[-22,-9],[-4,8],[23,35],[12,-15],[-9,-19]],[[182144,193312],[-3,-14],[-16,-20],[-30,-12],[-21,3],[-8,26],[8,14],[20,-10],[28,32],[12,-2],[10,-17]],[[182182,193395],[-10,-34],[-16,23],[10,20],[16,-9]],[[181332,193339],[-22,-5],[-4,10],[17,18],[-1,23],[12,12],[18,-1],[-1,-18],[-14,-7],[-5,-32]],[[181477,193396],[5,-20],[33,15],[5,-23],[14,-14],[-5,-14],[-24,-9],[-9,12],[-56,-26],[-27,4],[-18,-30],[-17,-16],[-10,12],[8,52],[-15,-4],[-4,14],[27,22],[4,20],[37,19],[35,1],[17,-15]],[[181405,193441],[-6,-21],[-25,15],[12,21],[19,-15]],[[181628,193434],[-16,-13],[-6,30],[11,21],[11,-38]],[[181759,193438],[-51,-13],[-15,17],[14,22],[-8,23],[7,11],[22,-5],[23,-20],[8,-35]],[[181666,193463],[-27,-8],[-4,30],[2,10],[23,7],[20,-10],[-14,-29]],[[182418,193656],[9,-47],[-32,-43],[-19,-1],[-12,51],[-64,-56],[-51,1],[-45,20],[15,39],[-4,36],[30,47],[35,37],[126,30],[22,30],[17,-49],[56,-1],[-9,-27],[-74,-67]],[[183201,193967],[-25,-21],[-2,18],[-18,13],[-1,24],[31,21],[19,-14],[-4,-41]],[[182048,193983],[-9,-13],[-14,2],[1,25],[20,7],[2,-21]],[[182728,194010],[-3,-27],[-23,31],[9,18],[17,-22]],[[181588,193995],[-11,-25],[-16,17],[13,26],[14,-18]],[[181550,193978],[-9,-1],[-7,33],[7,10],[15,-15],[-6,-27]],[[183160,194028],[-25,-10],[-1,34],[7,21],[13,-12],[6,-33]],[[182814,194043],[-2,-15],[-24,-11],[-6,16],[-15,-4],[-43,18],[5,36],[21,27],[31,8],[18,-33],[15,-42]],[[183113,194139],[-18,-43],[-30,2],[1,22],[38,41],[24,19],[3,-14],[-18,-27]],[[182754,194167],[-21,-16],[-3,16],[7,20],[14,6],[3,-26]],[[182803,194199],[-12,-12],[-22,3],[2,18],[20,10],[12,-19]],[[182331,194331],[-1,-34],[-18,20],[10,38],[9,-24]],[[182758,194409],[-15,-26],[-11,16],[21,34],[5,-24]],[[182920,194484],[-14,-19],[-8,10],[6,28],[15,5],[1,-24]],[[182805,194517],[-15,-20],[-7,9],[9,35],[13,-7],[0,-17]],[[182786,194556],[-19,-29],[-16,12],[4,27],[17,3],[-3,32],[8,14],[6,0],[9,-22],[-11,-22],[5,-15]],[[182912,194619],[-10,0],[-3,1],[12,26],[9,19],[6,-22],[-11,-24],[-3,0]],[[183013,194671],[-14,-21],[-10,19],[5,19],[15,0],[4,-17]],[[182804,194710],[-31,-12],[-8,27],[36,17],[8,-16],[-5,-16]],[[182886,194618],[-22,-72],[-19,1],[-5,42],[-23,13],[7,14],[52,64],[32,81],[23,18],[24,-12],[0,-15],[-45,-65],[-5,-9],[-19,-60]],[[182887,194846],[10,-13],[8,1],[18,4],[7,-24],[-23,-29],[-40,-50],[-30,-3],[-3,25],[13,24],[-14,16],[-8,-14],[-6,14],[6,21],[15,15],[6,-18],[28,34],[21,47],[8,-13],[-16,-37]],[[182397,195023],[-15,-27],[-17,13],[2,23],[12,21],[18,-13],[0,-17]],[[182298,195137],[-21,-13],[-1,27],[15,17],[7,-31]],[[182895,195118],[-8,-4],[-4,25],[10,54],[31,50],[14,-21],[-6,-29],[-8,-36],[-29,-39]],[[181929,195231],[-21,-6],[-4,7],[2,9],[24,24],[-1,-34]],[[182437,195286],[-29,-14],[-26,22],[19,29],[32,-15],[4,-22]],[[182609,195418],[40,-4],[15,35],[7,-38],[89,2],[-10,-39],[16,-20],[30,18],[9,-29],[41,33],[29,-21],[-13,-32],[-54,-23],[-6,-41],[-23,45],[-19,0],[-54,-118],[-86,-98],[-12,24],[-24,-7],[-59,35],[-81,0],[7,39],[45,131],[-9,51],[86,43],[16,50],[20,-36]],[[183158,195306],[-18,-28],[-52,2],[-5,8],[72,93],[67,81],[23,18],[2,-17],[-89,-157]],[[182369,195511],[-19,-6],[-8,18],[19,20],[8,-32]],[[183257,195587],[-84,-49],[-4,8],[30,84],[55,41],[22,24],[10,-36],[-29,-72]],[[182711,195681],[-13,-27],[-14,23],[12,21],[15,-17]],[[182977,195651],[-6,-6],[-9,19],[4,30],[7,21],[4,-17],[0,-47]],[[182768,195719],[-17,-26],[-11,22],[20,22],[8,-18]],[[182945,195731],[-5,-17],[-15,2],[3,30],[9,12],[8,-27]],[[183387,195722],[-10,-36],[-11,-13],[-8,15],[-17,-39],[-10,-10],[-11,14],[10,54],[-5,20],[19,40],[16,9],[9,19],[12,2],[6,-75]],[[183018,195763],[-11,-29],[-8,3],[7,51],[16,5],[-4,-30]],[[182980,195755],[-11,-12],[-9,35],[16,15],[4,-38]],[[182862,195771],[-5,-20],[-17,2],[5,30],[9,8],[8,-20]],[[183068,195798],[-12,-82],[-12,14],[8,23],[4,46],[12,-1]],[[183113,195768],[-17,-54],[-14,3],[2,36],[14,29],[5,54],[10,22],[12,0],[-11,-36],[-1,-54]],[[183096,195826],[-11,-13],[-14,14],[14,34],[11,-35]],[[182916,195833],[-13,-15],[-7,13],[15,44],[5,-42]],[[183429,195903],[2,-41],[-16,-9],[-5,13],[-9,-19],[-10,23],[19,26],[7,-17],[3,21],[9,3]],[[183290,195809],[-39,-54],[-70,-25],[-11,13],[-4,49],[9,44],[10,-18],[-5,-37],[22,0],[11,20],[-4,37],[12,38],[25,10],[56,41],[3,-13],[-27,-51],[18,-19],[-6,-35]],[[183036,195882],[-4,-23],[-11,10],[-13,-44],[-16,-15],[-4,34],[13,11],[8,41],[36,43],[7,-40],[-16,-17]],[[182737,195915],[-7,-15],[-13,23],[7,24],[9,-5],[4,-27]],[[182698,195910],[-11,-9],[-7,31],[20,16],[-2,-38]],[[182819,195995],[2,-34],[-11,-13],[-5,16],[-6,-21],[-15,25],[5,19],[30,8]],[[182909,195993],[-32,-50],[-10,6],[0,5],[25,53],[17,-14]],[[183044,196002],[-16,-30],[-10,4],[-4,19],[13,29],[16,5],[1,-27]],[[183116,196028],[-41,-61],[-14,45],[6,22],[46,9],[3,-15]],[[182949,196006],[-19,-11],[-5,21],[17,22],[7,-32]],[[182849,195982],[-14,-13],[-8,45],[8,27],[15,-15],[-1,-44]],[[183037,196073],[-14,-12],[-8,21],[17,28],[5,-37]],[[183114,196208],[-1,-34],[-21,9],[11,33],[11,-8]],[[183098,196241],[-27,-71],[-29,-13],[-16,35],[-2,-44],[-10,-46],[-62,-44],[-4,6],[2,18],[16,21],[-1,28],[47,110],[83,13],[3,-13]],[[182916,196226],[-16,-25],[-5,27],[11,26],[10,-28]],[[182974,196198],[-21,-9],[-20,-20],[-2,19],[-14,-2],[-4,21],[21,5],[2,-17],[9,12],[-10,32],[-12,1],[3,21],[27,4],[19,-20],[10,-30],[-8,-17]],[[183188,196254],[-33,-26],[-7,11],[33,40],[7,-25]],[[182888,196255],[-25,-16],[-6,7],[0,10],[20,21],[11,-22]],[[183250,196299],[-4,-30],[-20,20],[0,20],[24,-10]],[[183009,196267],[-8,-15],[-16,34],[4,16],[11,-9],[9,-26]],[[183283,196297],[-15,-12],[-8,20],[6,14],[16,2],[1,-24]],[[182973,196314],[-2,-34],[-22,22],[5,16],[19,-4]],[[183758,196275],[-62,-54],[-137,-54],[-56,-25],[-170,-178],[-90,-14],[-80,-34],[-14,33],[30,69],[51,21],[6,85],[76,102],[92,72],[46,1],[3,-12],[-16,-45],[6,-24],[70,53],[216,85],[34,-56],[-5,-25]],[[182460,196273],[-20,-3],[-4,23],[10,21],[14,-41]],[[183023,196279],[-13,-10],[3,30],[-8,20],[4,17],[23,7],[8,11],[5,-17],[-22,-58]],[[183315,196311],[-18,-3],[-12,51],[17,12],[20,2],[24,14],[12,-17],[-27,-33],[-8,-1],[-8,-25]],[[182730,196370],[-28,-24],[-5,7],[10,46],[22,16],[1,-45]],[[182756,196424],[-9,-14],[-11,17],[11,28],[11,-10],[-2,-21]],[[183010,196572],[-17,-20],[-7,19],[18,30],[6,-29]],[[183146,196636],[-60,-39],[-4,6],[7,40],[23,7],[17,16],[14,-1],[3,-29]],[[183036,196588],[-13,-7],[-7,15],[10,15],[-5,21],[29,62],[19,17],[16,-13],[-12,-39],[-9,-4],[-7,-35],[-21,-32]],[[183130,196695],[-28,-9],[-2,6],[3,17],[26,18],[1,-32]],[[183472,196763],[40,-8],[14,3],[3,-37],[29,3],[18,-25],[27,7],[5,-24],[-7,-20],[-34,-21],[-33,4],[-7,7],[-21,-11],[-26,7],[-1,19],[9,19],[-12,10],[-1,28],[-20,14],[1,16],[16,9]],[[183746,196738],[-79,-23],[19,85],[36,31],[19,6],[33,10],[4,-13],[10,-30],[-7,-26],[-9,-32],[-26,-8]],[[182941,196812],[-14,-25],[-13,4],[11,37],[16,-16]],[[183390,196787],[23,-188],[25,-53],[-16,-41],[-183,-153],[-119,-51],[-46,-20],[-25,8],[19,53],[49,52],[46,56],[-5,9],[-44,6],[-20,2],[5,21],[13,5],[128,59],[14,77],[48,57],[-26,36],[-66,-17],[-2,58],[92,41],[36,67],[31,-24],[23,-60]],[[183515,196896],[-5,-18],[-13,3],[-3,16],[5,16],[11,2],[5,-19]],[[183002,196920],[-27,-36],[-11,7],[-3,28],[0,10],[18,21],[23,-30]],[[183862,196931],[-87,-38],[-36,3],[-1,11],[61,102],[64,34],[58,20],[39,-10],[2,-14],[-100,-108]],[[183637,196872],[-62,-21],[-71,87],[-17,8],[17,44],[46,40],[45,39],[67,-3],[17,-30],[12,-21],[-2,-70],[-52,-73]],[[183595,197093],[-15,-3],[-8,34],[19,3],[4,-34]],[[183394,197091],[-17,-20],[-6,17],[23,34],[0,-31]],[[183508,197172],[-9,-3],[-2,28],[7,19],[13,-17],[-9,-27]],[[183313,197136],[-11,-24],[-8,24],[65,84],[14,4],[12,-25],[-72,-63]],[[183533,197263],[-19,-17],[-10,19],[12,14],[9,0],[8,-16]],[[183399,197230],[-11,-9],[-16,32],[9,29],[19,-13],[-1,-39]],[[183454,197252],[-17,-12],[-7,30],[9,16],[15,-34]],[[183074,197217],[-35,-12],[-21,18],[11,47],[14,6],[37,-24],[-6,-35]],[[183277,197315],[16,-7],[22,5],[0,-19],[11,-4],[-5,-19],[-4,-13],[9,-10],[5,17],[30,4],[-2,-25],[-21,-15],[-7,4],[-8,-28],[-24,-24],[-25,-1],[-8,10],[5,16],[38,12],[4,24],[-9,7],[0,21],[-1,21],[-27,-22],[-8,0],[-1,24],[10,22]],[[183139,197328],[-8,-36],[-19,11],[10,23],[17,2]],[[183579,197391],[-2,-37],[-17,7],[3,30],[16,0]],[[183541,197442],[-15,-8],[-9,27],[17,14],[7,-33]],[[183676,197385],[4,-35],[-13,-13],[2,-80],[-86,58],[12,58],[30,-16],[16,27],[-31,38],[-4,56],[70,42],[8,-34],[-8,-101]],[[183744,197388],[-18,-50],[-8,5],[-25,17],[-4,26],[0,64],[23,23],[17,18],[-14,30],[30,14],[12,6],[-8,-94],[-5,-59]],[[183449,197539],[-11,-14],[-9,16],[17,41],[3,-43]],[[183743,197599],[-19,-24],[-18,10],[5,30],[26,7],[6,-23]],[[183682,197591],[-20,-4],[-7,16],[17,21],[20,-11],[-10,-22]],[[182754,197580],[-15,-7],[-6,21],[14,33],[23,-14],[-16,-33]],[[182681,197609],[-8,-16],[-12,21],[4,23],[10,0],[6,-28]],[[182715,197605],[-20,-18],[-8,17],[11,39],[18,0],[8,-21],[-9,-17]],[[182840,197670],[-11,-23],[-13,19],[7,17],[-2,31],[6,14],[16,-2],[-11,-43],[8,-13]],[[183294,197774],[-8,-20],[-18,9],[5,29],[21,-18]],[[182928,197717],[-12,-8],[-12,16],[17,18],[6,44],[13,-9],[-12,-61]],[[183615,197699],[-37,-14],[-12,20],[-16,33],[2,16],[12,9],[56,53],[28,-75],[-33,-42]],[[183838,197870],[7,-45],[-50,-27],[-18,8],[0,50],[-19,-12],[-3,22],[14,18],[8,-13],[22,-3],[30,24],[9,-22]],[[182920,197846],[-23,-8],[-5,13],[4,17],[21,-7],[3,-15]],[[183694,197860],[-22,-10],[-12,12],[17,41],[15,-4],[13,-4],[-3,-31],[-8,-4]],[[183547,197886],[-19,-17],[-2,28],[2,14],[18,-10],[1,-15]],[[183405,197798],[-28,-32],[-25,2],[-15,13],[2,27],[11,20],[-23,33],[19,18],[5,24],[10,18],[20,7],[16,-13],[1,-29],[20,-2],[0,-49],[-13,-24],[0,-13]],[[183483,197931],[-16,-14],[-4,27],[5,13],[18,-10],[-3,-16]],[[183917,197904],[-15,-30],[-19,32],[3,19],[-12,40],[29,36],[15,-16],[-4,-20],[5,-26],[-2,-35]],[[183395,197957],[-15,-11],[-12,22],[11,20],[16,-31]],[[183816,197932],[-18,-31],[-32,46],[-2,24],[19,62],[25,9],[24,-1],[-16,-109]],[[183779,198057],[-40,-5],[-8,12],[12,13],[33,1],[3,-21]],[[183777,198141],[5,-32],[-26,6],[5,22],[16,4]],[[183741,198141],[-14,-8],[-11,13],[-8,10],[7,8],[18,20],[8,-43]],[[183876,198188],[-9,-20],[5,-15],[-4,-45],[-14,-23],[-32,-5],[2,20],[-21,24],[3,28],[22,35],[12,-17],[9,26],[25,8],[2,-16]],[[184316,198352],[0,-30],[-28,13],[4,14],[24,3]],[[184354,198334],[-23,-2],[-2,8],[0,12],[23,10],[2,1],[5,-29],[-5,0]],[[183940,198331],[-15,-9],[-13,11],[7,16],[20,1],[1,-19]],[[184250,198479],[-6,-40],[36,-3],[4,-23],[-8,-13],[-12,-8],[-135,-37],[-64,-1],[-10,13],[4,15],[85,71],[68,-13],[-5,34],[13,11],[30,-6]],[[183966,198516],[22,-5],[18,6],[5,-24],[-24,-20],[-31,20],[10,23]],[[183849,198471],[-12,-7],[-5,16],[2,30],[16,-17],[-1,-22]],[[184413,198596],[-5,-15],[-25,3],[-4,9],[6,13],[28,-10]],[[184270,198568],[-127,-42],[-19,15],[28,49],[114,37],[92,-15],[0,-3],[-6,-24],[-82,-17]],[[184030,198634],[-21,-13],[-4,14],[18,31],[7,-32]],[[184495,198641],[-18,-33],[-47,-2],[2,49],[50,38],[13,-52]],[[184278,198722],[-12,-26],[-4,8],[-20,-19],[0,40],[22,6],[14,-9]],[[184219,198705],[-11,-14],[-13,14],[20,33],[4,-33]],[[184431,198737],[-50,-58],[-12,42],[9,17],[38,24],[15,-25]],[[184201,198804],[-1,-32],[-27,4],[-3,8],[16,28],[15,-8]],[[184150,198822],[-8,-43],[-12,26],[4,23],[16,-6]],[[184256,198830],[-33,-29],[-12,40],[-10,13],[13,20],[41,-34],[1,-10]],[[184563,199199],[-12,-14],[-12,4],[0,18],[20,13],[4,-21]],[[184511,199192],[-12,-4],[-8,23],[3,17],[14,-6],[3,-30]],[[184765,199254],[-13,-17],[-9,10],[6,30],[14,-6],[2,-17]],[[184674,199268],[-6,-25],[-13,3],[-55,-32],[-30,-2],[-5,25],[-13,13],[-8,8],[7,14],[7,15],[33,4],[29,17],[20,-8],[34,-32]],[[184820,199388],[-4,-35],[-20,15],[16,29],[8,-9]],[[184731,199381],[-10,-23],[-51,-1],[-2,8],[-33,-5],[-10,11],[7,47],[32,-6],[67,-31]],[[184738,199470],[-6,-27],[-21,14],[7,21],[20,-8]],[[184790,199500],[0,-28],[-42,-53],[-11,10],[4,11],[8,72],[7,-20],[27,48],[26,9],[13,-17],[-14,-27],[-18,-5]],[[185009,199547],[-18,-7],[-5,27],[18,10],[5,-30]],[[185098,199484],[-52,-112],[8,-80],[24,-45],[-9,-95],[-29,-39],[-12,-1],[-30,39],[-11,59],[-28,68],[-77,43],[-55,31],[29,70],[14,78],[6,29],[70,-54],[43,-30],[29,31],[39,135],[31,26],[7,7],[27,-24],[-12,-45],[6,-53],[-18,-38]],[[184784,199841],[-32,-24],[-17,-6],[-3,17],[-17,0],[1,-24],[-12,-9],[-9,10],[12,40],[44,31],[43,-4],[2,-14],[-12,-17]],[[185156,199953],[2,-16],[-34,-50],[-24,-7],[-6,14],[24,23],[6,29],[10,-5],[22,12]],[[185372,200147],[-20,-13],[-8,7],[8,19],[20,8],[0,-21]],[[182451,200112],[-27,-4],[-4,10],[4,9],[26,3],[1,-18]],[[184633,200204],[14,-26],[-11,-36],[-14,-9],[-1,44],[-12,-13],[-7,43],[19,3],[26,42],[9,-8],[-23,-40]],[[184678,200265],[0,-39],[-19,24],[9,25],[10,-10]],[[184822,200242],[-27,-25],[-10,24],[15,17],[9,28],[13,-44]],[[184740,200253],[-14,-24],[10,-19],[-11,-16],[-10,30],[-9,7],[5,-24],[-8,-3],[-6,27],[9,35],[14,22],[12,1],[0,-23],[8,-13]],[[185053,200139],[-14,-4],[-22,18],[31,52],[62,83],[59,42],[15,-11],[21,-53],[-27,-71],[-125,-56]],[[184852,200287],[-21,-5],[0,31],[15,3],[6,-29]],[[182484,200241],[-5,-34],[-16,4],[-1,24],[22,6]],[[185486,200405],[-4,-25],[-19,13],[9,29],[14,-17]],[[182514,200274],[-7,-26],[-18,0],[-5,11],[24,25],[6,-10]],[[182595,200312],[-11,-18],[-9,6],[-3,19],[2,6],[22,0],[-1,-13]],[[182711,200437],[-67,-59],[4,39],[20,38],[42,-4],[1,-14]],[[185419,200568],[-23,-7],[4,31],[12,6],[7,-30]],[[185461,200625],[-16,-8],[-8,18],[5,29],[19,-39]],[[185488,200672],[-14,-11],[-5,14],[6,25],[13,-3],[0,-25]],[[185520,200792],[-2,-29],[-24,2],[-1,14],[27,13]],[[186025,200838],[-8,-15],[-58,10],[-7,18],[22,20],[23,-3],[28,-30]],[[183205,200776],[-7,-22],[-21,0],[-7,22],[-12,10],[9,28],[34,20],[-5,-43],[9,-15]],[[185899,200945],[-28,-19],[-15,9],[-35,-18],[-9,13],[7,26],[34,28],[50,18],[18,-1],[2,-14],[-24,-42]],[[185497,201008],[-4,-30],[-19,21],[11,22],[12,-13]],[[183307,200867],[17,-14],[7,-17],[-10,-6],[-15,-46],[-4,26],[-10,14],[-11,32],[-27,-13],[1,-32],[-19,18],[-23,9],[5,22],[18,27],[35,29],[28,14],[21,0],[2,-14],[-15,-49]],[[185448,201132],[-15,-6],[-1,25],[7,14],[11,-1],[-2,-32]],[[185517,201142],[1,-17],[-22,12],[-6,27],[17,11],[0,-21],[10,-12]],[[185346,201140],[-11,-24],[-11,13],[13,37],[9,-26]],[[183367,201062],[-10,-6],[-14,15],[19,38],[8,-4],[-3,-43]],[[185543,201277],[-16,-22],[-10,20],[20,24],[6,-22]],[[185427,201352],[-31,-7],[-3,8],[1,6],[35,22],[-6,20],[19,22],[7,-16],[-6,-40],[-16,-15]],[[185506,201438],[1,-28],[-12,-20],[-6,6],[2,37],[-25,-25],[-4,15],[32,41],[12,-26]],[[185553,201649],[-22,-28],[-5,11],[10,24],[14,7],[3,-14]],[[185616,201661],[-20,-23],[-8,16],[24,26],[4,-19]],[[186235,201903],[-20,-18],[-24,16],[10,22],[24,-3],[10,-17]],[[185827,201863],[43,-63],[95,-8],[18,-27],[18,13],[9,-31],[28,10],[3,-15],[-33,-35],[-95,-28],[-68,19],[-66,-11],[-71,0],[-28,78],[23,24],[-1,45],[65,-10],[44,83],[23,12],[11,-17],[-18,-39]],[[183838,201779],[-16,-6],[5,45],[15,-7],[-4,-32]],[[186035,201855],[-116,-15],[-27,69],[5,56],[21,8],[9,17],[19,13],[-6,22],[2,15],[7,0],[17,-28],[13,-41],[47,-73],[9,-43]],[[187101,202235],[0,-79],[-10,-17],[-37,2],[-20,25],[-28,-4],[-45,19],[-3,8],[19,42],[64,49],[60,-45]],[[183667,201867],[14,-12],[70,36],[18,-67],[6,-101],[-34,-51],[-41,21],[-32,-22],[-60,63],[0,-39],[-19,-52],[93,-36],[7,-20],[-59,-108],[-121,-72],[-46,-89],[-48,6],[28,82],[5,102],[31,62],[21,125],[42,50],[6,102],[27,53],[50,84],[41,22],[-7,87],[40,10],[29,-37],[37,1],[5,-20],[-37,-60],[11,-22],[-3,-16],[-49,-44],[-25,-38]],[[186283,202358],[-13,-18],[-13,21],[22,19],[4,-22]],[[184846,202257],[-14,-9],[-3,28],[14,22],[3,-41]],[[186567,202355],[-9,-9],[3,-24],[-25,2],[-14,19],[-28,-2],[-14,-7],[-6,26],[15,29],[20,2],[-5,16],[27,16],[16,3],[-4,-30],[15,-10],[9,-31]],[[186577,202430],[-7,-39],[-15,18],[11,29],[11,-8]],[[184020,202053],[-21,-71],[-4,-63],[-12,-25],[-27,13],[-17,-40],[-64,-58],[-10,14],[-12,89],[-19,46],[-6,-47],[-17,-94],[-15,9],[-28,65],[-3,17],[-1,22],[24,71],[27,13],[-2,29],[21,43],[57,15],[19,-14],[-5,-39],[-7,-24],[29,-11],[6,36],[-4,74],[-41,42],[24,102],[60,-8],[72,-49],[-27,-115],[3,-42]],[[185357,202323],[-26,-13],[-15,15],[10,26],[30,10],[13,-16],[-12,-22]],[[187108,202568],[-3,-3],[-9,11],[10,18],[5,12],[12,-23],[-15,-15]],[[185492,202481],[-19,-25],[-7,32],[18,8],[8,-15]],[[185460,202483],[-24,-57],[-57,9],[16,60],[64,5],[1,-17]],[[184823,202488],[-9,-50],[-10,28],[7,25],[12,-3]],[[185730,202631],[-7,-21],[-16,21],[15,27],[8,-27]],[[186899,202732],[-11,-23],[-10,29],[14,20],[7,-26]],[[186270,202733],[-6,-37],[-14,21],[7,27],[13,-11]],[[186003,202747],[0,-19],[-27,1],[-4,9],[3,8],[28,1]],[[186156,202761],[6,-38],[-19,2],[1,28],[12,8]],[[185541,202581],[-18,-52],[-77,9],[6,76],[37,77],[51,53],[12,10],[26,-2],[6,-5],[22,-32],[-1,-16],[-21,-34],[-14,-65],[-29,-19]],[[185865,202748],[-8,-10],[-10,28],[2,20],[14,-8],[2,-30]],[[186024,202772],[-11,-4],[-10,25],[18,17],[3,-38]],[[185921,202771],[-2,-19],[-8,16],[14,49],[28,17],[7,-19],[-39,-44]],[[184854,202780],[10,-36],[-16,0],[-8,31],[14,5]],[[184604,202704],[0,-123],[30,-6],[69,52],[44,-24],[20,-42],[-32,-92],[-37,-17],[-54,-68],[-162,-26],[-40,-71],[16,-65],[0,-39],[-46,-14],[-47,39],[-35,-130],[-50,-44],[-11,6],[-38,124],[-22,20],[-30,-18],[-7,-18],[4,-74],[-14,-36],[-12,-27],[-41,-23],[-34,57],[19,123],[53,77],[-2,14],[-46,-9],[-6,51],[11,43],[-14,41],[50,41],[46,45],[-48,48],[33,93],[73,51],[74,-51],[78,20],[79,130],[72,20],[32,-18],[25,-60]],[[184864,202596],[-23,-24],[-35,-1],[-56,51],[-2,21],[-1,49],[-63,-2],[-20,33],[23,17],[-1,46],[56,9],[99,-56],[37,-88],[-14,-55]],[[186964,202951],[-3,-29],[-21,21],[8,19],[16,-11]],[[186914,202943],[-13,-7],[-11,20],[14,21],[7,-19],[3,-15]],[[186872,202963],[-23,-36],[-103,-6],[-6,7],[4,23],[37,34],[76,-7],[15,-15]],[[185009,202837],[-14,-6],[-13,18],[15,20],[12,-32]],[[186429,202988],[-15,-5],[-3,21],[3,14],[16,-4],[-1,-26]],[[185482,203083],[-15,-24],[-7,4],[1,28],[17,3],[4,-11]],[[185384,203158],[4,-37],[-18,0],[-3,20],[17,17]],[[185381,203485],[124,-25],[10,27],[17,4],[17,-12],[4,-29],[25,-5],[13,-34],[-6,-35],[-82,-90],[-104,-27],[-1,13],[-82,-15],[-13,49],[-111,114],[8,36],[48,45],[133,-16]],[[184884,203504],[-18,-18],[-7,13],[3,17],[16,4],[6,-16]],[[185379,203576],[-13,-18],[-7,30],[5,16],[12,-13],[3,-15]],[[184896,203568],[-7,-31],[-20,-1],[6,28],[15,27],[6,-23]],[[184972,203578],[-15,-15],[-4,28],[14,19],[5,-32]],[[186058,203716],[-12,-2],[-5,27],[9,12],[9,-12],[-1,-25]],[[187269,204066],[-12,-29],[-21,9],[-5,14],[19,30],[19,-24]],[[184992,203915],[-2,-39],[-12,1],[-6,24],[20,14]],[[187205,204191],[2,-30],[-15,5],[-6,17],[10,14],[9,-6]],[[186641,204167],[96,-70],[8,0],[1,-32],[-77,25],[-36,67],[8,10]],[[185292,204059],[-31,-11],[-4,6],[2,12],[43,61],[18,-15],[1,-13],[-29,-40]],[[185441,204161],[-11,-31],[-10,30],[7,18],[14,-17]],[[185379,204136],[-26,-31],[-23,39],[-16,5],[1,38],[11,8],[41,-3],[12,-56]],[[185253,204171],[-20,-7],[-5,13],[11,18],[9,-1],[5,-23]],[[185367,204233],[0,-23],[-29,10],[3,15],[26,-2]],[[185302,204147],[-23,-21],[-19,23],[19,32],[4,21],[-15,25],[23,37],[2,-19],[12,-18],[0,-24],[-15,-28],[12,-28]],[[187134,204399],[-18,-6],[-9,25],[24,4],[3,-23]],[[187507,204083],[-8,-5],[-35,-3],[-21,5],[11,64],[5,53],[33,16],[17,8],[7,35],[11,64],[6,34],[68,121],[11,-10],[11,-47],[28,-19],[40,-79],[68,-39],[17,-10],[0,-55],[-43,-44],[-140,-40],[-42,-24],[-44,-25]],[[186548,204306],[-23,-26],[-5,43],[46,63],[10,2],[6,-17],[-7,-22],[-27,-43]],[[187280,204454],[-41,-35],[-3,11],[4,32],[25,5],[8,28],[7,-41]],[[186615,204418],[-16,-23],[-7,21],[13,23],[10,-21]],[[187269,204513],[-20,-29],[-19,9],[1,33],[38,9],[0,-22]],[[188048,204545],[-22,-60],[-136,-142],[-34,-30],[-49,-5],[-34,28],[-20,94],[-46,61],[-48,100],[11,52],[49,-7],[60,-97],[26,-27],[35,-20],[33,-10],[-1,15],[-16,7],[-45,32],[-31,34],[-6,11],[-7,15],[-21,25],[7,28],[12,9],[87,4],[73,0],[123,-117]],[[185424,204453],[28,-1],[19,14],[12,-10],[6,-26],[12,-14],[13,-29],[0,-29],[-14,-26],[-24,-16],[-43,-1],[-26,-7],[-15,11],[-7,17],[-34,-1],[-2,9],[8,38],[12,16],[1,20],[-10,26],[11,8],[-3,18],[27,12],[29,-29]],[[185803,204560],[-7,-30],[-10,-16],[4,-13],[-13,-6],[-20,13],[-6,16],[-8,-11],[-13,14],[-2,16],[11,12],[15,-15],[7,27],[35,9],[7,-16]],[[186580,204073],[-13,-118],[-34,-85],[-53,-85],[-23,-21],[-68,-70],[11,-172],[26,19],[0,125],[34,63],[40,16],[104,94],[32,-7],[45,-53],[-6,51],[-41,70],[18,129],[101,4],[64,30],[-19,48],[-105,70],[-29,81],[22,63],[66,58],[42,0],[63,-52],[25,6],[-20,69],[-57,70],[1,38],[109,-79],[42,-31],[75,-21],[46,-70],[58,-1],[-5,-61],[30,-40],[0,-124],[23,-61],[-3,-80],[20,-54],[4,-41],[-24,-86],[-34,-56],[-6,-99],[-40,-39],[-59,17],[-39,-6],[-114,-20],[-94,-77],[-44,14],[-1,-12],[-16,-137],[-53,-115],[-25,-105],[-75,-73],[-37,16],[-4,151],[-18,55],[-35,-162],[-26,-14],[-44,22],[-14,-78],[-28,-45],[-4,-69],[-65,-108],[-36,1],[-32,29],[-17,-11],[-20,34],[-56,34],[-129,-14],[-38,46],[44,32],[191,331],[-19,22],[-111,-187],[-73,-42],[-26,-55],[-87,-101],[-16,-65],[-29,-48],[-63,-34],[-100,-133],[-40,10],[-4,105],[37,84],[4,58],[-60,-7],[-47,-84],[-194,-202],[-14,8],[-5,32],[21,124],[-39,51],[-12,-116],[-47,-179],[-96,-21],[-74,-84],[-47,-4],[-176,-101],[-46,32],[0,112],[86,158],[-2,66],[13,57],[92,13],[-7,115],[16,53],[57,26],[53,-11],[15,72],[48,34],[46,-7],[42,-48],[43,81],[71,-22],[15,-23],[15,-59],[13,-11],[23,27],[13,93],[25,54],[100,-5],[151,92],[14,-25],[6,-62],[24,18],[40,87],[-10,104],[-41,62],[7,57],[85,40],[184,192],[-59,168],[4,50],[26,46],[-25,75],[-6,86],[76,73],[55,26],[-47,121],[68,229],[80,43],[108,10],[47,-29],[61,-208],[-49,-311],[101,71],[30,-21],[23,-66]],[[187242,204734],[8,-19],[18,6],[17,-30],[-45,-58],[-23,-20],[-9,3],[0,33],[-20,2],[3,20],[-4,21],[20,11],[6,25],[29,6]],[[186813,204749],[46,-10],[23,5],[81,-59],[70,3],[59,-36],[11,9],[1,42],[24,3],[37,-82],[-1,-65],[14,-35],[-79,-66],[-86,12],[-111,86],[-12,17],[-8,31],[-42,30],[-30,2],[-12,13],[-21,4],[5,50],[16,25],[15,21]],[[185813,204440],[1,-171],[46,39],[54,-38],[-7,-110],[-58,-29],[-7,-24],[20,-94],[95,-62],[19,-99],[-73,-117],[-282,-221],[-169,9],[-27,61],[-43,55],[0,14],[46,49],[168,73],[101,123],[-23,93],[-74,17],[-3,-16],[20,-54],[-59,-84],[-61,0],[-29,-57],[-54,-4],[-30,-37],[-22,20],[5,52],[-7,19],[-30,-106],[-29,-26],[-16,9],[-29,74],[-19,20],[-13,-90],[-30,-39],[-3,-48],[-15,-35],[-107,-65],[-47,7],[-27,34],[-10,56],[13,84],[-3,11],[-39,-22],[-16,38],[0,20],[29,26],[8,34],[67,69],[-53,102],[49,58],[28,62],[38,-44],[22,-124],[21,-27],[4,9],[-9,47],[12,73],[-3,76],[24,43],[42,-20],[10,-137],[15,-40],[63,61],[93,35],[40,-110],[36,186],[-34,64],[3,37],[66,16],[51,-121],[8,100],[13,23],[36,-10],[55,-64],[-11,63],[-52,52],[-17,63],[-26,6],[-4,61],[-47,95],[2,128],[113,65],[33,-25],[11,-63],[-10,-63],[44,-87],[103,-48]],[[187092,204790],[9,-34],[-13,-13],[-14,11],[-31,9],[-31,-8],[-17,-19],[-35,38],[65,110],[21,2],[18,-1],[-12,-88],[40,-7]],[[187433,204918],[-23,-23],[-7,10],[23,31],[7,-18]],[[187008,204902],[-14,-8],[-16,24],[3,9],[22,7],[7,-6],[-2,-26]],[[187044,204958],[-1,-24],[-31,9],[7,31],[7,-12],[18,-4]],[[187770,205030],[-13,-2],[-2,28],[17,14],[-2,-40]],[[187016,204989],[-16,-13],[-8,9],[14,35],[10,-31]],[[187943,204871],[-33,-23],[-30,25],[-5,96],[37,124],[139,59],[19,6],[3,-15],[-18,-19],[8,-44],[-26,-69],[-37,-28],[-57,-112]],[[187926,205289],[-1,-22],[-25,-2],[-8,12],[22,17],[12,-5]],[[188000,205321],[-25,-22],[-11,10],[6,23],[18,14],[12,-25]],[[187379,205385],[-21,-12],[-5,10],[0,18],[22,-3],[4,-13]],[[187241,205555],[-10,-24],[-15,23],[11,17],[14,-16]],[[186365,204807],[-199,-134],[-25,-42],[-21,67],[-40,7],[-1,-12],[23,-48],[-15,-148],[-67,-133],[-32,3],[-37,52],[3,95],[-13,136],[19,98],[35,47],[41,125],[7,61],[42,71],[180,119],[14,81],[26,46],[3,130],[83,70],[36,60],[114,78],[62,-89],[4,-72],[-43,-63],[-8,-41],[-3,-187],[-101,-137],[-58,-109],[-34,-113],[5,-18]],[[187437,205783],[-1,-27],[-15,8],[-8,28],[24,-9]],[[188881,206164],[-8,-13],[-18,16],[9,24],[17,-27]],[[188822,206314],[0,-34],[-16,12],[-1,28],[17,-6]],[[187918,206443],[102,-160],[13,73],[-34,134],[2,30],[34,-6],[81,-89],[47,56],[53,12],[26,-42],[12,-53],[-28,-124],[1,-77],[21,-1],[25,88],[52,56],[68,-50],[-30,-189],[17,-7],[39,50],[24,-20],[21,-166],[-24,-32],[-72,-56],[-32,-76],[14,-77],[38,-76],[-28,-89],[59,-65],[-6,-43],[-90,-64],[-117,-7],[-107,-47],[-74,18],[-47,79],[-35,6],[-227,-322],[-18,-81],[22,-49],[0,-38],[-100,-55],[-41,14],[-9,39],[37,98],[-5,16],[-154,-23],[-111,-46],[-28,17],[-18,70],[16,66],[72,8],[50,68],[104,32],[25,77],[-139,63],[-51,60],[21,37],[169,37],[-11,76],[-56,-11],[-62,25],[-43,60],[50,67],[61,8],[9,21],[-46,56],[-20,25],[-106,-8],[-20,23],[50,71],[129,-5],[65,59],[125,11],[141,75],[-8,17],[-65,-6],[-98,34],[-54,77],[18,25],[90,-49],[16,61],[-27,73],[5,33],[114,-34],[139,-110],[31,13],[-7,31],[-37,58],[-101,123],[-15,52],[15,39],[78,-64]],[[188168,206574],[-5,-25],[-17,11],[11,31],[11,-17]],[[188338,206628],[-18,-5],[-1,33],[16,-2],[3,-26]],[[188251,206622],[-8,-11],[-31,23],[5,19],[11,0],[23,-31]],[[188363,206684],[-4,-26],[-19,20],[7,20],[16,-14]],[[189158,206774],[-8,-10],[-15,33],[14,12],[9,-35]],[[188309,206687],[-20,-9],[-20,21],[16,35],[20,-19],[4,-28]],[[189109,206830],[-17,-11],[-25,9],[-10,21],[2,9],[28,3],[15,21],[16,-10],[-9,-42]],[[190619,207059],[-16,-13],[-7,33],[-11,26],[6,19],[10,1],[18,-5],[10,-11],[-1,-26],[-9,-24]],[[188405,206830],[23,-16],[22,4],[18,-25],[1,-22],[-58,-46],[-10,46],[9,10],[-2,14],[-33,7],[-3,8],[20,19],[13,1]],[[188463,206842],[-15,-7],[-14,15],[-15,40],[20,6],[24,-54]],[[189245,206836],[-32,-45],[-17,22],[-5,72],[-6,19],[-7,22],[3,12],[85,86],[9,4],[14,-45],[-10,-35],[-5,-10],[-6,-23],[-23,-79]],[[188368,206993],[-4,-33],[-29,6],[-9,15],[8,14],[26,5],[8,-7]],[[188516,206979],[-24,-19],[-62,38],[-4,10],[1,13],[15,15],[39,23],[26,-41],[9,-39]],[[188381,207046],[-18,-16],[-7,15],[18,27],[7,-26]],[[188412,207070],[-2,-29],[-19,0],[-12,31],[8,17],[25,-19]],[[188404,207135],[-12,-20],[-8,24],[7,26],[13,-30]],[[199933,209517],[-48,-20],[-9,11],[11,9],[-8,23],[12,20],[38,-28],[4,-15]],[[192134,207687],[-14,-5],[-16,20],[13,17],[17,-32]],[[189629,207386],[0,-23],[-23,8],[3,22],[20,-7]],[[188856,207285],[-9,-4],[-2,21],[-12,18],[4,10],[18,-19],[1,-26]],[[188645,207308],[5,-47],[-25,37],[10,20],[10,-10]],[[188718,207372],[39,-17],[25,6],[26,-10],[3,-18],[-10,-8],[17,-29],[-17,-26],[-47,3],[-47,-21],[-31,0],[-15,32],[17,34],[38,21],[7,11],[-5,22]],[[189022,207418],[6,-55],[31,5],[80,-40],[40,7],[50,-53],[56,-87],[-23,-91],[-49,-43],[-25,-74],[-108,-74],[-34,-27],[-7,-96],[57,-17],[36,-65],[-59,-121],[-56,-16],[-62,17],[-100,-81],[-137,-59],[-172,-39],[-105,66],[-69,11],[-21,31],[0,82],[36,56],[143,31],[79,-52],[28,37],[-3,14],[-56,25],[-86,130],[-15,35],[2,30],[140,-26],[73,34],[136,15],[-1,15],[-22,11],[-194,-6],[-45,140],[11,40],[37,30],[21,-1],[31,-34],[49,7],[32,-74],[39,129],[47,34],[40,-6],[14,-77],[-2,-54],[28,-81],[14,-70],[20,-20],[36,2],[0,14],[-22,43],[7,155],[32,90],[-5,10],[-102,75],[-29,82],[29,54],[52,-30],[8,41],[39,6],[30,-35]],[[199729,209746],[18,-15],[4,14],[19,-2],[7,-38],[13,-8],[-3,-20],[-33,-6],[-16,17],[1,12],[-20,32],[10,14]],[[188772,207443],[-21,-12],[0,30],[14,4],[7,-22]],[[199511,209758],[71,-9],[31,14],[45,-23],[39,-43],[6,-39],[31,-10],[4,-50],[-35,-15],[5,-19],[58,-3],[32,64],[24,-23],[4,-13],[-132,-172],[-48,-21],[10,-30],[-14,-16],[-110,-26],[-5,6],[-4,115],[35,52],[-25,109],[-24,64],[-39,59],[41,29]],[[199460,209750],[0,-31],[-22,27],[12,16],[10,-12]],[[190860,207786],[-21,-50],[1,-64],[47,-58],[9,-31],[-47,-67],[-21,-15],[-47,-44],[-21,-12],[-14,3],[-24,28],[-17,56],[-18,31],[-4,38],[7,26],[14,22],[-3,32],[5,21],[-14,25],[20,25],[1,18],[38,1],[15,-7],[37,11],[10,17],[-7,46],[51,-38],[3,-14]],[[191942,207936],[-7,-29],[-66,91],[-2,6],[17,13],[24,-33],[-1,-9],[21,-12],[14,-27]],[[190797,207819],[-2,-21],[-10,7],[-6,23],[12,15],[6,-24]],[[191816,208016],[8,-34],[-39,3],[-13,-7],[-29,7],[-13,4],[-4,6],[0,8],[10,17],[15,26],[40,5],[25,-35]],[[199315,209877],[-3,-19],[-20,9],[-1,11],[17,11],[7,-12]],[[188713,207673],[0,-28],[-17,17],[-8,-8],[-11,12],[4,16],[15,10],[4,-15],[13,-4]],[[190783,207885],[-24,-15],[-36,36],[6,43],[-14,43],[2,10],[16,6],[36,-43],[7,-5],[11,-20],[1,-38],[-5,-17]],[[188678,207743],[1,-30],[-15,-1],[-4,14],[0,13],[18,4]],[[189899,207521],[-27,-21],[-36,5],[-25,-17],[-33,-12],[-33,-7],[-27,-17],[-46,-17],[-39,-21],[-15,2],[-12,13],[0,31],[19,25],[13,52],[30,69],[17,51],[56,49],[32,15],[33,48],[15,12],[4,9],[23,47],[44,90],[58,-9],[53,-62],[-65,-145],[-22,-177],[-17,-13]],[[191149,208133],[-15,-8],[-3,33],[16,3],[2,-28]],[[190024,207966],[35,-11],[20,7],[7,-10],[-7,-28],[-18,2],[-23,-11],[-11,3],[-54,29],[-12,25],[26,15],[21,-3],[16,-18]],[[190979,208065],[47,-42],[23,25],[-11,17],[15,25],[20,-7],[29,22],[14,-17],[20,12],[7,-12],[-23,-37],[-40,-12],[-32,-48],[11,-17],[-3,-19],[-18,-34],[-18,-18],[-36,-27],[-21,-20],[-15,-3],[-50,25],[-46,60],[0,26],[-7,22],[-49,73],[-6,22],[5,28],[22,26],[35,29],[54,-10],[27,-26],[17,-27],[26,-14],[3,-22]],[[191753,208189],[-13,-11],[-39,20],[-81,21],[-13,28],[14,37],[27,23],[34,-11],[31,-27],[38,-14],[15,-17],[-13,-49]],[[188780,207891],[9,-44],[-20,15],[2,28],[9,1]],[[191299,208206],[-23,-10],[-25,23],[-8,14],[1,8],[27,29],[34,3],[16,-32],[-22,-35]],[[188715,207867],[-16,-49],[-25,10],[-9,19],[6,12],[-6,32],[24,8],[21,-9],[5,-23]],[[191037,208109],[-27,-16],[-21,8],[-8,25],[12,26],[11,9],[-1,21],[13,30],[1,34],[20,12],[14,-22],[11,-34],[-23,-20],[7,-18],[14,-13],[-8,-23],[-15,-19]],[[199657,210262],[-40,-13],[-5,7],[-2,15],[36,13],[11,-22]],[[189499,208030],[-20,-32],[-21,19],[4,10],[-11,41],[9,18],[17,-13],[7,-22],[15,-21]],[[189317,208026],[7,-12],[30,19],[45,28],[2,-122],[99,-109],[20,4],[-7,56],[16,75],[66,44],[49,-31],[28,-128],[43,95],[39,-20],[42,-59],[-2,-36],[-38,-46],[-123,-55],[14,-62],[-1,-47],[-40,-71],[-47,-161],[-93,-92],[-4,-5],[-104,-45],[-51,1],[-90,112],[-73,40],[-25,40],[-51,34],[-142,57],[-36,57],[3,48],[15,27],[92,-22],[35,38],[-1,23],[-48,23],[-19,31],[-3,44],[10,26],[39,44],[75,-11],[47,51],[63,-57],[14,36],[-51,63],[-6,60],[26,-23],[34,52],[90,35],[14,-14],[-2,-35]],[[188640,208024],[-16,-15],[-8,12],[12,29],[12,-26]],[[188922,207960],[12,-17],[46,112],[11,31],[18,15],[20,-52],[17,7],[16,-13],[3,38],[12,-13],[0,-33],[12,-27],[-35,-72],[-141,-89],[-33,-88],[-26,-32],[-25,52],[-6,51],[-27,50],[10,78],[27,32],[-5,46],[-15,34],[8,26],[74,-31],[8,-20],[19,-85]],[[191373,208415],[-16,-10],[-39,4],[-18,24],[1,23],[14,9],[27,-2],[29,-34],[2,-14]],[[189112,208064],[-15,-13],[-10,18],[-12,20],[-18,37],[-3,27],[35,1],[13,-20],[24,-38],[5,-16],[-8,-6],[-11,-10]],[[188959,208052],[-19,-42],[-10,12],[-7,26],[-24,87],[5,13],[38,-7],[17,-89]],[[198342,210055],[-8,-15],[-20,30],[18,6],[10,-21]],[[193133,208818],[-33,-6],[-26,13],[-11,30],[22,15],[44,5],[23,-5],[3,-15],[-29,-14],[7,-23]],[[188808,208178],[1,-33],[-16,17],[-2,28],[17,-12]],[[190939,208299],[-47,-51],[-56,39],[-20,31],[-10,20],[-4,40],[41,105],[104,-123],[5,-20],[-13,-41]],[[188764,208158],[-18,-12],[-1,30],[11,11],[8,-29]],[[194786,209257],[8,-29],[-17,-2],[-5,34],[14,-3]],[[189650,208151],[-9,-7],[-12,-2],[-11,3],[-15,-1],[-7,-6],[-9,-9],[-21,4],[-16,4],[-21,1],[-13,0],[-9,9],[-65,17],[-30,48],[15,64],[43,38],[178,-116],[6,-31],[-4,-16]],[[194969,209266],[-5,-27],[-21,25],[8,16],[-2,28],[12,7],[8,-49]],[[190203,208391],[0,-16],[-20,31],[6,27],[14,-42]],[[189094,208286],[-2,-13],[-12,6],[-8,14],[-1,11],[5,1],[11,-1],[7,-18]],[[194880,209308],[-16,-33],[-8,11],[9,50],[15,-28]],[[189051,208331],[13,-26],[-1,-49],[-14,-12],[-21,31],[-5,15],[-3,23],[18,-1],[-3,16],[16,3]],[[188977,208203],[-16,-22],[-78,7],[-15,31],[30,39],[12,54],[31,5],[28,-25],[8,-89]],[[194956,209381],[-12,-21],[-10,11],[12,33],[10,-23]],[[194759,209368],[-13,-10],[-10,12],[-1,12],[12,21],[12,-35]],[[194927,209457],[-18,-22],[-9,8],[6,21],[18,18],[3,-25]],[[194753,209422],[-17,-11],[-4,10],[11,31],[9,1],[1,-31]],[[190780,208408],[5,-95],[51,-64],[14,-36],[-60,-46],[-56,-2],[-32,29],[-20,-61],[-65,-19],[-7,28],[12,87],[-29,54],[-12,37],[-1,-17],[15,-88],[-38,-19],[5,-47],[-24,-15],[-93,46],[-16,33],[-19,175],[21,100],[77,55],[22,87],[141,56],[54,-11],[63,-72],[7,-45],[-15,-150]],[[194832,209465],[-11,-38],[-11,13],[13,42],[9,-17]],[[194861,209488],[-7,-12],[-16,32],[15,12],[8,-32]],[[189300,208264],[4,-64],[-42,-55],[-55,-16],[-124,101],[43,50],[49,-34],[1,30],[-14,59],[34,37],[-37,21],[2,36],[-22,44],[51,17],[16,40],[30,3],[37,-49],[8,-23],[-5,-38],[25,-47],[15,-40],[-6,-23],[-10,-49]],[[191640,208879],[-9,-24],[-11,27],[12,22],[8,-25]],[[189780,208527],[-20,-10],[-10,25],[-22,11],[-5,19],[12,16],[3,27],[24,10],[14,-8],[12,-44],[-8,-46]],[[195080,209624],[-13,-21],[-8,11],[3,19],[13,10],[5,-19]],[[189668,208610],[25,-85],[13,4],[13,4],[19,-13],[15,-11],[62,-161],[28,9],[26,124],[72,-44],[8,-19],[-15,-21],[3,-22],[68,-68],[7,43],[-26,40],[35,39],[69,-52],[-10,-28],[-42,6],[10,-44],[-3,-26],[69,-25],[46,-17],[0,-25],[-13,-18],[-21,-9],[-53,-21],[6,-53],[-20,-31],[-78,-29],[-160,13],[-15,27],[-37,65],[16,22],[-3,19],[-19,46],[-14,16],[-28,31],[-18,64],[-74,81],[-76,32],[-15,27],[-2,38],[8,24],[32,-6],[13,99],[43,9],[36,-54]],[[194975,209537],[-4,-12],[-21,7],[2,35],[-4,48],[12,21],[-4,16],[5,6],[8,11],[33,-7],[16,2],[8,-20],[4,-40],[-42,-51],[-13,-16]],[[189772,208716],[2,-25],[-18,1],[-2,29],[18,-5]],[[190265,208665],[-43,-97],[-23,28],[-31,127],[-32,53],[1,31],[26,-4],[57,-79],[46,-31],[-1,-28]],[[194884,209682],[-12,-15],[-8,9],[1,22],[11,7],[8,-23]],[[191291,208968],[-30,-7],[-11,17],[-8,12],[21,23],[25,-7],[2,-21],[1,-17]],[[194940,209738],[-7,-7],[-6,8],[7,24],[4,15],[11,-32],[-9,-8]],[[194787,209791],[-12,-16],[-14,18],[15,19],[11,-21]],[[192595,209330],[20,-34],[45,17],[44,-39],[34,14],[5,-11],[-2,-56],[5,-11],[17,15],[25,-13],[57,-97],[-12,-42],[-378,-15],[-19,2],[-182,67],[-16,23],[-54,85],[40,44],[67,-37],[-15,61],[11,23],[52,-3],[17,51],[32,-27],[21,41],[32,-15],[22,40],[23,-25],[38,-90],[-2,109],[25,22],[26,-24],[22,-75]],[[191334,209067],[-32,-32],[-13,23],[-3,19],[-24,45],[17,36],[-4,39],[8,16],[34,-71],[2,-37],[16,-20],[-1,-18]],[[191628,208917],[-19,-10],[-5,19],[-27,34],[-12,55],[-1,16],[-5,92],[-24,69],[18,26],[-10,44],[38,-40],[65,-40],[16,-24],[3,-17],[0,-34],[-9,-43],[2,-17],[2,-29],[-16,-67],[-16,-34]],[[200269,211412],[9,-24],[6,18],[12,-32],[-5,-17],[-13,19],[-30,10],[2,18],[19,8]],[[200240,211344],[16,-15],[4,26],[19,-20],[5,-16],[-13,-7],[-11,9],[-5,-16],[-31,32],[-6,18],[-32,46],[13,6],[14,-28],[8,-3],[19,-32]],[[194940,209965],[-6,-19],[-15,22],[15,22],[6,-25]],[[194847,210002],[-9,-8],[-15,33],[16,6],[8,-31]],[[196080,210292],[-26,-20],[-7,6],[-4,18],[6,16],[-5,11],[9,23],[29,28],[8,-15],[-20,-28],[0,-24],[10,-15]],[[194822,210121],[-6,-19],[-15,14],[1,15],[15,6],[5,-16]],[[194832,210156],[-15,-9],[-5,17],[8,29],[12,-37]],[[194874,210209],[-22,-7],[-4,20],[26,7],[0,-20]],[[196198,210542],[-3,-17],[-21,16],[-17,-3],[-1,19],[34,-3],[8,-12]],[[196292,210596],[-20,-6],[-5,7],[-1,10],[17,19],[15,-15],[-6,-15]],[[196320,210756],[6,-27],[-25,6],[0,16],[19,5]],[[193031,210060],[-46,-33],[-13,21],[15,22],[18,13],[24,-7],[2,-16]],[[196246,210807],[4,-20],[-12,-1],[-12,22],[14,12],[-3,28],[19,-11],[4,-13],[-14,-17]],[[196300,210873],[-10,-11],[-15,14],[13,24],[12,-27]],[[193172,210020],[10,-63],[92,-82],[43,-151],[-74,-133],[-48,-31],[-5,-53],[-24,-55],[-76,-46],[26,-60],[-9,-44],[-131,-99],[-92,36],[-15,29],[-15,52],[14,120],[-8,40],[-25,-69],[-44,-58],[-92,27],[-74,97],[-2,7],[1,7],[26,22],[-24,62],[-6,39],[98,170],[61,37],[65,-21],[3,57],[-32,39],[-1,24],[64,-17],[36,-62],[23,-74],[12,-8],[10,95],[-27,85],[80,7],[16,42],[62,57],[-7,27],[-34,29],[-20,43],[-30,19],[1,20],[119,6],[45,-51],[14,-36],[-6,-82]],[[193032,210277],[-31,-10],[-4,8],[5,22],[19,6],[11,-26]],[[195921,210989],[-5,-23],[-8,3],[-7,15],[9,32],[8,-8],[3,-19]],[[193147,210417],[7,-29],[-24,9],[3,22],[14,-2]],[[195210,210791],[-27,-18],[-7,2],[-14,4],[-15,24],[-4,48],[10,11],[44,48],[34,-51],[-4,-37],[-17,-31]],[[198360,211803],[13,-28],[-23,-2],[-4,17],[14,13]],[[193284,210587],[34,-60],[16,16],[5,-22],[-31,-41],[13,-26],[50,58],[113,-8],[19,-24],[43,-9],[57,-63],[1,-34],[32,-4],[2,-36],[18,-9],[22,-50],[-6,-56],[-72,-127],[3,-65],[-80,-67],[-115,-9],[-36,27],[-34,64],[-30,27],[-43,91],[-36,24],[-25,-19],[-6,7],[2,9],[27,47],[5,49],[-22,16],[-3,13],[18,33],[-4,14],[-40,28],[-23,48],[-4,38],[18,95],[51,17],[61,8]],[[195161,211035],[-23,-23],[-8,11],[15,35],[16,-23]],[[192508,210483],[-3,-51],[-21,0],[-4,23],[7,8],[-5,21],[17,12],[9,-13]],[[196368,211425],[-2,-42],[-31,1],[-11,9],[1,29],[14,34],[18,-4],[11,-27]],[[195089,211170],[-18,-8],[-6,12],[12,27],[12,-31]],[[193517,210850],[-5,-20],[-16,15],[6,27],[15,-22]],[[194588,211105],[-5,-6],[-9,16],[8,12],[8,10],[10,-19],[-12,-13]],[[195961,211447],[-9,-14],[-16,13],[7,25],[18,-24]],[[192906,210621],[12,-56],[-5,-58],[-15,-25],[-38,-2],[-1,-62],[-30,-40],[-9,-55],[-85,-17],[-1,-29],[19,-79],[-29,-58],[-9,-115],[-50,-7],[-17,-66],[-71,-1],[25,-69],[-9,-38],[-122,-62],[-50,64],[-17,-74],[-32,71],[-36,9],[-19,-24],[-2,-69],[-41,-57],[-79,30],[-24,-74],[-53,36],[-57,-54],[-51,79],[-33,-119],[-75,-36],[-24,21],[0,81],[77,122],[-11,65],[19,61],[-95,12],[-60,-61],[-79,-15],[-20,34],[1,64],[-41,19],[-25,34],[14,36],[121,-27],[92,11],[13,21],[-6,53],[7,13],[153,-72],[-3,39],[-43,98],[6,59],[15,6],[89,-69],[12,65],[29,36],[97,-56],[1,-31],[-34,-50],[10,-39],[79,29],[54,-53],[21,55],[46,37],[-91,151],[-44,52],[55,78],[36,-37],[35,-5],[29,-40],[55,-3],[15,-79],[76,-48],[31,142],[33,31],[13,47],[-27,58],[-57,51],[7,71],[100,-27],[3,64],[108,-84],[12,40],[-23,117],[8,57],[111,-68],[56,-68],[-52,-41]],[[192556,210741],[-1,-18],[14,-27],[-21,-17],[-49,1],[-19,30],[4,10],[36,-14],[13,15],[13,1],[-10,31],[7,8],[13,-20]],[[193615,211046],[2,-32],[12,3],[1,-16],[-28,-32],[-23,-19],[-14,20],[27,29],[19,11],[-13,24],[8,33],[9,-21]],[[193096,211027],[-19,-5],[-7,13],[9,14],[12,-3],[5,-19]],[[194552,211333],[-7,-4],[-20,18],[-3,12],[21,1],[9,-27]],[[193812,211180],[-6,-12],[-12,19],[-2,20],[13,-2],[7,-25]],[[193754,211200],[2,-19],[-20,7],[-2,16],[9,11],[11,-15]],[[195024,211554],[-16,-5],[-13,14],[1,9],[23,-1],[5,-17]],[[193477,211349],[5,-22],[-25,-2],[-3,10],[2,13],[21,1]],[[193271,211401],[26,-23],[22,31],[29,-20],[-5,-38],[8,-16],[61,1],[3,-14],[-35,-29],[-4,-45],[5,-12],[81,23],[51,-13],[13,-39],[-135,-120],[-75,21],[-25,49],[-36,16],[12,68],[-5,13],[-53,4],[-11,20],[34,45],[-3,14],[-18,14],[7,24],[53,26]],[[194182,211612],[6,-21],[39,30],[8,-12],[0,-22],[-14,-33],[-4,-24],[4,-16],[-6,-13],[-31,-11],[-3,23],[-42,47],[-4,39],[6,24],[15,10],[7,-17],[19,-4]],[[195042,211830],[-13,-10],[-11,9],[0,12],[18,9],[6,-20]],[[193223,211503],[25,-8],[7,5],[33,-57],[-19,-17],[-20,-2],[-22,19],[-10,53],[6,7]],[[193296,211555],[31,-24],[35,21],[11,17],[18,-35],[-28,-29],[-11,0],[-12,-21],[13,-36],[-19,-15],[-17,-1],[-20,16],[-3,27],[14,4],[-9,27],[-17,13],[-3,14],[17,22]],[[193886,211757],[28,-9],[11,8],[9,-29],[27,-10],[5,16],[30,18],[6,-14],[-9,-29],[-9,-7],[7,-24],[-27,-38],[1,-12],[30,-25],[-12,-32],[8,-24],[-9,-13],[-42,0],[-14,14],[-21,8],[-11,13],[-16,-3],[-41,13],[-20,27],[22,49],[-1,18],[15,12],[13,0],[29,-12],[6,-27],[22,-8],[8,37],[-4,13],[-45,27],[-11,32],[15,11]],[[194437,211947],[-14,-9],[-14,11],[5,21],[17,-6],[6,-17]],[[163866,212211],[-370,-34],[-19,22],[-81,7],[-124,-23],[-98,-40],[-113,-82],[-36,-39],[-54,-4],[-143,-62],[-30,22],[-7,97],[28,28],[65,8],[72,64],[83,37],[85,-6],[92,29],[28,38],[99,-11],[70,17],[52,40],[31,64],[60,70],[155,107],[128,29],[59,-11],[34,30],[94,-24],[12,-41],[-79,-79],[-41,-118],[-14,-80],[-18,-41],[-20,-14]],[[194687,212110],[48,-40],[78,35],[15,-107],[18,-25],[127,45],[31,46],[51,-34],[6,-41],[-19,-48],[-82,-70],[24,-46],[39,-36],[-5,-44],[8,-14],[116,26],[86,139],[28,10],[21,-31],[-4,-74],[-66,-98],[-70,-51],[-58,16],[-42,-61],[-140,5],[-16,-50],[6,-52],[-123,-59],[-57,23],[-82,90],[43,91],[-6,33],[-52,3],[-119,-79],[-36,4],[-28,34],[-10,69],[18,42],[-22,43],[4,14],[65,31],[62,-7],[17,54],[58,15],[190,-57],[-9,28],[-173,138],[-4,14],[64,76]],[[187445,219688],[-49,-55],[-181,177],[-41,33],[-47,85],[-8,32],[1,33],[12,20],[49,15],[162,68],[51,-19],[15,-33],[88,-62],[2,-94],[-36,-81],[-5,-80],[-13,-39]],[[184781,225323],[75,-57],[2,-14],[-6,-21],[2,-31],[-8,-6],[-24,12],[-19,23],[-10,48],[14,-4],[-7,23],[-18,-8],[-18,25],[6,26],[11,-16]],[[190392,226033],[-23,-9],[-17,29],[-7,69],[16,67],[1,49],[7,38],[3,38],[7,17],[12,51],[22,42],[10,69],[12,18],[7,35],[15,37],[4,26],[8,9],[41,145],[83,94],[21,8],[17,-28],[-77,-182],[-13,-86],[-39,-73],[-10,-6],[-3,-34],[-16,-44],[-4,-50],[-15,-40],[-15,-74],[-7,-17],[-2,-30],[-10,-32],[-13,-14],[-4,-75],[0,-34],[-11,-13]],[[188011,226762],[1,-34],[-16,25],[0,7],[15,2]],[[188044,227125],[-10,-9],[-7,14],[0,10],[14,3],[3,-18]],[[188586,227645],[3,-16],[-19,3],[-3,8],[0,19],[19,-14]],[[188033,227716],[-16,-7],[-5,10],[0,9],[19,7],[2,-19]],[[188260,228200],[-16,-4],[-18,20],[2,13],[26,-6],[6,-23]],[[188201,228223],[-12,-34],[-27,-4],[-4,11],[15,24],[0,26],[21,-5],[7,-18]],[[186545,230202],[-12,-17],[-3,8],[2,20],[10,4],[3,-15]],[[187911,230563],[174,-95],[104,-97],[11,-27],[1,-29],[-31,-123],[6,-42],[19,-59],[78,-89],[102,-166],[86,-61],[99,-98],[130,-81],[159,100],[195,-84],[-40,-134],[-2,-74],[115,-159],[13,-28],[3,-23],[-44,-84],[-88,-57],[82,-38],[23,-42],[2,-56],[-32,-38],[-152,-61],[-53,-165],[-7,-75],[-35,-34],[-96,-181],[-102,-117],[-45,-188],[-114,-103],[-48,-100],[-66,26],[-21,28],[-12,39],[34,131],[2,101],[-22,55],[-41,19],[-12,59],[60,72],[-1,83],[-28,56],[-78,83],[-29,107],[-15,27],[-120,71],[-192,-207],[-27,-29],[-10,-29],[-20,-51],[-105,-66],[-169,-29],[-211,-174],[-145,-42],[-31,35],[-6,37],[-1,112],[-36,54],[-10,26],[28,28],[-6,57],[15,47],[70,19],[49,69],[-2,114],[-29,146],[1,79],[47,220],[39,120],[-2,74],[24,91],[-20,47],[-75,46],[-132,27],[-123,126],[-166,121],[-19,57],[7,62],[111,111],[377,235],[203,-12],[156,32],[24,28],[10,63],[59,10],[153,97]],[[186866,231419],[28,-55],[146,53],[67,-12],[30,-50],[98,-16],[17,-45],[28,-34],[26,-91],[27,-31],[37,-38],[6,-46],[26,-11],[3,-32],[11,-33],[-6,-22],[17,-37],[49,-38],[9,-57],[-5,-54],[11,-32],[-7,-39],[10,-33],[-13,-47],[15,-59],[16,-27],[-6,-29],[-32,-10],[-81,-62],[-42,36],[-26,-59],[-41,-22],[-51,59],[-20,4],[-33,-24],[-27,-58],[-37,19],[-51,-36],[-64,-3],[-111,-116],[-66,17],[-52,58],[-49,-7],[-23,-83],[-44,-10],[-17,38],[19,50],[13,146],[-37,49],[-53,16],[13,53],[-22,43],[-27,101],[-36,55],[-9,46],[-51,28],[-12,41],[-66,-16],[-31,21],[-63,0],[-33,52],[34,87],[160,81],[49,72],[67,-31],[132,112],[10,37],[-11,92],[67,74],[38,9],[76,-44]],[[189745,232110],[-8,-21],[-8,11],[10,28],[6,-18]],[[190786,232675],[2,-15],[-46,19],[-5,9],[0,7],[49,-20]],[[189836,232261],[33,-6],[45,14],[6,-21],[-18,-23],[2,-28],[11,-19],[-7,-35],[-14,-30],[-33,-15],[-33,-7],[-13,-18],[8,-26],[-10,2],[-17,16],[-8,48],[-37,30],[-26,1],[-73,49],[-26,8],[-20,57],[-33,36],[-31,58],[-16,46],[-5,46],[15,23],[17,40],[25,2],[22,-14],[19,-6],[4,-19],[25,-43],[21,-27],[47,-33],[42,-52],[23,-19],[55,-35]],[[190730,233003],[9,-24],[-30,2],[-3,16],[5,8],[19,-2]],[[180936,231260],[35,-15],[43,4],[42,-81],[-2,-25],[-57,-48],[-11,-48],[11,-32],[56,-65],[-1,-64],[5,-25],[49,-27],[-1,-52],[23,-62],[4,-62],[89,-8],[21,-90],[78,-112],[37,-49],[128,-20],[-7,-123],[44,-87],[31,-98],[52,-101],[13,-70],[30,-85],[6,-49],[-160,39],[-47,92],[8,56],[-5,43],[-85,93],[-37,83],[-29,69],[-58,43],[-97,114],[-83,-39],[-76,106],[-30,123],[-5,75],[-21,27],[-18,71],[-44,92],[-14,66],[-45,67],[-8,48],[-24,66],[-23,35],[-13,19],[-59,145],[-5,35],[14,75],[-2,70],[-23,109],[30,20],[53,-28],[123,-63],[79,-91],[0,-25],[-36,-38],[-11,-45],[33,-58]],[[190478,233161],[44,-3],[10,20],[48,14],[51,1],[60,12],[19,-7],[20,5],[4,19],[10,5],[20,-36],[15,-7],[6,-30],[16,-20],[41,-12],[35,-6],[45,11],[81,2],[20,10],[35,29],[30,13],[23,28],[22,19],[25,9],[20,-14],[8,-20],[-10,-35],[-12,-12],[-54,-18],[-35,-36],[-22,-31],[-8,-21],[1,-26],[10,-22],[-12,-2],[-39,7],[-40,-4],[-45,5],[-22,11],[-14,2],[-88,66],[-21,6],[-64,-13],[-23,-13],[-22,-27],[-29,-23],[11,-30],[-6,-8],[-16,-5],[-36,20],[-22,-2],[-27,-23],[-9,-13],[-19,-10],[-16,-35],[-21,-27],[-5,-19],[-40,-51],[-14,-46],[1,-28],[12,-56],[-11,-2],[-13,45],[-9,45],[-24,2],[-78,-14],[-35,27],[0,13],[28,23],[39,47],[29,90],[-2,31],[49,12],[48,23],[38,38],[6,35],[-8,36],[-18,18],[-14,2],[-5,14],[6,12],[22,-20]],[[191313,233539],[44,3],[17,11],[23,9],[16,-2],[13,-34],[-33,-18],[-5,-20],[-12,-8],[13,-29],[-17,-4],[-8,6],[-15,-6],[-8,24],[-44,42],[-5,20],[21,6]],[[185923,232654],[116,-24],[123,32],[14,-25],[33,0],[14,-34],[28,-19],[107,-45],[3,-25],[-33,-22],[-28,-108],[-107,20],[-51,-54],[-73,-31],[-103,46],[-47,39],[-18,37],[4,20],[-14,42],[11,30],[1,28],[12,18],[-4,24],[8,21],[4,30]],[[185532,232859],[4,-24],[-11,-15],[-20,-6],[-32,2],[-21,6],[-3,7],[2,12],[26,1],[37,-2],[-4,16],[22,3]],[[185870,232978],[-13,-3],[-5,20],[7,6],[0,15],[14,10],[4,-15],[-7,-33]],[[186404,233134],[6,-25],[-11,6],[-4,13],[-1,13],[10,-7]],[[186386,233145],[3,-15],[-17,0],[-8,14],[-41,6],[-4,9],[0,7],[24,2],[27,-8],[16,-15]],[[185772,233100],[20,-20],[15,5],[7,-22],[-9,-8],[6,-22],[18,-4],[9,-22],[1,-20],[-6,-5],[6,-36],[-21,3],[-16,-3],[-7,-31],[-11,-20],[-32,8],[-12,20],[3,29],[26,66],[-9,21],[-28,5],[-3,16],[16,10],[4,16],[10,11],[13,3]],[[185627,233068],[2,-16],[-25,0],[-3,0],[-7,15],[0,8],[6,0],[16,0],[11,-7]],[[186071,233258],[3,-16],[-27,15],[-2,6],[0,9],[26,-14]],[[185727,233275],[84,-78],[2,-14],[-11,-21],[-40,39],[-46,17],[-133,-44],[-18,-5],[-28,43],[-4,48],[-18,60],[35,37],[177,-82]],[[185510,233395],[-69,-18],[-6,50],[12,7],[61,-17],[2,-22]],[[185273,233769],[-9,-4],[-21,7],[-2,8],[0,8],[29,-4],[3,-15]],[[182231,233562],[-19,-7],[-5,30],[6,14],[25,1],[1,-14],[-8,-24]],[[185423,234074],[1,-20],[-12,1],[-1,23],[12,-4]],[[182163,233740],[-7,-12],[-10,8],[4,28],[11,-8],[2,-16]],[[182332,233821],[1,-30],[-11,3],[-2,12],[12,15]],[[180959,233699],[-5,-26],[-8,-3],[-16,18],[-4,-3],[-58,-52],[-62,-2],[-22,39],[6,40],[-4,26],[34,21],[0,15],[-33,28],[0,14],[48,22],[55,-6],[29,-53],[-4,-27],[10,-7],[20,-3],[12,-21],[2,-20]],[[180796,233998],[44,-31],[19,2],[16,-56],[41,-33],[-2,-20],[-19,11],[-30,8],[-57,-1],[-29,6],[-39,24],[-7,16],[1,7],[17,31],[25,13],[1,14],[19,9]],[[181108,234050],[1,-24],[-43,26],[-1,6],[1,9],[20,6],[22,-23]],[[181208,234133],[-20,-5],[-2,11],[11,31],[13,8],[0,15],[-11,2],[-3,19],[16,3],[17,-7],[-3,-23],[7,-20],[-2,-13],[-23,-21]],[[181164,234169],[-18,-5],[-12,30],[8,26],[16,9],[12,-13],[-6,-47]],[[181098,234147],[-20,-2],[-17,13],[-3,7],[-10,26],[7,29],[11,7],[14,-12],[4,-31],[13,-17],[1,-20]],[[184458,234709],[-15,-7],[-9,17],[3,25],[7,3],[12,-7],[2,-31]],[[184601,234758],[16,-30],[1,-14],[-16,-5],[-22,17],[-12,1],[-18,-8],[-16,-26],[-18,-5],[-5,-11],[-15,3],[-6,18],[10,34],[20,22],[30,7],[14,8],[15,20],[3,-20],[19,-11]],[[184445,234818],[3,-24],[-12,0],[-1,21],[10,3]],[[184636,234778],[-10,-9],[-27,36],[-20,39],[-3,19],[8,11],[12,-28],[11,-6],[18,-32],[11,-30]],[[184509,234821],[-14,-8],[-3,19],[-10,21],[3,13],[23,-32],[1,-13]],[[184661,234922],[-15,-5],[-6,4],[-1,13],[6,11],[11,1],[5,-24]],[[182641,234691],[-10,-4],[-5,3],[-7,65],[27,17],[23,-3],[14,-7],[-1,-24],[-22,-16],[-19,-31]],[[186555,235284],[-9,-6],[-21,4],[-9,12],[-4,20],[15,5],[26,-19],[2,-16]],[[183864,234419],[38,-2],[-2,33],[-20,100],[16,55],[32,34],[183,-43],[45,-61],[93,-49],[112,-132],[179,-273],[1,-58],[-60,-131],[-19,-89],[-25,-47],[-2,-97],[-32,-55],[7,-19],[49,-13],[17,-44],[14,-67],[17,-163],[-34,-119],[9,-44],[117,174],[21,131],[-7,188],[6,116],[50,81],[59,-3],[199,-139],[50,-75],[48,-146],[57,-99],[27,-116],[10,-203],[-11,-72],[-56,-63],[-4,-38],[8,-21],[20,-18],[73,5],[47,-35],[18,-41],[14,-87],[29,-39],[110,-12],[94,104],[157,-64],[54,2],[26,2],[39,-123],[80,-89],[17,-47],[12,-72],[9,-20],[23,-27],[103,-8],[77,-6],[60,-59],[39,16],[109,-90],[97,-20],[157,-136],[174,29],[101,-40],[64,-73],[5,-69],[20,-96],[-36,-80],[-5,-90],[-19,-50],[-96,-25],[-58,-60],[-144,93],[-52,11],[-64,-167],[-214,-47],[-32,-42],[-29,-37],[-136,-57],[-2,-74],[22,-135],[-13,-97],[-21,-7],[-98,-59],[-84,33],[-122,-62],[-87,-12],[-4,-81],[45,-156],[15,-92],[-35,-120],[131,-240],[31,-227],[-45,-211],[-230,-76],[-17,-161],[-29,-111],[3,-38],[45,-152],[64,-305],[-29,-183],[3,-365],[-7,-52],[-3,-7],[-44,-121],[-248,-14],[-71,-213],[-36,-343],[-13,-486],[-64,-243],[11,-120],[44,-125],[-84,-203],[26,-159],[93,-160],[-27,-115],[0,-171],[-41,-50],[-60,-20],[-56,-78],[-62,-49],[-117,12],[-87,-10],[-77,-9],[-54,105],[-20,264],[-17,62],[-74,50],[-209,39],[-196,88],[-69,102],[-18,74],[8,54],[129,30],[147,163],[220,67],[7,8],[-3,12],[-133,61],[-274,-173],[-132,16],[-94,37],[-68,-16],[-154,135],[5,148],[-17,47],[-231,129],[-188,6],[-96,234],[-117,212],[-100,117],[0,32],[44,148],[-45,114],[-36,40],[-6,27],[48,122],[66,59],[129,58],[141,-54],[89,-93],[32,9],[49,63],[88,25],[160,-37],[195,0],[64,-27],[124,32],[13,41],[-28,40],[-69,-6],[-220,48],[-56,-16],[-86,38],[-127,-15],[-83,48],[-36,91],[39,79],[93,7],[166,132],[502,152],[77,42],[48,53],[71,18],[84,20],[15,27],[-4,23],[-103,-5],[-213,-9],[-136,-59],[-154,1],[-90,86],[-60,-37],[-140,-145],[-219,-71],[-114,-81],[-109,-19],[-90,37],[-96,8],[-35,-109],[-20,-20],[-95,35],[-65,63],[-5,81],[-64,100],[-8,68],[-2,72],[-50,141],[8,68],[-21,82],[10,66],[-11,80],[18,36],[97,75],[90,28],[86,-45],[47,-94],[59,-68],[17,-47],[-3,60],[-51,122],[-9,57],[75,52],[100,-6],[183,67],[92,-19],[30,104],[177,248],[83,27],[67,-39],[36,6],[-3,27],[-56,68],[-14,47],[63,117],[70,63],[219,75],[153,-59],[28,-11],[115,27],[161,112],[-1,28],[-24,27],[-57,-39],[-75,4],[-176,98],[-53,30],[-2,38],[27,177],[39,141],[114,235],[-154,79],[-44,-66],[-20,-33],[-6,-130],[-24,-99],[-134,-147],[-55,-115],[-112,-70],[-187,-11],[-40,34],[-45,77],[-74,232],[10,39],[73,20],[28,67],[7,74],[-7,84],[-18,57],[-19,8],[-56,-124],[-100,-110],[-41,-117],[-220,53],[-6,-26],[4,-35],[62,-98],[9,-71],[-24,-50],[-95,-1],[-21,-41],[18,-51],[73,-55],[68,-90],[50,-87],[6,-41],[-174,-46],[-84,54],[-14,-43],[29,-109],[-9,-92],[-118,-140],[-20,15],[-42,80],[-22,12],[5,-160],[-15,-24],[-30,13],[-11,-54],[-16,-22],[-79,-34],[-303,47],[-102,-44],[-39,49],[-20,73],[-23,134],[-43,117],[-58,31],[-105,124],[-102,181],[-8,53],[12,65],[-18,75],[-90,116],[-124,70],[-110,164],[-95,242],[25,121],[41,59],[0,34],[-160,117],[-68,96],[-27,89],[5,63],[43,7],[281,-130],[77,12],[87,-43],[16,11],[-29,109],[-119,11],[-20,35],[-24,81],[-83,86],[-36,67],[119,422],[5,43],[-3,35],[-87,-80],[-64,-29],[-30,-104],[-71,-114],[-89,-68],[-76,13],[-18,33],[-16,70],[-12,153],[-13,86],[-142,254],[-6,100],[18,191],[-1,108],[-92,109],[-25,86],[25,74],[138,170],[238,-12],[-3,26],[-36,22],[-47,68],[-32,78],[-11,74],[20,115],[139,-17],[8,21],[-5,51],[3,23],[36,9],[39,61],[79,6],[16,-47],[9,-63],[42,-50],[80,-265],[25,-1],[20,69],[60,-87],[17,25],[1,68],[-29,84],[-37,54],[-22,93],[17,130],[100,-2],[16,-43],[10,-58],[30,-33],[3,-59],[8,-15],[82,62],[80,15],[104,114],[97,36],[65,57],[205,68],[32,-18],[33,-59],[24,-73],[8,-96],[-33,-116],[-93,-119],[-202,13],[-124,-37],[-31,-76],[-109,-145],[-66,-55],[-73,-14],[-16,-45],[17,-37],[72,-33],[182,107],[104,37],[60,1],[86,-40],[12,-34],[-35,-89],[-56,-52],[-9,-100],[94,-91],[12,20],[-8,57],[3,25],[89,-6],[168,-272],[10,-55],[3,-112],[9,-49],[71,-49],[19,33],[14,188],[-24,70],[-46,71],[-20,125],[-42,98],[-27,164],[22,63],[45,70],[60,43],[0,66],[28,56],[5,84],[101,281],[42,31],[85,-35],[105,-117],[119,-235],[74,-101],[27,-200],[51,-71],[39,-96],[30,-160],[33,-140],[116,-214],[67,-96],[3,-60],[-29,-160],[4,-67],[14,-46],[33,-22],[13,104],[55,31],[107,-176],[72,-196],[56,-111],[86,-117],[35,-27],[44,12],[16,4],[-2,30],[-22,42],[-53,97],[-104,305],[-57,103],[-71,264],[-92,181],[-47,248],[-71,320],[-15,106],[-54,177],[-66,171],[-58,319],[-4,111],[23,55],[184,22],[-1,21],[-8,22],[-66,102],[-9,67],[16,163],[65,129],[45,25],[97,-30],[36,-12],[52,-159],[60,-92],[17,-94],[77,-98]],[[184356,235117],[-15,-8],[-8,32],[14,5],[9,-29]],[[186339,235456],[-12,-5],[-4,22],[15,18],[9,24],[7,-21],[-8,-13],[-7,-25]],[[189327,235929],[-7,-17],[-23,18],[-55,13],[-24,13],[-34,30],[-11,9],[-59,116],[-36,41],[-26,41],[-10,28],[0,37],[4,18],[15,17],[15,36],[8,0],[26,-13],[49,-4],[25,-9],[87,-64],[82,-34],[44,-35],[42,-82],[2,-17],[-7,-13],[-5,-4],[-47,-43],[-10,-31],[-19,-40],[-26,-11]],[[185810,235622],[-14,-26],[-8,11],[1,23],[5,14],[13,-6],[3,-16]],[[184736,235512],[-11,-20],[-4,7],[0,11],[3,16],[9,-1],[3,-13]],[[191480,237200],[9,-4],[18,13],[10,-2],[33,-14],[10,6],[8,-6],[12,-20],[14,4],[8,-11],[1,-29],[-14,-55],[-16,-18],[-10,-34],[-7,-9],[-22,-12],[-18,-35],[-16,-15],[-21,-3],[-1,-11],[5,-39],[-14,-12],[-28,-51],[-32,-41],[-19,-20],[-21,-30],[-8,-26],[-3,-23],[-11,-24],[-18,-23],[-149,-79],[-33,-48],[-52,21],[-12,21],[1,22],[-15,22],[0,18],[6,10],[22,12],[30,22],[35,40],[19,14],[34,71],[8,9],[38,25],[19,20],[14,21],[28,74],[7,9],[24,13],[32,34],[8,25],[8,11],[11,36],[7,11],[19,14],[10,27],[11,14],[10,39],[11,16]],[[187862,236195],[-7,-16],[-11,17],[-1,8],[14,6],[5,-15]],[[185878,235801],[-10,-21],[-7,7],[-13,45],[6,8],[15,-1],[9,-38]],[[187129,236115],[11,-35],[-13,-3],[-4,9],[1,25],[5,4]],[[184650,235738],[-13,-15],[-5,8],[1,20],[6,3],[5,14],[9,4],[3,-15],[-6,-19]],[[187497,236349],[10,-5],[9,6],[4,-12],[2,-27],[-8,-8],[-18,32],[1,14]],[[185937,236007],[-38,-54],[-13,20],[-1,7],[14,23],[17,48],[8,4],[15,-15],[2,-19],[-4,-14]],[[184534,235714],[2,-27],[16,15],[41,-31],[1,10],[-9,32],[8,32],[9,-32],[3,-33],[33,13],[6,-12],[-3,-30],[-36,-21],[-9,-67],[-61,-27],[-22,-32],[-29,69],[-147,40],[-4,105],[-6,35],[3,15],[26,48],[68,41],[31,-1],[74,-56],[9,-34],[8,-23],[-12,-29]],[[187292,236359],[-14,-31],[-103,34],[-3,8],[3,37],[-6,64],[9,26],[40,-2],[71,-92],[3,-44]],[[188104,236720],[-10,-10],[-9,5],[-9,17],[-1,7],[16,31],[5,-1],[8,-49]],[[188020,236725],[-14,-9],[-15,12],[-2,15],[4,14],[6,2],[22,-15],[3,-10],[-4,-9]],[[185271,236246],[-10,-10],[-7,13],[0,11],[11,17],[8,-15],[-2,-16]],[[187127,236613],[25,-13],[11,-25],[-8,-5],[-7,9],[-33,-7],[-7,4],[-9,15],[-16,-4],[-29,9],[-4,8],[0,6],[13,12],[21,4],[43,-13]],[[185003,236275],[109,-98],[70,19],[39,-90],[38,-60],[88,28],[58,-34],[85,-122],[31,-111],[32,-42],[37,0],[59,46],[42,-158],[31,-65],[28,-21],[122,37],[57,89],[6,10],[4,-8],[30,-65],[18,73],[14,58],[83,-41],[15,-7],[1,10],[8,83],[60,-24],[19,-44],[8,-83],[-6,-175],[50,-2],[66,-47],[54,-11],[51,-80],[37,-82],[38,-37],[39,-108],[28,29],[5,73],[51,-23],[11,19],[-9,31],[-24,43],[-13,83],[-32,74],[-26,106],[-8,143],[-23,173],[-5,90],[-94,117],[-23,51],[-9,42],[12,81],[43,37],[36,-4],[29,-47],[38,-127],[20,-28],[14,0],[2,217],[-20,86],[-36,103],[-1,36],[65,-44],[46,-72],[84,26],[49,-13],[27,-33],[4,-87],[-19,-71],[28,-72],[50,-29],[26,-141],[-10,-64],[-53,-73],[8,-140],[42,-121],[45,-32],[8,17],[-13,62],[39,57],[28,-12],[52,-57],[-4,36],[-20,75],[18,39],[23,-18],[25,-65],[42,-79],[34,6],[3,87],[24,79],[-26,89],[-1,47],[-18,68],[0,37],[98,-16],[1,21],[-16,52],[10,25],[118,-85],[0,16],[-15,47],[-3,22],[41,16],[-1,24],[-25,51],[-74,56],[43,50],[95,5],[59,-72],[7,-52],[-21,-74],[8,-38],[16,-22],[60,78],[38,11],[4,129],[15,35],[26,-37],[31,-129],[28,-49],[85,4],[93,77],[7,-15],[5,-49],[24,-29],[94,2],[74,-69],[42,31],[51,-5],[10,-70],[17,-22],[92,17],[18,90],[33,-18],[120,24],[217,-2],[85,-48],[85,-117],[73,9],[42,-43],[8,-83],[24,-80],[-62,-40],[-7,-40],[18,-48],[79,-103],[-4,-112],[-113,-150],[-11,-85],[-68,-164],[-30,-113],[-214,-314],[1,-21],[9,-24],[78,-95],[50,-111],[1,-84],[-18,-60],[9,-68],[-1,-32],[-230,-328],[-99,-6],[-65,58],[-65,-4],[-108,-161],[-98,-88],[-3,-28],[10,-75],[-28,-76],[-245,-94],[-191,25],[-309,114],[-82,93],[-2,59],[20,74],[-10,19],[-249,-83],[-78,-52],[-126,-84],[-197,20],[-113,-26],[-138,-79],[-98,10],[-25,30],[-30,86],[-60,45],[-322,66],[-96,109],[-153,119],[-42,92],[32,67],[118,50],[79,2],[72,-22],[59,-60],[48,-23],[208,-5],[163,-38],[9,43],[-166,95],[-121,12],[-39,38],[-31,68],[43,72],[229,94],[209,17],[6,38],[-16,106],[8,56],[-13,31],[-7,60],[-10,23],[-76,15],[-99,-73],[-290,-82],[-53,-50],[-53,3],[-285,-130],[-48,-55],[-87,-49],[-144,32],[-146,-28],[-85,-47],[-25,12],[-73,138],[-49,28],[-51,-6],[-93,99],[-109,191],[36,94],[161,66],[9,35],[-9,58],[4,31],[70,-56],[-7,97],[30,34],[0,27],[-76,-20],[-108,21],[-100,-31],[-40,33],[-39,5],[-121,200],[-82,34],[14,44],[142,81],[135,28],[125,-50],[33,95],[69,-26],[44,-58],[181,-172],[43,61],[1,39],[-7,80],[-121,98],[-55,101],[-17,32],[-72,210],[-2,22],[19,28],[78,-20],[89,-103],[42,-79],[63,-62],[17,-14],[99,-9],[-24,36],[-11,34],[13,96],[-9,55],[-19,64],[6,58],[16,35],[-1,33],[-63,47],[-112,-31],[-36,50],[-20,72],[2,36],[20,31],[54,-11],[-13,101],[15,34]],[[185311,236290],[-12,-5],[-17,3],[-9,12],[0,8],[11,42],[17,-10],[13,-23],[4,-16],[-7,-11]],[[185186,236254],[-27,-26],[-20,-2],[-36,26],[-11,16],[-6,43],[5,8],[12,2],[23,24],[-4,22],[20,30],[18,-1],[41,-53],[16,-17],[1,-16],[-32,-56]],[[185023,236594],[-16,-7],[-12,3],[-7,9],[0,27],[10,15],[11,-26],[12,-6],[2,-15]],[[185395,236788],[6,-24],[14,2],[31,27],[23,0],[14,-18],[1,-10],[-29,-35],[-8,-16],[2,-16],[14,-15],[5,-11],[-11,-30],[-10,6],[-13,21],[-18,17],[-17,12],[-35,6],[-31,30],[-14,24],[3,22],[5,6],[32,-4],[9,12],[21,1],[6,-7]],[[187412,237165],[11,-28],[-13,-1],[-14,21],[-6,29],[5,12],[11,2],[6,-35]],[[185695,236931],[3,-15],[-19,-14],[4,-18],[14,1],[18,-5],[6,-17],[-10,-13],[-11,-3],[-21,11],[-13,-1],[-7,-8],[1,-12],[-21,-16],[-9,-16],[-2,-16],[-13,-3],[-34,46],[-14,39],[3,10],[39,34],[32,2],[14,23],[9,5],[31,-14]],[[185435,236931],[12,-4],[25,8],[19,36],[9,-3],[20,-27],[33,-9],[3,-14],[-18,-25],[-12,-7],[-34,1],[-13,-11],[6,-32],[-1,-17],[-7,-4],[-22,4],[-8,11],[-12,59],[-9,16],[-11,0],[-30,-20],[-16,7],[0,13],[-20,47],[-11,11],[-19,5],[-20,11],[-5,9],[1,10],[19,23],[17,11],[14,-4],[5,-23],[8,-4],[10,-15],[16,-6],[6,-26],[29,-5],[16,-26]],[[185190,237177],[-14,-14],[-11,6],[-5,12],[-3,24],[7,6],[6,-12],[17,-8],[3,-14]],[[187586,142215],[-26,-203],[-21,-36],[-83,14],[-87,-26],[-60,-106],[-212,-117],[-22,-103],[-104,-86],[73,-161],[12,-68],[72,40],[122,-12],[67,-29],[34,-50],[124,11],[53,-40],[-35,-107],[-268,-249],[21,-43],[-41,-92],[89,-86],[76,3],[53,47],[88,-20],[-5,-124],[-70,-126],[-23,-87],[38,-106],[0,-32],[94,-16],[51,-9],[151,-100],[96,-34],[91,-114],[5,-38],[48,-58],[111,-92],[-134,-139],[-236,20]],[[187728,139641],[-1,1],[21,39],[97,-16],[24,20],[-48,62],[-45,20],[23,62],[-37,66],[-57,41],[-155,151],[-25,25],[-69,15],[-35,34],[-24,-22],[-48,14],[-25,-43],[-9,-64],[37,-52],[-10,-18],[-156,-86],[-16,61],[-81,23],[-48,-2],[-33,19],[-24,6],[-68,22],[-14,11],[-43,2],[-30,-5],[-10,12],[-11,-6],[-20,-3],[-35,12],[-80,38],[-77,-39],[-52,18],[-24,-13],[-75,-145],[28,-46],[85,-11],[-65,-120],[-25,-29],[-344,-74],[-359,-253],[-226,-119],[-336,-174],[-21,21],[4,33],[90,112],[22,27],[98,41],[50,-58],[73,67],[49,13],[12,33],[-39,25],[-55,-27],[7,53],[-105,70],[-119,-38],[-75,-86],[-34,29],[-147,-134],[-48,-25],[-62,-33],[-15,-56],[-29,-15],[-9,-83],[-134,-42],[-34,-43],[23,-59],[-24,-1],[-40,46],[-23,-222],[-2,-21],[-3,-92],[9,-22],[27,12],[12,-6],[11,-19],[29,-3],[30,15],[23,0],[47,-174],[70,-14],[38,59],[-4,38],[43,-1],[56,-132],[16,-37],[12,-176],[36,-57],[0,-31],[-30,23],[-68,169],[-73,-104],[19,-43],[40,-21],[-1,-52],[69,-39],[-43,-89],[20,-95],[68,54],[101,39],[33,50],[158,-167],[-15,-171],[-36,-61],[-10,-117],[-37,40],[-15,115],[-43,-2],[-34,-46],[14,-136],[33,-48],[-30,-52],[-44,-25],[-72,20],[-1,25],[31,19],[-89,93],[-49,-4],[-33,-39],[21,-39],[-60,-143],[-13,-164],[28,-129],[36,-73],[16,-36],[3,-47],[10,-12],[6,-113],[-7,-31],[0,-25],[0,-20],[1,-21],[6,-67],[20,-103],[55,-149],[10,-51],[13,-69],[42,-127],[8,-36],[16,-55],[18,-61],[46,-94],[139,-169],[87,-97],[25,-29],[69,-68],[37,-29],[26,-10],[20,5],[31,-37],[86,-102],[12,-11],[58,-52],[47,-38],[68,-39],[35,-11],[25,5],[32,-8],[44,-3],[19,2],[25,-12],[172,-96],[30,0],[119,-111],[78,-65],[22,-12],[22,0],[10,-14],[91,-70],[134,-124],[24,-17],[59,-44],[351,-250],[245,-112],[50,-4],[54,46],[34,-7],[92,-109],[119,-85],[6,-120],[40,-81],[149,-350],[81,-139],[240,-563],[2,-19],[7,-37],[76,-267],[84,-202],[69,-239],[56,-118],[87,-184],[181,-274],[41,-63],[96,-104],[63,-70],[24,-27],[49,-46],[43,-24],[13,-19],[43,-39],[313,-199],[75,-121],[144,-120],[40,-69],[228,-124],[200,-66],[31,-191],[124,-82],[236,-108],[12,-5],[213,-39],[193,-158],[121,-36],[409,1],[73,-33],[83,-1],[450,107],[138,-25],[101,10],[575,136],[107,1],[181,-84],[70,-63],[7,-81],[23,-44],[25,-49],[-15,-135],[-150,-134],[-137,-144],[-207,-138],[-62,-61],[-13,-39],[9,-94],[6,-62],[66,-142],[84,-95],[138,-79],[409,-159],[108,-65],[204,-50],[416,-177],[180,-76],[122,-15],[293,-104],[120,-12],[38,-28],[285,-75],[95,-17],[264,-114],[65,-58],[168,-77],[163,-158],[83,-33],[203,-150],[81,-36],[428,-118],[306,-152],[204,-8],[50,-50],[5,-40],[118,2],[73,-120],[7,-96],[133,-116],[78,-56],[241,-104],[187,-179],[81,-52],[183,-160],[87,-148],[19,-99],[69,-116],[50,-30],[17,-80],[-60,-90],[-17,-98],[-67,-59],[-41,-105],[-25,-222],[19,-72],[-4,-188],[-32,-56],[-51,-16],[-178,94],[-124,-5],[-86,31],[-294,188],[-120,160],[30,43],[1,47],[-76,87],[35,61],[-3,75],[-52,82],[-143,114],[-21,46],[-1,63],[-48,79],[-103,69],[-207,16],[-210,3],[-324,-55],[-160,73],[-95,4],[-89,46],[-342,133],[77,93],[-7,44],[-46,45],[-82,1],[-46,45],[-105,46],[-92,-6],[-131,-55],[-166,-136],[-129,-183],[-66,-133],[-17,-30],[-68,-115],[-21,-54],[-45,-108],[-19,-101],[-59,-107],[-36,-80],[-45,-45],[-40,-38],[-66,-100],[-10,-46],[2,-86],[70,-210],[-231,-379],[-29,-115],[17,-104],[83,-76],[2,-156],[229,-102],[315,25],[247,-214],[201,-92],[139,-22],[77,-119],[124,-67],[99,-22],[-72,-256],[7,-150],[91,-132],[-46,-186],[2,-97],[86,-141],[103,-67],[-53,-126],[14,-67],[-135,-160],[-77,34],[-99,-23],[-106,64],[-179,-44],[-224,-99],[-341,-238],[-98,-150],[-67,-178],[52,-77],[6,-31],[94,-545],[-19,-125],[-156,-206],[-71,-60],[-249,-122],[-30,-15],[-319,-457],[-43,-318],[-72,-180],[-73,-102],[-153,-43],[-171,19],[-355,-55],[-193,92],[-96,128],[-5,34],[35,65],[-61,152],[44,127],[-56,130],[-6,93],[111,76],[138,35],[120,101],[13,25],[22,46],[19,129],[43,62],[41,125],[47,54],[22,173],[8,118],[-226,181],[27,95],[46,45],[168,79],[94,86],[105,20],[142,-21],[79,26],[91,91],[55,167],[10,107],[-12,139],[-3,31],[-15,42],[-11,10],[-32,4],[-24,14],[-14,12],[-50,17],[-25,49],[-15,23],[-44,70],[-61,63],[-17,54],[-71,228],[-61,396],[-52,189],[-124,273],[-156,198],[-90,45],[-29,39],[-107,284],[-46,64],[-81,331],[-36,72],[31,73],[-85,162],[-106,163],[-71,57],[-24,67],[-61,25],[-48,74],[-199,-8],[-59,-33],[-182,-206],[-136,13],[-84,70],[-92,-15],[20,52],[-42,89],[-133,109],[-67,18],[-111,110],[-198,-8],[-107,116],[-131,32],[-51,34],[-2,28],[67,74],[-5,144],[82,61],[27,49],[-14,85],[-215,395],[-152,202],[-122,108],[-80,24],[-67,-37],[-59,-85],[-130,27],[-119,-93],[-83,-23],[-84,39],[-53,-19],[-300,-147],[-5,51],[37,104],[115,32],[22,56],[134,116],[6,35],[-26,60],[-45,53],[-115,19],[-152,144],[-98,59],[-37,3],[-88,-46],[-60,-81],[-41,3],[-41,42],[-131,34],[-43,-28],[12,-85],[-73,3],[-6,155],[-38,136],[-86,155],[-165,189],[-96,215],[-52,68],[-100,133],[-121,107],[-115,71],[-59,-15],[-79,22],[-40,10],[-103,-64],[-8,-39],[19,-48],[-62,3],[-338,165],[-233,53],[-69,-40],[-178,-37],[-155,-133],[-70,-11],[-45,31],[-66,161],[-138,180],[-203,126],[-174,9],[-30,-7],[-187,107],[-110,-22],[-144,224],[-90,104],[-108,126],[-241,209],[-268,129],[-21,124],[-53,140],[-12,30],[-112,175],[-189,107],[-60,68],[-95,44],[-134,106],[-171,-19],[-72,138],[-149,205],[10,36],[-38,44],[-29,65],[-3,21],[-23,44],[-10,10],[-24,22],[-47,74],[-228,181],[-213,99],[-390,104],[-86,-21],[-93,-127],[-55,4],[-114,81],[-17,72],[16,31],[12,22],[111,-18],[52,70],[17,139],[-30,84],[-45,55],[-64,-8],[-47,97],[-48,98],[-138,80],[-69,151],[-62,62],[-119,59],[-61,13],[-162,35],[-95,62],[53,78],[25,183],[-40,62],[-117,73],[-249,30],[-68,-20],[-30,-69],[-81,34],[-27,143],[56,39],[45,242],[1,258],[-55,257],[-106,140],[-75,204],[-34,17],[-20,37],[-52,97],[-81,59],[-73,185],[3,116],[-57,254],[17,45],[-7,111],[-40,236],[-67,208],[-167,236],[-14,13],[-94,91],[-62,44],[-32,17],[-20,1],[-32,25],[-45,14],[-67,-29],[-73,67],[-182,119],[-25,-47],[41,-71],[-9,-28],[22,-29],[-15,-14],[-87,71],[-257,210],[-45,16],[-42,-19],[-55,92],[-64,37],[-43,57],[-80,35],[-47,57],[-45,-3],[-85,56],[-39,1],[-37,75],[-38,35],[-254,133],[-45,-32],[-19,-64],[-25,-4],[-80,38],[-11,76],[-34,40],[-373,93],[-59,42],[-133,7],[-65,38],[-144,6],[-235,-120],[-253,-141],[-110,-104],[-24,-45],[15,-49],[-69,-89],[4,-75],[-22,-27],[-287,-124],[-79,-128],[-13,-78],[-7,-50],[-124,-143],[-7,-47],[17,-54],[-73,-47],[-95,-70],[-38,-57],[-82,-22],[-160,-92],[-179,-35],[-72,-42],[-89,6],[-103,-58],[-64,7],[-74,-57],[-186,44],[-54,-25],[-47,7]],[[185302,134832],[16,12],[17,0],[16,8],[21,-28],[21,-3],[13,8],[38,1],[12,34],[-1,19],[37,72],[-11,133],[-207,-108],[28,-148]],[[185523,129305],[14,-17],[29,6],[-12,38],[-31,-27]],[[186349,111721],[33,-9],[26,15],[55,-20],[-9,-17],[17,-21],[0,-25],[-69,3],[-68,26],[-4,11],[-87,9],[-30,11],[29,27],[107,-10]],[[187024,112668],[-5,-14],[-49,-1],[-26,35],[27,22],[39,-1],[14,-41]],[[184885,115263],[50,-17],[24,12],[29,-32],[57,-36],[15,-57],[-2,-42],[-14,-33],[-51,-44],[-73,5],[-30,26],[-21,46],[-33,13],[-14,37],[-53,50],[-6,37],[11,37],[50,29],[43,-10],[18,-21]],[[192224,116498],[-7,-12],[-29,12],[-6,25],[27,6],[15,-31]],[[185874,118111],[-16,-6],[-7,32],[-13,62],[-19,28],[32,19],[23,-72],[-7,-16],[3,-20],[4,-27]],[[185543,118385],[39,-62],[47,19],[25,-28],[29,-9],[-4,-41],[-30,-7],[-40,38],[-45,1],[-62,-13],[-14,11],[-20,44],[17,25],[17,-8],[41,30]],[[185023,118414],[14,-53],[-60,10],[-19,15],[-4,26],[-27,56],[16,10],[53,0],[5,-40],[22,-24]],[[185643,118500],[-31,-26],[-21,5],[-23,39],[6,25],[20,22],[23,-39],[26,-26]],[[192154,118307],[-101,-178],[24,-100],[-37,-154],[-41,-68],[8,-135],[-33,-61],[-87,-85],[-58,-113],[27,-368],[52,-120],[151,-42],[71,-19],[92,-102],[-11,-29],[-69,2],[-29,-21],[-12,-105],[106,-187],[148,-52],[11,-58],[-40,-57],[-2,-39],[84,-27],[38,-61],[-104,-24],[-49,-83],[-113,-60],[-105,-128],[-39,-118],[-44,-62],[-27,-197],[53,-104],[48,-148],[-7,-33],[-119,-62],[-112,102],[-71,20],[-87,-29],[-177,85],[-64,-6],[-154,-74],[-111,34],[-88,-10],[-180,119],[-299,46],[-79,75],[-65,172],[-128,191],[-115,129],[-50,47],[-43,39],[-102,62],[-32,16],[-35,1],[-54,31],[-62,24],[-12,4],[-103,21],[-22,5],[-32,5],[-68,10],[-33,-2],[-47,-14],[-118,2],[-187,-42],[-82,30],[-95,86],[-145,12],[-19,2],[-204,112],[-57,86],[-17,13],[-182,135],[-218,20],[-22,2],[-186,137],[-220,109],[-129,171],[-114,92],[-209,31],[-129,-25],[-130,167],[-10,10],[-32,19],[-67,14],[-31,-9],[-17,8],[-281,-6],[-214,-46],[-93,87],[-84,120],[-227,94],[-51,63],[-30,127],[-74,135],[53,67],[31,84],[-21,165],[56,123],[42,174],[111,126],[128,29],[98,106],[105,32],[26,52],[-19,87],[15,32],[84,-25],[106,-232],[157,-138],[78,-14],[140,41],[210,140],[-42,133],[49,57],[4,48],[41,38],[122,-3],[27,-32],[58,-3],[82,37],[30,49],[61,4],[89,62],[47,-62],[66,-35],[29,-90],[-14,-58],[48,-60],[145,-27],[81,22],[50,41],[45,-11],[25,-136],[48,-50],[354,-165],[77,-14],[25,4],[82,14],[130,45],[205,122],[161,34],[94,-48],[115,-4],[67,33],[63,-18],[18,0],[280,-13],[137,32],[126,61],[206,27],[263,114],[222,235],[138,2],[228,94],[137,-75],[139,-4],[80,-55],[75,-3],[132,77],[80,87],[74,211],[34,-99],[85,-17],[240,85],[284,193],[205,-52],[-100,-115],[-33,-166],[-126,-284],[-356,-539],[-33,-98],[-86,-135]],[[191410,119934],[17,-17],[13,10],[32,-33],[10,-41],[18,-24],[-30,-21],[-38,5],[-34,32],[-27,7],[-4,19],[-25,29],[5,23],[27,30],[13,31],[20,-17],[-17,-34],[20,1]],[[191387,120040],[-10,-34],[-27,5],[-24,45],[-46,12],[-34,39],[11,91],[36,26],[76,6],[14,-43],[0,-41],[31,-14],[1,-19],[-44,-12],[16,-61]],[[190058,120233],[-13,-58],[-46,4],[-8,27],[24,35],[43,-8]],[[191167,120381],[10,-49],[-11,-35],[6,-36],[-29,-10],[-60,30],[-63,20],[-15,15],[19,61],[56,4],[32,-7],[43,12],[12,-5]],[[190526,120324],[2,-50],[-56,-1],[-40,54],[29,25],[53,-10],[12,-18]],[[191604,120540],[-39,-15],[-6,12],[12,48],[39,0],[-6,-45]],[[187428,120504],[-27,-16],[-39,3],[-8,17],[14,36],[46,26],[37,-25],[-23,-41]],[[191919,120971],[-22,-15],[-48,18],[-22,30],[71,66],[53,-21],[-24,-43],[-8,-35]],[[179372,121458],[-3,-47],[-32,31],[9,21],[26,-5]],[[176802,121538],[42,-26],[80,14],[66,-69],[29,-75],[-74,-247],[-69,-4],[-89,201],[-15,87],[-11,36],[12,11],[0,18],[1,22],[28,32]],[[176674,121745],[-6,-64],[11,-28],[-8,-23],[11,-15],[-12,-17],[4,-47],[-9,-32],[-20,-17],[-42,-2],[-66,47],[6,63],[-33,27],[-20,-7],[-10,16],[14,41],[25,14],[56,16],[9,22],[63,-7],[27,13]],[[177007,123620],[-16,-36],[-19,23],[3,22],[22,7],[10,-16]],[[195781,125910],[-16,-8],[-31,15],[39,30],[8,-37]],[[189430,125761],[66,-13],[39,15],[10,-11],[-19,-33],[-46,-3],[-20,-17],[-53,-7],[-4,30],[2,32],[25,7]],[[188710,126253],[47,-10],[27,6],[66,-21],[21,-33],[8,-45],[-25,-24],[-30,3],[-32,-26],[-52,6],[-8,-23],[-13,15],[-30,-1],[-49,33],[18,18],[-16,48],[15,13],[11,34],[-11,15],[44,7],[9,-15]],[[188993,126264],[-22,-24],[-14,9],[12,34],[-1,29],[41,-10],[-16,-38]],[[187738,126317],[-31,-22],[-14,9],[37,45],[8,-32]],[[179838,126366],[-14,-32],[-58,29],[13,20],[45,0],[14,-17]],[[179786,126459],[-55,-42],[-20,14],[6,10],[90,60],[25,1],[2,-21],[-48,-22]],[[186729,126552],[-28,-39],[-16,16],[13,24],[-24,15],[15,56],[31,5],[2,-35],[-11,-36],[18,-6]],[[186769,126653],[-43,-26],[-6,24],[40,20],[9,-18]],[[186504,126638],[-25,-4],[-8,27],[11,19],[18,-9],[4,-33]],[[186929,126755],[-37,-2],[-7,15],[22,19],[25,-15],[-3,-17]],[[176600,126681],[-20,-8],[-13,39],[16,12],[17,-18],[0,-25]],[[176851,126957],[-5,-27],[-32,-13],[-34,6],[-52,20],[-35,-30],[2,-17],[-48,-47],[3,-39],[33,-44],[-9,-27],[-26,-13],[-61,12],[-15,34],[41,61],[-24,6],[7,43],[56,20],[21,20],[3,26],[20,20],[37,7],[-6,30],[-19,29],[8,19],[55,3],[19,11],[16,28],[20,-27],[-8,-12],[41,-28],[13,-22],[-30,-22],[9,-27]],[[179160,127263],[-29,-18],[-27,15],[32,42],[19,-2],[5,-37]],[[179286,127356],[13,-23],[-16,-6],[-5,-49],[-27,-27],[23,-7],[-4,-35],[-21,0],[-2,19],[-31,22],[-16,-19],[-18,19],[17,7],[15,36],[3,55],[18,-2],[13,56],[38,-17],[0,-29]],[[179850,125779],[-12,-76],[23,-89],[67,-67],[24,-79],[59,-48],[1,-50],[-61,-166],[-48,-65],[-25,-100],[-103,-71],[-119,-145],[-14,-28],[-17,-26],[-32,-48],[-19,-75],[7,-64],[7,-93],[57,-135],[70,-90],[81,-55],[12,-32],[-99,-282],[2,-76],[55,-54],[-51,-42],[-16,-48],[22,-122],[-51,-185],[11,-200],[-59,-167],[17,-191],[-13,-95],[-26,-34],[-14,-82],[21,-54],[1,-87],[-87,-219],[-11,-83],[13,-70],[53,-61],[-59,-26],[-44,-68],[-40,-176],[25,-61],[-21,-76],[-24,-43],[-66,-36],[-21,-53],[-23,15],[-16,61],[-128,-13],[-7,0],[-91,56],[-24,44],[-123,104],[-78,36],[-186,39],[-74,-41],[-22,-64],[-21,-11],[-84,74],[-47,11],[-130,-123],[-52,-114],[10,-102],[39,-72],[15,-26],[-16,-50],[-35,-107],[-248,-220],[-115,-101],[-41,-2],[-65,49],[-38,-4],[-36,52],[-113,60],[-123,-69],[-36,-42],[7,-49],[-24,-19],[-7,68],[-30,7],[-42,9],[29,93],[-19,73],[-51,5],[-27,50],[-20,59],[17,73],[-16,46],[-82,50],[-111,9],[17,69],[-29,66],[-68,27],[-11,100],[-62,43],[-18,64],[-59,58],[4,43],[122,115],[21,50],[-39,113],[-39,25],[-38,87],[8,45],[60,93],[-3,49],[-33,19],[-12,67],[133,188],[51,162],[-36,94],[7,364],[26,-4],[83,-140],[96,235],[8,203],[-25,55],[-42,33],[-92,-3],[-77,-56],[-66,55],[-11,34],[-9,167],[33,118],[-45,62],[141,40],[77,97],[-55,200],[10,173],[39,147],[-45,106],[-154,83],[-6,50],[37,125],[-2,59],[-19,59],[-30,112],[-12,17],[-14,0],[-13,9],[-33,14],[-53,198],[-37,45],[-41,0],[-86,-53],[-65,0],[-12,27],[34,62],[-40,36],[-87,-119],[-23,131],[84,60],[42,115],[-54,37],[-81,104],[56,85],[5,81],[115,206],[7,75],[-81,105],[50,93],[64,-46],[4,-121],[73,-99],[85,-74],[93,-23],[126,-4],[105,-54],[195,25],[94,44],[65,73],[31,35],[121,72],[163,11],[60,35],[189,252],[106,81],[147,167],[64,38],[12,8],[121,15],[94,55],[41,57],[30,139],[137,43],[125,-123],[121,-7],[91,-50],[97,-170],[138,72],[84,-78],[12,-58],[-43,-86],[-18,-106],[90,-38],[76,-4],[49,-38],[-58,-35],[-113,-178],[70,-35],[90,2],[40,-84],[104,-89],[-17,-168],[141,-356]],[[178602,127389],[-25,-17],[-18,29],[12,15],[30,-12],[1,-15]],[[179010,127371],[-25,-8],[-15,28],[15,38],[25,-4],[17,-27],[-17,-27]],[[179173,127455],[3,-35],[14,-22],[-10,-34],[16,-37],[-36,-9],[-14,7],[-33,-16],[-29,0],[-24,23],[-2,32],[29,10],[26,31],[7,27],[19,-6],[9,42],[25,-13]],[[178987,127582],[44,-32],[38,26],[8,-19],[-37,-28],[-20,7],[8,-37],[-22,-8],[-21,29],[26,21],[-28,14],[-9,19],[13,8]],[[191892,130227],[-26,-36],[-18,24],[32,40],[12,-28]],[[191948,130291],[-18,-19],[-18,1],[-7,24],[23,14],[20,-20]],[[182692,130186],[-12,-4],[-17,28],[32,21],[7,-11],[-10,-34]],[[181064,130379],[-18,-14],[-38,2],[-16,34],[6,44],[12,16],[33,2],[27,-22],[6,-25],[-12,-37]],[[182327,130407],[-18,-23],[-35,23],[-37,47],[-8,22],[-30,8],[-5,18],[0,4],[31,13],[1,58],[13,2],[37,-20],[42,-69],[-4,-34],[18,-22],[-5,-27]],[[180580,131135],[13,-21],[5,-28],[-26,-24],[-15,11],[-48,6],[-27,27],[18,19],[27,-7],[15,17],[23,26],[15,-26]],[[180585,131199],[-17,-26],[-23,11],[8,36],[32,-21]],[[181277,131754],[5,-99],[-66,-62],[16,-11],[2,-23],[27,-7],[20,-22],[8,-42],[-26,-32],[-22,20],[-33,-13],[-32,15],[-28,43],[-20,73],[-36,13],[-36,-11],[-6,-47],[-40,40],[-37,-52],[-83,22],[-26,-49],[-75,20],[-107,-10],[-74,86],[3,74],[62,46],[110,9],[101,-55],[50,31],[35,60],[79,-12],[9,-41],[59,-12],[128,196],[54,-71],[-21,-77]],[[180045,132329],[-49,-56],[-18,10],[-20,45],[16,18],[4,64],[50,51],[22,-20],[2,-38],[21,-18],[-15,-49],[-13,-7]],[[180202,133469],[-18,-46],[-28,17],[10,32],[36,-3]],[[185141,137985],[-22,-20],[-21,37],[16,12],[27,-29]],[[185087,138001],[-23,-33],[-13,44],[22,9],[14,-20]],[[184946,138567],[13,-45],[-26,2],[-13,21],[26,22]],[[185007,138861],[-5,-42],[-39,7],[3,11],[37,33],[4,-9]],[[185057,138977],[-34,-74],[-10,4],[3,14],[56,118],[28,36],[-20,36],[23,9],[-1,-32],[31,-13],[-41,-44],[-35,-54]],[[184988,139125],[44,-25],[26,3],[10,-36],[-34,12],[-22,-24],[-58,8],[-5,27],[5,15],[34,20]],[[185056,139147],[-24,-13],[-13,14],[4,22],[21,6],[12,-29]],[[185162,139144],[-45,-27],[-11,21],[38,17],[41,48],[11,-5],[-34,-54]],[[185162,139237],[-21,-10],[-11,18],[30,28],[17,-7],[-15,-29]],[[187082,139840],[-25,-14],[-24,23],[10,12],[31,-7],[8,-14]],[[187156,139862],[-12,-20],[-49,-1],[-5,7],[25,35],[28,-1],[13,-20]],[[186645,139902],[-22,-12],[-30,4],[8,16],[42,9],[2,-17]],[[186852,139931],[-6,-8],[-12,11],[11,17],[7,-20]],[[186915,139958],[10,-63],[-72,34],[24,28],[38,1]],[[186771,139956],[0,-37],[-39,12],[3,15],[36,10]],[[205059,171262],[64,-61],[27,-61],[184,-19],[119,-45],[19,-31],[148,-142],[151,-38],[50,-49],[27,-71],[82,-101],[74,-47],[71,-3],[65,-74],[97,23],[151,-51],[153,43]],[[206541,170535],[33,-104],[27,-181],[-96,-207],[54,-118],[41,-188],[-86,-104],[-18,-57],[187,-37],[169,74],[181,-3],[62,-35],[3,-69],[-99,-89],[-13,-46],[10,-69],[-60,-64],[13,-33],[38,-26],[-40,-49],[-181,-83],[-63,26],[-59,-90],[-106,-10],[-69,20],[-148,-127],[-19,-42],[71,-69],[-35,-36],[13,-72],[-27,-123],[-122,-58],[-14,-42],[-42,-23],[2,-39],[-34,-41],[-111,12],[-94,-85],[-78,-37],[2,-85],[-79,-133],[2,-81],[-40,-51],[-4,-42],[39,-91],[21,-106],[11,-134],[68,-153],[36,-116],[-5,-16],[-10,-28],[-83,-99],[-31,-175],[-41,-46],[32,-20],[26,-91],[-21,-58],[-25,-11],[10,-65],[-31,-36],[-6,-59],[-27,-21],[49,-52],[203,47],[45,-41],[14,-64],[64,-2],[76,-89],[-25,-52],[48,-50],[7,-44],[29,-53],[-127,-9],[-26,-75],[-53,-49],[-47,25],[-144,12],[-41,35],[-6,25],[61,70],[-31,69],[56,17],[-71,107],[-63,13],[-48,64],[-46,-54],[-61,-9],[-107,-105],[-89,-27],[-47,16],[-22,-54],[-44,6],[-27,-142],[-153,-250],[-117,-4],[-73,63],[-73,-47],[-118,-54],[-16,-63],[-52,-67],[79,-89],[36,-69],[46,-21],[-21,-29],[-30,-79],[-79,-31],[-43,-90],[-28,-1],[-16,-1],[-11,100],[-16,23],[-116,-46],[-142,-149],[-106,-196],[-138,-33],[-171,100],[-60,-5],[-46,38],[-120,-55],[-40,-56],[-154,-68],[-29,9],[-40,60],[-72,16],[-33,-58],[-77,0],[-42,-41],[-9,-32],[22,-49],[-30,-32],[-61,49],[-73,20],[-166,-58],[-38,21],[-90,6],[-48,27]],[[202638,164788],[-47,45],[-24,54],[35,90],[9,23],[-10,85],[-80,141],[-28,79],[-64,61],[-52,7],[-92,112],[-116,58],[-133,-4],[-76,58],[-69,17],[-36,38],[-74,-45],[-66,16],[-22,23],[-2,64],[-85,30],[-17,57],[-49,18],[-206,16],[-75,-141]],[[201259,165690],[-49,51],[-80,144],[-19,12],[-39,21],[-37,134],[-37,66],[28,99],[-16,18],[-33,39],[47,94],[25,50],[0,57],[-34,28],[-25,63],[20,56],[-14,56],[46,72],[38,6],[15,43],[46,23],[4,47],[27,22],[2,61],[-43,68],[-6,36],[-38,28],[2,58],[-12,24],[-49,34],[-40,-20],[-31,42],[-33,-10],[-6,41],[-65,48],[-88,65],[-22,-12],[5,-38],[-24,-4],[-58,92],[-43,36],[-43,134],[-182,-103],[-199,12],[-196,-36],[-106,-38],[-43,-77],[-43,-19],[-90,34],[-31,109],[-52,2],[-56,-40],[-67,4],[-119,29],[-52,40],[-15,7],[-14,2],[-46,-9],[-97,25],[-8,11],[-6,22],[-12,12],[-35,23],[-34,13],[-37,28],[-64,9],[-30,-1],[-30,18],[-13,3],[-43,-12],[-27,-30],[-11,-7],[-20,1],[-13,9],[-22,30],[-53,33],[-16,16],[-24,37],[-12,30],[-32,34],[-26,41],[-41,36],[-11,-21],[-24,-12],[-15,-19],[-20,-14],[-13,-24],[-20,-20],[-11,-23],[-37,-29],[-32,196],[-103,138],[3,146],[-36,186],[-210,388],[21,-646],[-49,-245],[-53,-95],[-15,-52],[-46,2],[28,45],[65,363],[11,377],[-63,425],[-79,212],[-76,299],[-19,267],[-42,211]],[[197717,169927],[31,13],[56,24],[29,12],[7,10],[8,5],[18,3],[35,-19],[22,9],[10,20],[25,112],[-23,102],[57,44],[71,140],[169,113],[56,132],[54,15],[7,13],[28,49],[47,32],[192,6],[138,164],[16,19],[72,-7],[140,86],[12,72],[32,40],[188,48],[98,3],[75,-50],[91,37],[67,-25],[113,58],[244,-15],[97,-41],[83,-29],[55,54],[12,12],[166,13],[107,56],[10,25],[-13,32],[38,50],[83,-16],[36,-69],[1,-51],[39,-63],[36,-28],[48,6],[40,-35],[106,106],[-17,85],[153,42],[44,36],[15,1],[105,10],[99,-55],[168,-20],[63,51],[61,48],[189,69],[21,-13],[-3,-84],[20,-35],[49,61],[316,28],[66,-72],[17,-48],[68,0],[60,-60],[43,14],[38,9],[134,113],[27,48],[47,5],[58,-47],[51,9],[91,-27],[166,110],[11,22],[-6,84],[43,70],[10,83],[74,31],[17,50],[7,19],[95,21],[47,56],[62,7],[0,64],[34,30],[50,-10],[2,-69],[122,-125],[48,-136],[143,-106],[70,-156],[41,-37],[121,-10],[90,57],[152,-83],[109,47],[155,1],[60,62],[105,-50],[117,49],[47,-59],[26,-91],[212,-51]],[[206371,175782],[28,49],[60,-10],[118,73],[70,11],[11,-39],[28,-30],[10,-121],[-14,-43],[3,-74],[234,-35],[53,-57],[112,-23],[58,-65],[59,3],[61,-35],[51,-131],[-15,-145],[23,-100],[-3,-58],[-89,-114],[17,-35],[-14,-26],[45,-24],[-2,-210],[65,-15],[8,-21],[9,-189],[-68,-78],[15,-173],[43,-2],[58,64],[162,105],[30,-11],[83,-108],[88,27],[16,-41],[-23,-44],[-1,-64],[-30,-44],[11,-46],[124,-86],[72,-71],[46,-111],[76,-101],[146,-17],[15,-49],[-32,-51],[4,-59],[43,-20],[45,-64],[102,-89],[19,-101],[-1,-85],[58,-58],[116,-191],[-34,-125],[16,-57],[-9,-98],[-20,-36],[-46,-29],[-29,-72],[-66,-76],[-92,-29],[-62,-208],[-116,-78],[19,-40],[-17,-111],[-70,-43],[-101,-149],[-18,-118],[43,-129],[-5,-160],[-264,-48],[-124,18],[-115,-95],[-47,10],[-158,101],[-68,-3],[-46,-69],[-108,-34],[-51,-48],[-70,-110],[-34,-199],[-83,-70],[-28,-53],[-55,-5],[-65,37],[-69,-6],[-41,-83]],[[197717,169927],[-186,382],[-40,231],[-41,136],[-7,311],[-44,158],[27,336],[0,175],[-7,43],[-54,309],[12,49],[68,86],[169,170],[156,260],[29,120],[0,96],[-58,263],[-35,322],[91,220],[20,120],[66,55],[30,97],[54,167],[19,143],[32,52],[148,78],[33,18],[213,52],[205,146],[125,94],[376,282],[117,56],[-9,-121],[11,-93],[13,-36],[21,-60],[56,-95],[137,-125],[70,-31],[143,-65],[156,-132],[87,-85],[149,-72],[153,-24],[57,-124],[71,-132],[23,-86],[118,-173],[32,-141],[45,-56],[107,-59],[41,-22],[225,-12],[88,-98],[105,-36],[53,-13],[44,2],[66,18],[79,31],[71,36],[93,56],[76,58],[12,3],[78,112],[20,74],[134,88],[101,112],[162,249],[63,164],[-3,98],[-138,457],[-43,159],[-40,85],[-21,102],[5,111],[-62,126],[-46,92],[-43,223],[-38,91],[-7,160]],[[200056,130272],[-154,100],[-315,127],[-45,75],[-35,168],[-128,108],[-25,85],[-56,49],[-93,24],[-113,114],[-97,62],[-101,143],[-74,15],[-150,-25],[-124,100],[-92,148],[-133,-32],[-132,113],[36,36],[183,-33],[65,10],[12,32],[-33,112],[71,10],[61,-33],[-19,98],[-88,5],[-70,35],[-21,-30],[21,-54],[-24,-54],[-107,-59],[-171,14],[-13,-30],[26,-54]],[[197898,132004],[122,93],[90,-1],[4,37],[-54,85],[86,72],[-56,90],[24,103],[-140,36],[-54,46],[-9,20],[-55,124],[28,54],[-4,68],[35,37],[23,69],[-61,105],[-7,126],[95,159],[168,21],[71,33],[-12,139],[-34,171],[22,148],[73,91],[-37,68],[88,87],[197,127],[-6,74],[149,35],[85,-68],[9,-98],[114,-93],[27,22],[35,100],[61,70],[9,11],[-14,28],[-11,24],[-70,67],[-13,75],[-38,36],[-9,22],[-22,50],[-110,40],[-22,91],[-66,15],[-7,36],[98,63],[45,78],[93,-58],[26,-66],[49,25],[156,83],[139,-2]],[[199208,134872],[22,-129],[139,-80],[83,-14],[49,-50],[199,-62],[63,-111],[136,-80],[15,-84],[42,-71],[144,-42],[86,-106],[90,-37],[158,-1],[51,-82],[93,-33],[27,-39],[62,35],[96,-35],[93,52],[70,-129],[167,-118],[120,-93],[59,55],[197,-90],[226,-64],[51,-205]],[[201746,133259],[-99,-12],[-71,-55],[-5,-132],[-74,-68],[-175,4],[-110,28],[-106,-50],[-11,-77],[43,-83],[164,-117],[-43,-111],[26,-96],[-9,-72]],[[202590,130699],[61,-40],[70,50],[69,-29],[79,27],[79,161],[-41,64],[8,49],[-41,63],[-13,102],[14,89],[44,77],[82,31],[37,39],[83,11],[95,118],[171,79],[135,157],[132,-10],[122,-147],[9,-64],[28,-32],[53,-4],[136,61],[-36,81],[36,187],[99,136],[112,-16],[-25,60],[27,59],[118,-1],[49,-72],[117,76]],[[204499,132061],[241,-40],[50,78],[91,23],[33,91],[47,16],[42,81],[126,-38],[48,29],[8,77],[21,16],[24,-11],[163,-74],[82,11],[154,75],[44,-3],[41,70],[78,13],[52,80],[60,32],[32,-71],[135,-69]],[[190385,113138],[9,-19],[52,14],[41,-6],[-11,-56],[39,8],[37,27],[7,-28],[16,17],[28,-8],[45,-35],[29,4],[31,-19],[15,-41],[28,-6],[-4,-38],[24,-42],[16,7],[7,36],[47,-18],[70,-59],[0,-20],[-22,-22],[14,-29],[-18,-12],[-10,-28],[-21,26],[-13,-23],[-23,-1],[2,-24],[27,-8],[-16,-27],[-44,-7],[-38,12],[-62,4],[-39,19],[-13,-9],[-79,21],[-8,13],[-39,12],[-41,25],[-101,77],[-22,49],[-2,25],[27,2],[-20,32],[23,10],[-3,35],[-31,18],[24,34],[-12,40],[-38,7],[27,43],[42,6],[39,28],[17,-25],[-53,-41]],[[190139,113416],[84,-44],[5,10],[27,-22],[22,7],[63,-68],[-18,-14],[-65,-9],[-6,-14],[-77,-29],[-25,15],[-72,4],[-18,26],[-59,12],[10,28],[-4,42],[-16,10],[1,21],[62,21],[49,9],[37,-5]],[[190381,113237],[-44,-21],[-29,33],[42,13],[31,-25]],[[141431,120570],[-154,36],[-218,-22],[-574,-243],[-39,25],[-36,-30],[-84,11],[-19,-36],[-66,0],[-14,-37],[-157,110],[-222,240],[-173,115],[-156,27],[-103,-7],[-132,107],[-180,6],[-200,136],[-135,47],[-124,-1],[-51,-68],[-129,35],[-372,-25],[-116,-75],[-66,71],[-44,7],[108,166],[152,162],[6,94],[42,20],[77,91],[37,59],[6,146],[106,102],[139,187],[68,233],[-11,204],[114,276],[-5,134],[73,187],[24,126],[-10,149],[-75,64],[-39,73],[154,192],[123,207],[92,222],[45,220],[8,148],[-19,164],[-109,247],[28,-1],[70,-106],[45,-147],[32,67],[48,-57],[180,-37],[-8,54],[-45,60],[4,186],[-7,105],[-104,-29],[20,-84],[-30,-29],[-79,23],[-139,101],[-386,-116],[-136,24],[-186,-19],[-35,16],[91,165],[35,119],[-8,205],[-35,198],[205,-2],[52,-127],[103,-63],[12,101],[53,11],[82,-50],[24,45],[40,21],[-27,29],[-82,11],[20,53],[184,59],[77,-9],[-7,31],[-3,92],[-15,44],[-9,17],[-16,26],[-69,-35],[-30,57],[-3,62],[45,88],[-8,24],[-90,-122],[-113,-91],[-79,-156],[-89,-57],[-159,0],[-148,41],[-106,-15],[-136,87],[-81,8],[-80,45],[-14,40],[27,87],[-10,112],[240,348],[95,335],[22,79],[213,275],[69,180],[-9,207],[-52,82],[34,8],[60,-31],[145,42],[161,86],[156,134],[67,13],[186,187],[16,88],[163,299],[497,745],[120,225],[-10,77],[-44,66],[4,35],[209,332],[252,490],[103,204],[26,-14],[24,27],[17,53],[-26,16],[12,70],[395,778],[51,150],[25,331],[-52,192],[27,359],[-40,254],[58,150],[3,21],[-13,67],[14,29],[-2,37],[10,42],[4,77],[-3,49],[6,46],[-1,28],[2,80],[2,94],[-33,59],[-20,170],[60,158],[3,79],[48,92]],[[103675,136513],[69,-100],[12,-77],[-6,-61],[19,-4],[-2,-23],[66,-59],[27,-5],[64,-89],[12,5],[37,-27],[78,-14],[43,8],[29,16],[29,-3],[-4,-33],[12,-36],[58,-36],[28,11],[-1,-24],[42,-14],[38,7],[17,-14],[130,-3],[35,18],[11,-30],[20,-17],[76,-17],[28,-39],[91,-31],[54,-34],[34,-38],[-2,-82],[-16,-42],[-33,-27],[-6,-36],[-46,-47],[-61,-20],[-44,18],[-27,-4],[-79,75],[-62,19],[-99,-4],[-64,29],[-46,-8],[-36,27],[-81,40],[-32,3],[-21,23],[-25,5],[-27,28],[-42,-6],[-21,6],[-6,31],[-24,12],[-40,104],[-34,11],[-44,34],[-16,24],[-24,14],[-25,-5],[-56,14],[-31,-2],[-35,25],[-25,55],[-76,147],[-8,51],[-40,57],[-3,23],[-25,50],[4,66],[7,27],[33,23],[52,11],[25,33],[34,-26],[50,15],[31,-28]],[[116904,115313],[87,-53],[73,-8],[53,4],[27,10],[15,-15],[108,-25],[69,-10],[41,-42],[38,-73],[0,-29],[39,-46],[17,-58],[49,-34],[21,-1],[18,-27],[74,-36],[15,-24],[88,-30],[-20,-21],[-48,24],[-52,-3],[-56,-33],[0,-20],[-41,-36],[-42,-1],[-27,-19],[-20,-29],[-37,-24],[-46,-13],[-60,16],[-65,42],[-35,14],[-58,-7],[-40,3],[-14,26],[-65,55],[-75,35],[-25,30],[-63,48],[-41,46],[-39,11],[-63,95],[-83,90],[-48,58],[-4,29],[-35,77],[4,95],[-20,47],[45,16],[160,72],[56,-26],[25,-71],[37,-71],[43,-22],[20,-36]],[[99390,140912],[32,-41],[62,-97],[19,-45],[4,-49],[25,-15],[17,-34],[49,-28],[4,-38],[45,-65],[4,-42],[31,-38],[46,-28],[15,-23],[72,-52],[64,-52],[2,-20],[25,-41],[-12,-47],[-137,41],[-46,44],[-104,67],[-52,-15],[-92,13],[-25,40],[15,34],[-12,29],[-34,24],[-39,16],[-82,61],[-26,6],[-72,90],[-41,2],[-32,16],[-19,47],[-44,54],[-32,57],[4,35],[-8,73],[27,64],[41,49],[58,18],[89,-12],[43,-40],[78,-27],[38,-31]],[[101847,140326],[39,-58],[24,-5],[15,11],[18,-20],[37,-23],[65,-75],[20,-15],[55,-20],[42,-85],[5,-24],[-11,-40],[16,-36],[-40,-3],[-16,-38],[28,-7],[-15,-54],[-49,-33],[-44,0],[-18,-36],[-24,-25],[-29,26],[-84,37],[-54,61],[-45,16],[-24,19],[-27,5],[-6,-22],[-23,18],[14,28],[-33,22],[-56,18],[-19,24],[-23,47],[-59,94],[-9,75],[15,72],[14,35],[72,61],[72,6],[38,-8],[119,-48]],[[100099,140943],[54,-77],[31,-10],[3,-26],[37,-23],[46,-80],[12,-42],[21,-16],[3,-20],[31,-48],[17,-9],[7,-41],[53,-57],[82,-135],[40,-40],[25,-41],[28,-72],[-48,-9],[-111,52],[-47,67],[-7,26],[-60,84],[-39,86],[-41,46],[-26,7],[-36,40],[-37,27],[-25,65],[-19,35],[-68,59],[-81,126],[-41,55],[-5,46],[-17,0],[-22,23],[16,22],[-13,9],[6,33],[-52,74],[-25,74],[-17,73],[48,-35],[37,-42],[44,-70],[99,-119],[37,-40],[38,-64],[22,-13]],[[99017,141296],[20,-72],[-30,-20],[-9,-32],[-16,-6],[-19,-57],[-31,11],[-19,-14],[-7,-42],[-23,9],[16,14],[-140,64],[-46,18],[-49,45],[12,19],[18,81],[-7,24],[-30,17],[-41,73],[-14,70],[69,-7],[73,-33],[20,-18],[42,9],[41,24],[35,5],[46,-40],[29,-43],[22,-62],[38,-37]],[[95399,146446],[-9,-43],[20,-46],[52,-29],[-19,-69],[7,-44],[14,-11],[-21,-34],[-47,-14],[-3,-29],[-29,-4],[-15,-33],[-31,-17],[-16,-21],[-44,-9],[-34,13],[-44,37],[-28,2],[-25,32],[12,67],[17,4],[9,75],[23,22],[5,42],[33,17],[38,64],[63,22],[17,31],[37,-24],[18,-1]],[[104010,133552],[19,-28],[27,3],[16,-18],[-9,-35],[-18,-21],[42,-104],[-13,-29],[-1,-32],[-17,-26],[-23,18],[-37,9],[-45,25],[-24,73],[-39,26],[-68,-1],[-9,21],[-25,-4],[-13,22],[10,70],[-2,50],[21,26],[42,6],[34,-8],[21,-28],[23,4],[10,-16],[31,9],[47,-12]],[[100754,141868],[17,-33],[22,-11],[3,-130],[12,-35],[-8,-54],[-20,-15],[-35,6],[-46,39],[-13,44],[-49,27],[-8,35],[5,59],[-11,52],[47,20],[31,26],[53,-30]],[[118687,115293],[-25,7],[-15,37],[79,85],[133,30],[48,-38],[-8,-61],[-19,-27],[-79,13],[-114,-46]],[[95837,146712],[-67,-13],[-18,18],[21,12],[9,70],[48,44],[31,-17],[18,-32],[-6,-38],[-36,-44]],[[117995,113964],[-13,-9],[-12,39],[3,35],[-15,72],[-28,37],[15,47],[-5,19],[13,17],[5,-33],[16,-30],[1,-39],[20,-66],[0,-89]],[[140392,120289],[-62,-17],[-7,8],[42,31],[28,-6],[-1,-16]],[[117638,107276],[-12,-23],[-37,18],[18,29],[22,-3],[9,-21]],[[118662,115254],[-24,-23],[-30,20],[45,26],[9,-23]],[[140442,120324],[-18,-39],[-31,19],[21,23],[28,-3]],[[117967,113812],[-22,-16],[1,64],[23,-2],[-2,-46]],[[140292,120232],[-38,2],[-4,17],[31,24],[11,-43]],[[117985,113729],[-17,-11],[-25,56],[35,-10],[7,-35]],[[138275,127743],[-42,-26],[-13,9],[26,35],[29,-18]],[[117783,114782],[-27,-17],[-15,49],[38,-10],[4,-22]],[[213086,148838],[64,-27],[150,-194],[120,-11],[53,-32],[88,-220],[62,-74],[20,-78],[179,-42],[81,5],[51,-53],[37,-72],[91,-93],[59,-140],[64,-13],[25,-39],[58,-21],[63,-55],[152,-67],[166,-15],[-2,-44],[97,-65],[69,-137],[-2,-67],[45,-45],[33,-114],[51,-76],[92,-50],[42,-107],[66,-59],[20,-44],[11,-26],[55,-31],[64,-154],[-19,-117],[24,-52],[-12,-48],[21,-25],[-11,-73],[32,-16],[16,-41],[35,-12],[12,-59],[37,-38],[-2,-40],[-30,-34],[20,-47],[-25,-20],[-34,-117],[15,-29],[-7,-29],[33,-20],[4,-26],[-26,-65],[-70,-46],[0,-54],[17,-20],[-45,-60],[48,-103],[40,-17],[14,-65],[-14,-50],[20,-48],[-12,-64],[0,-73],[-21,-33],[33,-57],[-8,-74],[14,-53],[113,-207],[7,-83],[39,-43],[-26,-58],[25,-103],[46,-82],[62,-12],[0,-49],[49,-62],[48,-161],[21,-92],[-36,-57],[-58,-20],[-27,-56],[75,-66],[65,-14],[41,-64],[16,-94],[69,-68],[51,-12],[101,-9],[45,-23],[18,-30],[26,-92],[132,-151],[33,-25],[191,-39],[92,-8],[173,-45],[143,22],[134,-19],[34,5],[56,39],[62,27],[16,19],[1,16],[-11,20],[-54,11],[-38,44],[8,21],[61,28],[13,29],[-3,27],[-51,20],[2,16],[18,19],[43,13],[60,-31],[62,7],[95,-57],[37,-7],[22,6],[16,24],[-22,61],[17,58],[46,25],[76,89],[39,21],[36,41],[42,17],[101,81],[17,21],[13,39],[44,31],[41,52],[15,8],[63,-5],[18,7],[21,20],[20,38],[20,14],[57,-15],[76,19],[60,30],[33,-16],[67,-11],[164,-5],[96,-38],[139,-97],[51,-71],[40,-88],[1,-18],[-16,-30],[3,-34],[35,-60],[25,-24],[-84,-38],[58,-103],[105,15],[-38,-107],[-9,-95],[83,-567],[5,-92],[-19,-78],[-630,-272],[-135,-79],[-156,-137],[-131,-235],[-67,-177],[-117,-429],[-154,-337],[-25,-106],[-86,-99],[-9,-54],[28,-154],[86,-103],[30,-72],[-6,-54],[23,-67],[-10,-67],[17,-34],[24,29],[17,-27],[-37,-64],[14,-29],[90,-192],[-24,-116],[5,-86],[-21,-103],[13,-86],[-16,-58],[1,-109],[36,-162]],[[205877,137778],[2,106],[-21,62],[-54,30],[-202,24],[-83,78],[-58,103],[-25,92],[-63,51],[-36,75],[23,35],[94,-1],[52,35],[10,128],[2,21],[48,54],[74,4],[98,-41],[43,-19],[54,35],[2,1],[0,1],[59,39],[-15,64],[-71,58],[-36,30],[-91,35],[-108,-15],[-92,38],[-212,166],[-92,-14],[-80,-100],[-101,-29],[-38,-46],[-56,-113],[-86,-285],[-37,-126],[-68,-49],[-119,51],[-56,68],[-13,8],[-57,37],[-66,146],[-9,7],[-51,73],[-154,18],[-189,-15],[-17,-2],[-55,21],[-123,-42],[-82,15],[-100,-23],[-43,35],[-27,122],[-68,94],[-100,22],[-260,-27],[-32,20],[-38,67],[-44,23],[-9,79],[23,49],[213,40],[137,90],[-47,101],[-231,56],[-155,129],[161,85],[-6,52],[42,93],[-14,73],[82,74],[-22,71],[-47,19],[-41,47],[-76,16],[-81,51],[-91,-18],[-125,28],[-49,-31],[-114,40],[-106,176],[-33,-3],[-32,-48],[-77,-34],[-78,43],[-18,32],[-79,-27],[-31,44],[-148,105],[-46,66],[-95,35],[-5,52],[-35,42],[-176,34],[-9,38],[95,114],[-61,104],[-27,22],[-40,-7],[-17,46],[47,163],[-18,117],[-11,99],[20,59],[-7,52],[-63,12],[-22,-79],[-116,-33],[-30,19],[-40,90],[-38,-2],[-31,104],[-83,64],[-70,26],[-40,89],[-17,-8],[-82,-36],[-97,154],[-65,30],[-84,-16],[-102,65],[-35,107],[-11,35],[-154,126],[-26,68]],[[204578,148116],[81,51],[-25,71],[-31,33],[5,27],[170,-40],[132,68],[17,78],[-11,27],[11,125],[80,100],[60,-49],[75,1],[48,26],[55,-61],[-7,-47],[22,-25],[62,-13],[20,-4],[18,-37],[154,-62],[163,-33],[45,146],[73,-22],[48,12],[42,11],[105,-39],[169,59],[105,-20],[109,-112],[132,64],[33,49],[91,23],[54,-29],[61,9],[75,-53],[33,-23],[146,24],[70,-33],[163,101],[48,-9],[38,24],[5,13],[27,77],[64,58],[144,-13],[114,61],[61,-39],[49,3],[30,-50],[70,-62],[21,-72],[37,-40],[40,-21],[20,-10],[110,6],[99,-27],[56,-93],[78,-66],[43,-65],[107,26],[166,30],[26,45],[96,55],[20,65],[62,73],[12,85],[48,108],[4,89],[74,25],[63,68],[214,83],[352,136],[268,34],[96,91],[116,20],[38,48],[66,1],[180,83],[79,-7],[157,95],[13,151],[85,108],[16,136],[43,94],[2,74],[154,68],[69,75],[128,21],[41,34],[21,60],[55,16],[18,53],[341,40],[206,-115],[55,11],[31,-57],[46,-26],[15,-48],[103,0],[59,-115],[132,-109],[19,-50],[114,-47],[12,-65],[47,-51],[-1,-50],[-2,-18],[84,-45],[56,-121],[62,-34],[-17,-38],[33,-58],[118,-116],[19,-54],[-48,-31],[60,-84],[115,-119],[153,-99]],[[218994,142258],[-34,-35],[-9,6],[10,31],[29,12],[4,-14]],[[218942,142208],[-38,-12],[-15,7],[5,15],[47,8],[1,-18]],[[204499,132061],[-11,42],[-62,82],[-37,-3],[-39,38],[1,105],[76,13],[24,46],[72,14],[31,91],[-49,114],[135,192],[-20,72],[85,61],[-26,89],[-6,20],[26,37],[0,55],[52,65],[-87,123],[-144,-60],[-34,-58],[-60,67],[-91,6],[-14,55],[-61,20],[-57,-34],[-112,38],[-178,-22],[-13,27],[13,21],[16,25],[-9,71],[19,37],[5,177],[-144,-20],[-59,59],[-35,8],[-98,-25],[-97,131],[-5,90],[-30,75],[-61,24],[-33,-54],[-26,-2],[-49,81],[-38,134],[-25,60],[-57,6],[-50,39],[-64,-68],[-109,53],[-87,-38],[-82,44],[-183,59],[18,40],[-15,38],[64,14],[0,29],[-60,76],[-83,61],[-109,-90],[-67,-9],[-88,-110],[-163,-39],[47,-90],[85,-33],[25,-47],[55,-41],[19,-89],[-50,-43],[24,-98],[-53,-88],[-100,0],[-45,-105],[-17,-39],[-51,12],[-44,-51],[-15,-75],[109,-119],[-93,-59],[-82,-98],[-73,18],[-78,-37],[-26,-12]],[[199208,134872],[43,27],[-7,136],[17,74],[34,-31],[99,-6],[89,49],[85,-74],[160,28],[23,27],[-32,114],[35,27],[24,88],[-45,126],[-143,146],[-135,79],[-13,15],[-309,357],[-52,122],[23,33],[295,-96],[258,18],[72,73],[27,57],[82,65],[-6,75],[-44,43],[-15,-2],[-40,-29],[-31,20],[-131,83],[-54,59],[-5,65],[-77,-39],[-74,86],[-94,36],[-17,63],[-93,156],[-78,2],[-72,-34],[-74,52],[-95,-2],[-61,66],[-80,164],[7,53],[56,85],[-61,240],[50,45],[26,23],[15,13],[9,95],[36,40],[21,95],[52,60],[69,160],[3,111],[28,49],[-33,56],[12,34],[-24,21],[20,83],[51,42],[-11,55],[22,66],[-24,36],[-112,48],[-99,-4],[-69,-44],[-48,48],[-34,1],[-181,-168],[-15,-14],[-88,-34]],[[196719,197334],[-124,-35],[-128,-118],[-82,19],[-58,-38],[-128,101],[-55,-82],[-52,-37],[-120,24],[-44,29],[-5,-12],[15,-29],[-3,-64],[-12,9],[-4,47],[-12,6],[3,-105],[-12,-33],[-37,20],[-66,85],[-52,-28],[-82,11],[-8,-25],[13,-42],[79,-72],[22,-65],[-33,-19],[-65,34],[-46,-14],[-42,-76],[-89,95],[-69,7],[-173,80],[-99,113],[-158,96],[-11,-22],[39,-71],[48,-126],[6,-66],[-13,-49],[-86,62],[-99,-42],[-40,80],[-54,56],[-108,7],[-11,-47],[9,-105],[-8,-100],[67,-218],[-22,-27],[-61,24],[-13,-64],[20,-38],[33,24],[63,-50],[17,-67],[43,-2],[3,-22],[-32,-21],[37,-58],[13,-41],[-81,-13],[-19,-37],[96,-86],[-61,-18],[-37,-40],[-75,71],[-51,102],[-37,17],[-4,-24],[22,-76],[-39,-54],[12,-33],[-8,-24],[-23,-26],[-29,63],[-52,-32],[-44,19],[-32,-16],[-30,24],[-61,-8],[7,-23],[60,-34],[110,-130],[-13,-44],[-58,-7],[-22,-65],[-61,-36],[-34,-54],[-9,-54],[-119,36],[-58,57],[-80,1],[-11,-28],[48,-104],[-87,54],[-60,-53],[11,-51],[51,-42],[95,-3],[72,-60],[45,5],[-4,-142],[34,-75],[-90,20],[-61,-59],[11,-54],[47,-115],[-25,-104],[31,-148],[-90,-36],[33,-60],[64,18],[1,-37],[-134,-54],[-36,-82],[3,-69],[-120,-76],[2,-84],[-21,-65],[5,-53],[-30,-37],[-14,-103],[-70,9],[-69,70],[-26,-28],[22,-62],[100,-69],[9,-37],[154,6],[55,-29],[13,-40],[-42,-53],[65,-103],[-1,-51],[-109,47],[-11,-22],[90,-111],[53,-96],[94,-49],[20,36],[34,6],[77,-70],[43,18],[39,-68],[66,-35],[2,-26],[-33,-19],[-73,52],[-26,-41],[10,-27],[49,-26],[44,-126],[28,-3],[27,43],[56,22],[37,-67],[-82,-112],[-44,-146],[-43,-39],[-17,-59],[-35,-37],[-7,-48],[-77,-38],[-50,11],[-10,-31],[-91,-271],[-62,20],[-25,-69],[-17,-45],[-51,-61],[-11,-70],[9,-125],[-3,-16],[-23,-119],[3,-121],[-81,-165],[-29,-188],[-40,-69],[-51,-34],[28,-94],[-57,-39],[-37,20],[-32,-25],[-8,-63],[7,-77],[-30,14],[-43,117],[-31,33],[-41,-172],[-6,-123],[-24,-55],[-46,6],[-18,87],[-52,53],[-9,-47],[17,-115],[-16,-71],[-33,3],[-33,60],[-44,-97],[-216,-24],[-31,-126],[-108,-55],[-148,-240],[-7,-41],[26,-66],[6,-53],[-77,-94],[-29,-6],[-30,25],[-109,189],[-150,101],[-18,-25],[5,-85],[68,-92],[9,-67],[31,-57],[0,-60],[-51,20],[-42,47],[-37,2],[-67,72],[-12,-66],[-71,21],[-17,-106],[1,-261],[-97,-64],[-45,-186],[-64,-31],[28,-69],[-16,-44],[-121,9],[-41,78],[-68,72],[-76,-46],[-79,9],[11,-33],[138,-98],[-69,-92],[-69,16],[-32,88],[-41,14],[24,-158],[-91,-19],[-37,-111],[-54,2],[-11,-124],[-41,-132],[-96,4],[-20,-59],[-49,-9],[-35,-50],[-5,-45],[25,-21],[185,37],[84,-43],[-18,-49],[-93,-28],[11,-30],[49,-21],[16,-29],[-49,-156],[-38,-48],[-67,-16],[-81,86],[-48,-3],[-24,-33],[-4,-42],[17,-41],[40,-23],[-3,-49],[-37,-44],[-54,-10],[-46,-57],[-49,-13],[-107,62],[49,55],[-20,34],[-101,-68],[-27,3],[-39,68],[-49,173],[-118,122],[-51,116],[-27,2],[-28,-37],[-4,-26],[16,-31],[205,-218],[17,-171],[105,-175],[52,-191],[-12,-53],[-55,-25],[24,-83],[3,-117],[-40,-226],[-59,-57],[-122,-2],[-35,-48],[1,-64],[45,-89],[5,-38],[-233,106],[-111,129],[-146,-97],[6,-37],[53,-107],[2,-55],[-22,-62],[50,-149],[68,-20],[92,-148],[201,-71],[-13,-45],[-63,-56],[-22,12],[-18,45],[-35,-7],[-1,-35],[24,-74],[-32,-115],[-28,-176],[8,-92],[-8,-111],[-43,-56],[-45,-133],[-1,-72],[15,-91],[-15,-81],[32,-71],[62,-48],[-1,-101],[28,-97],[83,-14],[68,-60],[7,-136],[-64,-68],[-155,171],[-23,-86],[-116,125],[-139,-13],[3,-17],[116,-58],[26,-52],[-25,-61],[-92,-40],[9,-24],[47,0],[15,-27],[-68,-34],[-25,-71],[26,-56],[2,-65],[52,-121],[14,-95],[46,-65],[-90,-65],[2,-53],[36,-62],[92,-66],[46,-75],[-5,-29],[-9,-45],[-35,-44],[24,-93],[-17,-93],[57,-324],[4,-146],[36,-101],[-16,-132],[39,-78],[143,-107],[-4,-159],[28,-58],[49,25],[26,-27],[-35,-36],[26,-92],[-79,-175],[95,-64],[81,-19],[72,-12],[34,-35],[139,80],[150,-72],[3,-21],[-43,-67],[-22,-35],[52,-61],[11,-57],[47,-47],[23,-24],[30,68],[24,-61],[15,-6],[-3,102],[48,54],[15,17],[141,91],[59,39],[65,-14],[8,-10],[38,-64],[19,-91],[-7,-76],[92,-42],[110,-168],[110,-87],[92,-30],[-4,-104],[92,62],[104,-46],[75,3],[94,-111],[63,-20],[10,-19],[14,-27],[68,-38],[8,-57],[-74,-36],[7,-57],[-20,-27],[-11,-62],[-38,43],[-7,71],[-42,36],[5,-48],[-22,-37],[4,-31],[103,-88],[48,-12],[50,-68],[21,49],[31,21],[152,-33],[64,-40],[69,20],[58,-143],[23,-48],[130,-257],[204,-143],[29,-20],[11,-95],[-29,-36],[-127,136],[-28,30],[-35,9],[17,-45],[102,-158],[12,-110],[95,-30],[30,-47],[-8,-58],[-28,-32],[-156,-39],[-92,-66],[125,-59],[52,-51],[4,-29],[-50,-39],[-43,-103],[-34,7],[-11,46],[-69,-60],[-4,19],[83,180],[-110,62],[-64,-29],[-34,-46],[-6,-101],[-41,-85],[-204,-205],[-159,-194],[-110,-64],[-2,-25],[43,-28],[-43,-100],[-154,-5],[-21,-1],[-69,101],[-44,-59],[-13,-113],[105,-119],[13,25],[-76,91],[9,45],[102,-26],[44,-11],[42,-59],[164,35],[131,-46],[8,41],[-31,85],[-58,-28],[-42,55],[6,35],[49,23],[38,53],[191,-131],[51,16],[85,-205],[46,-61],[-100,-109],[5,-43],[-24,27],[-79,-60],[-231,119],[-63,89],[-34,4],[-9,-48],[14,-101],[127,-111],[22,-69],[6,-19],[58,-66],[-15,-46],[-130,-74],[-41,-91],[-66,-25],[-17,60],[-21,7],[-30,-27],[-204,-181],[-31,-49],[-20,-104],[11,-24],[35,-1],[2,-70],[-55,-38],[-43,-153],[-33,-30],[13,-118],[-30,13],[-47,83],[-19,-2],[-1,-39],[26,-96],[-17,-50],[-52,24],[-13,235],[-21,16],[-20,-57],[-30,38],[-51,85],[-1,165],[-25,146],[11,112],[4,31],[-29,13],[-10,-47],[-12,-58],[-40,-15],[-19,37],[-2,28],[-7,88],[-50,114],[-2,-27],[27,-89],[6,-20],[-21,-27],[-36,-48],[-11,-15],[16,-71],[-7,-90],[24,-70],[19,34],[0,28],[-20,33],[14,103],[14,-15],[44,-48],[42,-142],[22,-36],[-19,-63],[3,-54],[18,-39],[-40,-31],[-42,22],[-24,83],[-20,24],[-78,-37],[48,-77],[28,-46],[14,-69],[-35,17],[-51,-22],[17,-70],[-6,-27],[-50,22],[-58,24],[12,-70],[-22,-80],[13,-57],[-114,-21],[-14,-108],[-88,-9],[-19,-55],[-44,-30],[-98,17],[-87,-23],[-39,36],[-47,43],[-26,-54],[39,-35],[-6,-84],[55,-7],[28,-4],[-6,-25],[-14,-50],[-44,-21],[-101,38],[-78,-7],[-6,-16],[80,-33],[7,-48],[-29,-39],[-95,-37],[-263,10],[-103,6],[-592,37],[-40,-17],[5,-52],[-13,-37],[30,-36],[39,-9],[99,47],[80,-73],[58,105],[115,-19],[70,24],[157,-42],[28,-7],[100,-3],[22,-19],[24,-70],[70,-47],[117,-131],[12,-14],[-124,-144],[-49,-13],[-192,-62],[125,-143],[68,-35],[5,-33],[-30,-44],[59,-32],[14,-6],[11,-55],[-15,-33],[-36,-73],[48,-46],[28,-28],[54,-111],[-15,-218],[-32,5],[-66,2],[71,-127],[-38,-31],[-1,-106],[-42,-39],[-61,13],[-10,-43],[23,-35],[54,-20],[65,49],[39,-8],[7,-2],[0,-62],[0,-239],[-74,-11],[-39,32],[-69,-46],[-59,83],[-30,96],[-131,106],[-9,-12],[14,-33],[86,-87],[12,-79],[-90,-25],[-18,-34],[96,-130],[187,-168],[25,-93],[53,-78],[-2,-61],[-39,-41],[-80,11],[72,-366],[73,-92],[10,-114],[33,-58],[-88,-190],[-86,-51],[-15,-127],[-91,-130],[10,-111],[-22,-110],[3,-52],[70,-140],[84,-102],[21,-94],[-78,-42],[-49,-121],[-27,-26],[24,-171],[-34,-375],[-43,-151],[0,-201],[-43,-65],[-72,-16],[-54,-82],[-27,-223],[-134,-323],[-30,-210],[-35,-96],[2,-190],[-264,-481],[-77,51],[2,133],[-80,-31],[-104,63],[-65,-14],[-34,20],[-67,-40],[3,74],[-13,14],[-167,-124],[-40,-53],[-24,5],[-9,64],[-32,7],[-14,-43],[-23,1],[-61,-74],[-52,14],[-12,69],[-39,26],[-165,-76],[-134,14],[-84,47],[-36,-47],[-55,-3],[-101,-4],[-95,-49],[-236,11],[-21,-32],[8,-54],[139,-243],[-10,-53],[-49,-42],[-149,-8],[-111,104],[-26,48],[-34,-61],[-74,-28],[-21,-63],[-71,-98],[-65,-41],[-43,-28],[-26,-100],[-82,-94],[-20,-60],[-36,-110],[-23,-167],[12,-142],[24,-25],[89,-96],[38,-131],[76,-104],[46,-109],[-19,-105],[-137,-196],[-65,-136],[-63,-39],[-158,3],[-143,94],[-88,31],[-141,-38],[-187,2],[-117,-36],[-86,-79],[-156,-31],[-214,-124],[-122,11],[-194,61],[-138,0],[-162,63],[-229,-29],[10,68],[28,37],[85,-36],[59,34],[25,97],[-86,176],[-15,124],[42,76],[168,143],[19,75],[-10,38],[-50,61],[-32,38],[-138,80],[11,116],[-36,113],[-60,60],[-86,22],[-22,82],[-100,239],[-73,91],[-65,149],[-155,211],[-75,251],[-71,131],[52,15],[171,-76],[117,-94],[134,2],[48,68],[2,72],[-64,62],[-23,22],[-77,150],[-136,84],[-17,88],[44,77],[80,47],[62,-8],[144,-73],[86,39],[42,130],[12,126],[-20,120],[-36,79],[-117,112],[-91,-27],[-79,23],[-150,227],[-50,177],[-38,75],[-131,129],[-143,68],[-71,59],[-51,216],[-101,127],[-101,207],[-10,108],[-51,71],[22,65],[-81,8],[-47,44],[-6,77],[58,67],[12,45],[-34,81],[-86,41],[38,103],[-30,148],[-32,38],[-21,-6],[-82,-252],[-96,46],[-41,153],[10,121],[21,64],[-25,104],[-2,72],[-22,147],[-87,37],[5,163],[-138,7],[-67,48],[13,69],[74,66],[19,60],[-90,47],[-64,102],[-19,66],[24,89],[78,83],[10,140],[58,122],[-3,196],[43,128],[32,167],[33,72],[-58,95],[-37,122],[39,103],[-187,-3],[-120,-170],[-115,-54],[-57,-91],[29,-12],[91,75],[70,29],[59,108],[56,11],[139,-178],[17,-156],[-30,-99],[-147,-93],[-116,42],[-32,-18],[-21,14],[-51,-73],[-73,-57],[-75,59],[-38,-7],[12,49],[-40,86],[-3,42],[45,102],[-41,42],[-1,53],[51,71],[71,18],[43,133],[131,216],[13,89],[-44,18],[-50,55],[-43,-264],[-84,-139],[-59,-41],[-54,117],[25,81],[-6,26],[-58,-9],[-31,50],[-165,-39],[-32,85],[3,76],[67,54],[35,92],[-36,56],[-59,92],[10,115],[35,63],[-37,196],[-41,-49],[-24,21],[33,49],[2,27],[-84,116],[-61,146],[3,49],[49,-49],[47,27],[21,58],[-35,28],[23,72],[-33,104],[-12,-9],[10,-88],[-47,-19],[-17,78],[-53,103],[11,32],[55,32],[-40,88],[22,89],[-27,37],[-2,40],[24,70],[59,85],[201,91],[55,-55],[137,-262]],[[193895,174475],[100,-109],[-2,-26],[-77,18],[-54,-154],[-47,3],[6,-152],[-61,-34],[-36,27],[-48,-15],[-58,33],[8,-204],[-28,-74],[-3,-51],[55,-58],[22,-116],[-10,-56],[-44,-81],[34,-65],[-3,-43],[36,-9],[7,-45],[28,-22],[66,-10],[50,20],[63,-62],[-43,-84],[-47,10],[-136,-106],[-60,-112],[-52,-56],[4,-61],[68,-47],[-1,-51],[-28,-24],[15,-37],[-179,-53],[-22,-26],[1,-42],[-205,-176],[-3,-32],[36,-41],[-60,-57],[-36,-90],[15,-116],[55,-61],[-107,-185],[-138,-85],[-87,-5],[-11,33],[63,166],[12,101],[98,88],[13,95],[-18,35],[-70,-74],[-39,2],[-7,161],[-3,18],[-88,56],[-51,220],[-81,68],[4,59],[69,87],[15,47],[0,161],[-109,150],[-12,115],[-33,107],[35,109],[63,92],[102,95],[76,134],[151,435],[133,86],[62,14],[41,138],[89,94],[43,16],[45,-44],[75,-197],[23,97],[28,45],[-4,90],[61,39],[186,-7],[45,-109]],[[190514,169515],[-101,-96],[-7,125],[-23,75],[-4,63],[-14,289],[-50,85],[-28,237],[36,212],[59,112],[44,229],[166,463],[32,31],[95,25],[28,163],[37,113],[11,19],[38,69],[24,120],[70,175],[16,115],[-13,105],[49,97],[16,201],[56,115],[55,60],[26,5],[43,-45],[34,2],[19,-73],[-63,-59],[-29,-68],[33,-129],[-2,-120],[-36,-71],[-89,-303],[-57,-62],[22,-67],[-48,-99],[19,-43],[-8,-125],[-28,-94],[0,-120],[-93,-136],[-6,-10],[-38,-220],[-40,-233],[-2,-111],[-73,-128],[-2,-86],[-67,-319],[-3,-120],[-24,-106],[-24,-78],[-56,-184]],[[182924,174249],[7,-51],[70,2],[38,-55],[-21,-27],[-23,-101],[-31,-13],[-9,41],[-17,1],[-21,-27],[-22,-99],[-162,-116],[-12,13],[7,36],[-44,67],[-18,8],[-1,14],[20,13],[-3,20],[-22,5],[4,19],[69,13],[2,21],[-61,5],[-24,33],[-14,-42],[-32,18],[19,61],[69,57],[14,7],[71,-22],[52,22],[47,84],[27,8],[21,-15]],[[194077,174845],[9,-46],[27,8],[11,33],[15,-9],[-5,-13],[36,-27],[13,-2],[91,41],[32,-12],[25,-44],[-65,-57],[-74,9],[-28,-13],[-8,-26],[-23,-7],[-20,-26],[-34,10],[-16,-28],[-15,-5],[-11,-23],[13,-26],[41,-33],[-1,-22],[-14,-13],[-16,-34],[2,-23],[-15,-13],[-5,-42],[-34,25],[-23,33],[-17,7],[-11,59],[-21,4],[-40,35],[4,51],[21,-3],[12,33],[20,4],[10,47],[-12,10],[-16,-7],[-3,24],[42,60],[44,2],[27,40],[32,19]],[[192135,181498],[30,-39],[8,34],[15,-7],[4,-32],[-16,-4],[-14,-33],[23,-90],[72,-101],[39,36],[60,-56],[-31,-41],[27,-25],[11,-37],[-51,1],[-14,-23],[-6,33],[-32,40],[-161,102],[-47,127],[-3,131],[-42,79],[29,34],[64,-42],[35,-87]],[[192737,179059],[56,-61],[164,76],[19,-13],[-18,-28],[-175,-70],[-99,-113],[12,-89],[-18,-24],[28,-52],[-6,-24],[-28,29],[-41,-7],[-46,73],[-7,12],[-19,68],[13,22],[83,135],[82,66]],[[190018,186929],[21,-10],[14,4],[27,-9],[32,1],[11,-7],[14,13],[28,-36],[15,-20],[-22,-15],[-3,-27],[38,-30],[26,-34],[10,-33],[5,-70],[11,-30],[-29,-15],[-27,-3],[-37,12],[-14,-29],[-21,-1],[-17,15],[-16,26],[-5,31],[4,38],[-2,37],[-14,39],[-5,31],[-19,45],[-15,18],[-7,9],[-16,30],[13,20]],[[190820,187794],[39,-33],[27,25],[39,-7],[14,-63],[-21,-49],[-20,-5],[-1,-12],[17,-30],[-29,-18],[-26,-35],[31,-43],[-20,-41],[-90,27],[-3,14],[14,25],[-44,50],[0,37],[20,86],[-10,42],[29,26],[34,4]],[[194035,190896],[-35,-84],[-18,24],[-20,-27],[-11,163],[-26,52],[-26,0],[-15,29],[-4,22],[29,76],[35,25],[28,-17],[23,-41],[14,-3],[-3,-19],[20,-36],[9,-164]],[[192578,177512],[-63,-12],[-33,34],[-1,21],[25,21],[-23,32],[29,40],[-8,35],[25,26],[101,97],[17,-15],[11,-67],[-18,-71],[-40,-39],[-22,-102]],[[190788,187277],[-60,-62],[-11,6],[10,27],[-36,114],[5,77],[23,27],[47,-5],[89,-70],[-9,-42],[-58,-72]],[[192518,177409],[-1,-38],[-59,-49],[-13,-17],[-22,0],[5,-33],[30,-5],[-1,-14],[-33,-8],[-18,-23],[-41,-9],[-15,4],[-4,-22],[-29,-13],[-16,18],[-16,19],[-18,-32],[18,-12],[3,-39],[-24,4],[-4,36],[-17,-30],[-7,41],[20,28],[2,56],[20,17],[7,-20],[7,4],[11,8],[20,-24],[13,27],[38,51],[41,15],[17,-6],[5,21],[12,-1],[51,40],[18,6]],[[194054,175791],[-39,-6],[-22,6],[-17,40],[-66,107],[28,10],[44,-7],[35,2],[57,-17],[64,-42],[-31,-65],[-11,-14],[-42,-14]],[[192294,177496],[-23,-9],[-4,-15],[-4,-45],[-20,47],[-15,-38],[-27,12],[5,-43],[-9,-9],[22,-44],[-37,-23],[-24,14],[-13,25],[-23,-13],[-11,-24],[-32,-32],[-7,23],[19,27],[-13,30],[33,24],[-1,53],[13,26],[53,-4],[7,15],[26,21],[22,2],[0,28],[29,-13],[3,-20],[33,-7],[-2,-8]],[[190434,175607],[20,-53],[55,20],[-4,-84],[-34,-23],[54,-62],[44,-25],[36,51],[4,-28],[-10,-35],[-38,-23],[-98,28],[-27,104],[-25,30],[-5,5],[-4,61],[2,2],[30,32]],[[195418,196837],[0,-12],[-30,0],[3,-13],[67,-54],[0,-17],[-26,5],[2,-35],[22,-35],[-25,-13],[-17,17],[-84,86],[-12,31],[4,52],[56,9],[12,2],[28,-23]],[[192708,180715],[6,-88],[-32,27],[-17,62],[-51,9],[-16,54],[4,64],[-24,26],[24,24],[44,-28],[77,-100],[-15,-50]],[[196275,197039],[38,-10],[14,37],[21,-21],[3,34],[14,-17],[0,-45],[-14,-10],[5,-28],[-18,-18],[2,-21],[-18,-22],[-25,15],[-42,0],[-18,28],[-7,42],[-11,31],[9,20],[21,-47],[16,9],[2,20],[-18,37],[6,17],[12,-13],[8,-38]],[[191484,188512],[-34,-40],[-12,24],[4,44],[-21,74],[18,103],[28,42],[28,3],[24,-36],[-28,-45],[-15,-137],[8,-32]],[[195078,196423],[11,-23],[-14,1],[1,-31],[17,2],[13,35],[32,-31],[-11,-28],[-29,-7],[9,-25],[-15,-43],[-40,18],[1,-17],[-31,13],[-16,15],[-8,25],[18,19],[30,-12],[11,9],[-8,14],[2,23],[-39,18],[-4,12],[25,45],[20,-6],[25,-26]],[[192899,178555],[-12,-19],[45,-39],[5,-36],[10,-23],[-5,-18],[-78,-63],[-6,12],[9,27],[-8,47],[-71,91],[3,8],[84,4],[-5,26],[22,23],[7,-40]],[[195212,196849],[42,-116],[-15,7],[-50,-8],[-30,13],[-14,29],[10,19],[-11,13],[2,31],[-13,31],[-4,27],[16,7],[16,-32],[28,1],[23,-22]],[[194731,195879],[9,-41],[-109,18],[-11,57],[14,7],[-3,14],[-17,11],[-3,15],[28,19],[55,-26],[1,-42],[36,-32]],[[191337,176533],[-24,-33],[-50,67],[7,35],[-29,21],[12,24],[33,4],[8,59],[24,-41],[48,-38],[9,-35],[-64,-11],[-2,-13],[28,-39]],[[189371,169072],[-7,-22],[-34,-1],[27,-62],[12,18],[-15,19],[13,20],[22,-19],[-5,-59],[-65,2],[-35,24],[-37,36],[27,71],[97,-27]],[[194944,195945],[-46,-50],[-53,-6],[-45,-15],[-5,7],[-5,29],[7,20],[-8,22],[38,-14],[6,-29],[28,1],[8,19],[0,33],[10,25],[26,-7],[15,-16],[25,0],[-1,-19]],[[193119,178669],[-38,-52],[-14,22],[7,25],[5,20],[-14,42],[65,90],[32,-41],[-12,-38],[-7,-34],[-24,-34]],[[182877,173734],[-16,-44],[-20,10],[1,-38],[-65,-65],[-33,34],[34,33],[-2,15],[-30,5],[11,35],[83,23],[37,-8]],[[193055,178343],[-41,-103],[-49,8],[-21,-30],[-15,15],[7,39],[11,4],[9,41],[49,46],[50,-20]],[[194394,195322],[13,-28],[-8,-19],[-19,7],[-1,16],[-14,8],[-15,-22],[-13,11],[-24,-5],[-46,26],[-7,59],[19,3],[29,-6],[39,-37],[47,-13]],[[190389,173978],[19,-12],[10,12],[21,-62],[21,2],[-4,18],[16,11],[-3,-45],[11,-21],[19,-11],[-6,-30],[-17,2],[-9,25],[-14,-45],[-14,7],[-8,-16],[-16,17],[7,25],[-49,34],[19,31],[-3,58]],[[192941,178036],[-6,-47],[-17,-2],[2,24],[-12,1],[-66,-60],[-6,6],[12,54],[10,14],[57,71],[78,5],[-52,-66]],[[190535,175197],[-28,-3],[-14,52],[2,86],[86,-42],[-5,-53],[-41,-40]],[[191303,188719],[13,-22],[28,12],[1,-23],[-9,-16],[16,-18],[-16,-27],[-13,18],[-8,-24],[-24,-10],[4,-16],[-17,-12],[-11,13],[3,36],[-16,26],[6,21],[20,10],[13,29],[10,3]],[[195112,196064],[-20,-11],[-48,-3],[-7,5],[-17,11],[-4,39],[-8,11],[2,12],[11,5],[17,7],[32,-11],[26,-29],[16,-36]],[[190539,186168],[-31,-15],[-5,8],[0,41],[-8,36],[15,40],[34,2],[32,-19],[-5,-29],[-32,-64]],[[181932,176406],[-38,-10],[-60,61],[-11,51],[29,13],[57,-41],[23,-74]],[[193170,178688],[51,-65],[14,11],[27,-31],[-7,-41],[-21,46],[-7,-52],[-47,7],[0,50],[-37,35],[4,34],[23,6]],[[194402,195178],[16,-42],[-24,9],[-22,32],[-32,4],[-33,23],[-16,27],[23,15],[10,-9],[24,1],[23,-12],[38,-40],[-7,-8]],[[190377,184382],[34,-8],[19,-24],[-8,-12],[-47,-5],[-16,4],[-31,-9],[-6,38],[-13,-27],[8,-13],[-17,-4],[-19,58],[14,14],[36,-13],[46,1]],[[190538,173346],[-16,-21],[-14,-51],[-22,-6],[2,-15],[-17,-32],[-19,18],[28,38],[-14,19],[-15,-16],[-14,39],[15,-2],[5,19],[27,-13],[14,7],[-3,59],[10,9],[29,-4],[4,-48]],[[182885,173182],[16,-54],[-47,-5],[-10,25],[-19,14],[9,12],[19,-5],[-15,48],[11,27],[22,1],[-2,16],[-34,27],[12,23],[37,-40],[1,-89]],[[195332,196323],[29,-106],[-15,0],[-12,40],[-17,10],[-15,43],[-15,-25],[-26,24],[20,40],[33,0],[18,-26]],[[192462,181081],[38,-40],[4,-61],[-46,34],[-8,43],[-15,2],[6,-25],[-3,-34],[-33,29],[-3,28],[22,31],[38,-7]],[[192961,178837],[14,-1],[19,-62],[-17,-16],[4,-17],[-39,-15],[-12,15],[12,38],[12,-26],[14,9],[3,29],[-21,43],[-41,-38],[-29,31],[22,30],[52,-2],[7,-18]],[[192879,178805],[13,-13],[-12,-17],[-32,-5],[-1,-26],[-23,-5],[-19,9],[-18,-20],[-30,0],[2,26],[23,22],[31,14],[25,-2],[14,10],[-7,26],[29,6],[5,-25]],[[190669,175830],[-28,-9],[-26,27],[-17,28],[-57,25],[-11,26],[32,4],[120,-77],[2,-9],[-15,-15]],[[190492,174045],[-17,-11],[27,-37],[22,0],[10,-17],[-17,-37],[2,-20],[-15,-5],[-26,60],[-40,30],[5,29],[17,0],[6,38],[26,-3],[0,-27]],[[190383,171011],[-45,-36],[-29,17],[-19,25],[54,59],[14,7],[24,-24],[1,-48]],[[190757,187818],[-18,-35],[-23,1],[-56,67],[3,7],[56,4],[38,-44]],[[190639,175213],[18,-4],[-2,-26],[-22,-28],[-14,7],[16,36],[-6,11],[-37,-53],[-24,7],[2,37],[65,61],[6,-9],[-2,-39]],[[194505,195649],[0,-20],[-18,7],[-1,22],[-27,25],[-7,22],[5,23],[18,0],[14,-17],[17,-3],[15,-18],[6,-29],[-22,-12]],[[183051,172968],[2,-20],[15,21],[17,-2],[12,-46],[16,4],[22,-43],[-6,-9],[-35,16],[-2,13],[-24,-12],[-14,41],[-37,19],[7,32],[27,-14]],[[193913,194190],[5,-30],[-20,-10],[-17,22],[-5,-21],[-28,21],[8,15],[1,58],[23,-22],[10,1],[23,-34]],[[189068,169101],[37,-18],[15,9],[6,-16],[-5,-46],[-13,-12],[-48,6],[-13,23],[9,37],[12,17]],[[195137,196180],[-8,-21],[-60,9],[-16,15],[-8,7],[8,21],[-6,23],[25,-21],[30,-6],[24,-11],[11,-16]],[[184683,168191],[-32,-5],[-10,20],[-40,40],[-4,14],[33,11],[25,-6],[36,-26],[-8,-48]],[[189404,169139],[32,-12],[13,11],[6,-21],[-15,-8],[4,-28],[-9,-14],[-16,4],[-18,32],[-13,-21],[-13,35],[-21,15],[11,22],[28,-2],[11,-13]],[[183107,173072],[12,-46],[-13,-16],[-12,14],[-17,-40],[-21,8],[-6,17],[-52,-5],[2,19],[16,-2],[41,17],[5,13],[16,-8],[7,19],[14,-7],[8,17]],[[183033,174306],[21,-26],[-15,-34],[-18,-10],[-10,28],[-15,-30],[-16,1],[-14,19],[1,18],[22,17],[14,-3],[10,24],[20,-4]],[[190259,186752],[14,-26],[14,17],[17,1],[16,-28],[2,-31],[-13,-6],[-36,10],[-14,11],[0,22],[-16,1],[-1,20],[17,9]],[[182442,174399],[-16,-20],[-31,2],[18,45],[17,14],[19,41],[3,22],[22,9],[-18,-82],[2,-31],[-16,0]],[[182947,173328],[-13,-37],[17,-8],[-22,-37],[2,-40],[-10,-17],[-8,17],[6,19],[-12,14],[-9,39],[6,39],[15,13],[13,-12],[5,21],[10,-11]],[[191521,176871],[102,-56],[6,-14],[-17,-8],[-30,23],[-13,-7],[-25,14],[-23,35],[-32,2],[-8,18],[29,11],[11,-18]],[[193184,178532],[1,-37],[-13,-4],[-19,16],[7,-39],[-10,-21],[-26,3],[10,29],[-14,18],[4,32],[20,-7],[30,25],[10,-15]],[[189006,169077],[-8,-50],[-26,-30],[-9,11],[-29,2],[-6,21],[35,40],[7,-8],[19,17],[17,-3]],[[193304,179984],[18,-63],[-32,4],[-16,-41],[-9,7],[-6,-14],[-13,24],[15,18],[4,31],[39,34]],[[192467,180812],[-18,-17],[-35,0],[-34,40],[26,22],[59,-29],[2,-16]],[[190289,182895],[-10,-16],[-37,1],[-11,16],[19,51],[48,-13],[-9,-39]],[[189231,169044],[-29,-23],[-28,14],[-2,18],[27,37],[5,24],[21,13],[10,-13],[-11,-18],[7,-52]],[[193945,190695],[-22,-4],[2,19],[13,27],[27,50],[18,-1],[1,-20],[-19,-52],[-20,-19]],[[193921,174151],[-3,-41],[-23,41],[-2,25],[-14,29],[18,20],[19,2],[23,-47],[-18,-29]],[[192234,177071],[-16,-28],[-12,2],[-9,-21],[-24,24],[-1,18],[13,-1],[6,37],[22,8],[1,22],[17,-32],[3,-29]],[[190549,175610],[25,-33],[5,-43],[-25,5],[6,30],[-8,13],[-18,-12],[11,-32],[-6,-18],[-19,4],[7,45],[-3,61],[26,-1],[-1,-19]],[[196441,196560],[-22,-8],[-21,18],[-26,1],[-1,24],[17,20],[-7,32],[10,0],[3,-33],[46,-44],[1,-10]],[[195210,196279],[-17,-10],[-24,-2],[-5,-23],[-16,10],[7,13],[-10,19],[20,33],[28,-10],[17,-30]],[[195081,196567],[-13,-10],[-30,15],[11,35],[-9,9],[11,35],[22,-28],[8,-56]],[[195315,196104],[-18,-23],[-22,0],[-7,-20],[-20,16],[8,32],[9,-17],[2,31],[26,12],[3,-17],[13,2],[6,-16]],[[190201,184365],[-26,-13],[-22,4],[-7,35],[6,26],[38,-5],[11,-47]],[[192789,178662],[4,-46],[12,4],[-3,26],[34,-25],[1,-15],[-50,-19],[-32,75],[34,0]],[[194300,195470],[-31,-10],[-37,18],[-7,17],[7,12],[20,2],[41,-16],[7,-23]],[[196051,196986],[-9,-28],[9,-29],[4,-34],[-13,19],[-23,17],[0,17],[-14,27],[-3,17],[25,-26],[3,41],[21,-21]],[[182372,174925],[-20,-35],[-13,11],[2,31],[-11,14],[6,34],[25,10],[12,-9],[-1,-56]],[[190415,172104],[-38,-46],[-11,9],[-12,30],[16,37],[34,3],[11,-33]],[[192052,181648],[-20,-3],[-36,9],[-11,17],[39,34],[23,-9],[5,-48]],[[193244,178698],[-25,-33],[-19,1],[-13,42],[3,17],[20,5],[33,-13],[1,-19]],[[183627,172115],[-2,-44],[-29,-8],[-4,17],[-17,-6],[-15,-42],[-16,13],[26,61],[11,5],[15,-18],[31,22]],[[191697,189268],[-16,-22],[-28,16],[-9,16],[8,28],[22,10],[23,-48]],[[190286,184603],[9,-76],[-32,24],[4,22],[-22,26],[10,34],[9,-19],[22,-11]],[[192940,179084],[-49,-11],[-25,25],[1,33],[14,7],[18,-38],[46,5],[-5,-21]],[[190530,173120],[-11,-7],[-17,32],[-43,38],[12,29],[41,-39],[14,-20],[4,-33]],[[193404,179729],[-1,-19],[-17,1],[-14,24],[0,24],[19,21],[31,-6],[-2,-18],[-16,-27]],[[195273,196856],[-1,-74],[7,-20],[-17,-1],[-5,32],[-15,15],[2,23],[9,-4],[-1,24],[21,5]],[[195222,196133],[-1,-19],[-17,7],[5,23],[-15,20],[3,10],[35,-6],[20,-13],[4,-13],[-34,-9]],[[190703,174988],[-20,-16],[-30,12],[-5,25],[11,25],[25,-1],[19,-45]],[[182743,175102],[3,-19],[16,12],[15,-11],[-2,-21],[-15,-10],[-12,15],[-8,-48],[-18,9],[2,49],[19,24]],[[192947,179365],[7,-19],[15,13],[32,-13],[-7,-18],[-20,9],[-15,-14],[0,-16],[-18,-10],[-15,16],[21,52]],[[181959,176699],[26,-40],[14,17],[21,-53],[-16,-7],[1,16],[-18,17],[-8,-17],[-36,35],[16,32]],[[182826,173390],[-11,-76],[-14,17],[-9,58],[5,36],[29,-35]],[[193245,179316],[-23,-21],[-9,19],[13,17],[-4,18],[14,38],[24,-15],[9,-16],[-29,-17],[5,-23]],[[192881,179285],[-10,-42],[-16,5],[10,32],[-9,16],[8,30],[17,18],[17,-34],[-17,-25]],[[190471,184859],[-2,-27],[-29,14],[-5,16],[16,26],[32,2],[9,-27],[-21,-4]],[[190359,183279],[-3,-56],[-25,30],[-6,27],[24,30],[17,-5],[-7,-26]],[[189473,169031],[-6,-25],[-16,9],[-9,-34],[-30,-16],[-6,6],[8,31],[44,44],[15,-15]],[[194265,194941],[-20,-8],[-30,20],[-6,33],[29,-3],[8,-22],[12,1],[7,-21]],[[190995,187817],[-12,-15],[-9,23],[22,56],[18,13],[10,-15],[-12,-26],[-12,-7],[-5,-29]],[[191449,188967],[19,-54],[-24,5],[-20,17],[-7,27],[11,13],[21,-8]],[[195263,196212],[-13,-19],[-25,3],[-15,13],[8,22],[29,7],[16,-26]],[[192861,177748],[-7,-19],[-8,18],[-9,-1],[-6,-15],[-19,11],[5,20],[49,24],[15,-10],[-20,-28]],[[190487,171967],[18,-18],[41,-5],[2,-15],[-48,4],[-15,16],[-34,-10],[2,42],[34,-14]],[[194179,194802],[-26,-6],[-8,1],[-11,34],[11,8],[23,3],[13,-24],[-2,-16]],[[193278,179720],[-19,-4],[-24,24],[29,25],[4,27],[20,-25],[-11,-24],[1,-23]],[[193303,179151],[-43,-10],[-11,20],[50,25],[12,0],[13,-10],[-21,-25]],[[196572,196977],[10,-20],[17,15],[21,-4],[2,-18],[-18,-22],[-28,15],[-10,21],[6,13]],[[190266,174022],[-10,-34],[-20,14],[5,25],[-31,15],[2,20],[38,-3],[4,-25],[12,-12]],[[195109,196520],[-3,-22],[-36,3],[-10,17],[15,23],[20,-4],[14,-17]],[[192961,177946],[-5,-30],[-15,10],[-3,-31],[-13,-29],[-15,30],[15,14],[9,52],[27,-16]],[[194561,195747],[-13,-9],[-17,3],[-14,19],[3,26],[38,-12],[3,-27]],[[191716,189133],[0,-25],[-12,1],[5,-35],[-17,-33],[-7,26],[8,64],[23,2]],[[194821,196972],[13,-25],[-8,-40],[-22,12],[-12,27],[15,13],[6,-14],[8,27]],[[184369,169751],[17,-38],[15,7],[13,-20],[-30,-25],[-16,34],[-24,26],[25,16]],[[190037,184429],[4,-23],[-14,4],[-14,39],[9,16],[34,-4],[2,-27],[-21,-5]],[[195000,195725],[5,-12],[-24,0],[-18,36],[6,6],[34,2],[6,-12],[-9,-20]],[[191415,188708],[-9,-11],[-14,23],[-6,25],[6,17],[27,7],[-4,-61]],[[192067,177431],[-4,-23],[-11,17],[14,72],[27,-2],[-14,-50],[-12,-14]],[[182210,175569],[-20,-16],[-3,41],[-27,20],[23,28],[19,-34],[8,-39]],[[193900,190620],[-2,-53],[-11,-23],[-20,-3],[-8,13],[2,21],[19,-10],[7,23],[-3,28],[16,4]],[[192508,180859],[-19,-11],[-1,16],[-20,28],[-24,11],[3,26],[20,-8],[23,-27],[18,-35]],[[192747,177606],[-11,-30],[-15,0],[-4,14],[-4,46],[14,12],[11,-12],[9,-30]],[[196423,196775],[-22,-14],[-20,20],[14,39],[27,-31],[1,-14]],[[194799,196692],[12,-53],[-13,-1],[-25,17],[-1,24],[27,13]],[[190571,175461],[-13,-39],[-23,8],[22,46],[-14,19],[21,19],[15,-12],[-18,-29],[10,-12]],[[183096,172861],[3,-69],[-21,3],[2,30],[-16,44],[9,8],[23,-16]],[[195102,195853],[-7,-16],[-15,-1],[-10,-1],[-26,28],[6,10],[24,-4],[7,-1],[21,-15]],[[193099,177900],[-10,-5],[-19,30],[9,10],[-8,22],[27,21],[1,-78]],[[192241,177573],[4,-19],[-23,7],[-21,-22],[-24,20],[29,34],[5,-15],[30,-5]],[[183063,174785],[-18,-27],[-34,65],[29,17],[0,-36],[23,-19]],[[191686,189030],[12,-32],[-16,0],[-32,-16],[-7,9],[7,21],[36,18]],[[190692,175356],[-8,-33],[-37,13],[8,54],[12,-21],[25,-13]],[[195595,196676],[-16,-5],[-21,19],[0,28],[33,-9],[4,-33]],[[190415,174066],[10,-30],[-15,-1],[-9,-37],[-26,21],[18,25],[-2,20],[24,2]],[[189515,168832],[-23,-22],[-16,16],[1,28],[29,15],[12,-9],[-3,-28]],[[190616,173165],[6,-25],[-13,-16],[-14,20],[-15,-4],[-10,17],[6,28],[17,-16],[23,-4]],[[192636,177966],[-10,-7],[-16,32],[1,5],[17,52],[15,-22],[-8,-27],[-3,-9],[4,-24]],[[190567,175136],[5,-20],[-22,-7],[-9,15],[-28,-3],[10,42],[15,-4],[3,-19],[26,-4]],[[193275,178371],[1,-20],[-23,-10],[-12,15],[-14,-8],[-10,21],[6,16],[20,-2],[1,-14],[31,2]],[[190536,173679],[15,-19],[22,7],[10,-29],[-15,-8],[-19,16],[-17,-10],[-11,27],[15,16]],[[193961,174240],[-14,-3],[-33,26],[-3,11],[8,15],[48,-27],[-6,-22]],[[182238,175650],[-22,-27],[-15,30],[11,34],[20,-1],[6,-36]],[[190391,185490],[-18,-15],[-34,18],[-8,14],[5,13],[19,-13],[25,2],[11,-19]],[[191617,188979],[11,-26],[-25,-17],[-12,20],[-12,-12],[-11,13],[2,9],[39,6],[8,7]],[[193048,177828],[-21,-17],[-34,-17],[-8,14],[3,14],[30,2],[10,20],[20,7],[0,-23]],[[190500,182066],[-2,-21],[30,10],[2,-15],[-26,-15],[-36,17],[7,22],[25,2]],[[191575,188749],[-2,-23],[-30,28],[-12,31],[6,16],[38,-52]],[[190509,181933],[-33,-5],[-5,7],[12,24],[2,31],[26,-30],[-2,-27]],[[181918,176285],[-21,-2],[8,53],[25,30],[6,-34],[-17,-5],[-1,-42]],[[190571,173990],[3,-48],[-6,0],[1,-13],[2,-21],[-24,10],[-9,15],[23,13],[-11,43],[13,1],[8,0]],[[195226,196627],[14,-8],[6,12],[18,-41],[-22,-7],[-21,20],[5,24]],[[192415,178201],[12,-33],[-47,10],[-4,18],[11,15],[19,-2],[9,-8]],[[195053,195774],[-2,-12],[-21,1],[-20,29],[4,17],[18,-9],[21,-26]],[[193360,179653],[-13,-21],[-10,18],[-15,-2],[-9,-1],[10,36],[28,-6],[9,-24]],[[192537,172653],[-24,-17],[-22,3],[-5,27],[40,12],[11,-25]],[[193035,178637],[-5,-62],[-13,10],[-7,54],[14,19],[11,-21]],[[195527,196670],[-21,-7],[-18,21],[9,16],[29,-5],[1,-25]],[[196787,197042],[-16,-17],[-14,6],[-8,30],[29,5],[9,-24]],[[192557,181006],[-5,-36],[-29,-1],[7,48],[27,-11]],[[193110,178375],[-9,-19],[-11,16],[-42,-1],[-5,10],[18,19],[49,-25]],[[191402,188919],[17,-29],[-8,-29],[-7,31],[-9,-18],[-15,18],[2,16],[20,11]],[[193051,178954],[-11,-18],[-20,4],[-20,-20],[-5,19],[31,26],[18,4],[7,-15]],[[190266,186817],[-22,-14],[-27,22],[3,16],[36,-6],[10,-18]],[[192309,181355],[-17,-8],[-1,32],[-15,-1],[-5,44],[15,-5],[23,-62]],[[182444,174677],[19,-19],[20,9],[4,-18],[-15,-17],[-7,21],[-9,-22],[-15,9],[-4,27],[7,10]],[[193333,179847],[5,-16],[-17,-27],[-23,-12],[1,46],[18,-6],[16,15]],[[192869,178731],[14,-60],[-16,3],[-24,43],[26,14]],[[192993,178176],[8,-22],[23,11],[1,-38],[-21,-1],[-21,25],[10,25]],[[193232,178327],[-11,-10],[-32,14],[-8,21],[29,5],[22,-30]],[[190672,175676],[-3,-50],[-21,1],[-7,22],[22,36],[9,-9]],[[190246,184383],[-8,-35],[-16,14],[-8,34],[18,10],[14,-23]],[[188036,168676],[-24,-13],[-15,41],[-1,14],[25,-4],[15,-38]],[[194940,196452],[-19,-8],[-25,24],[1,18],[31,-15],[12,-19]],[[182954,173787],[-56,-14],[4,28],[42,5],[10,-19]],[[191988,177117],[-16,-54],[-9,19],[7,47],[9,21],[9,-33]],[[190333,185470],[-21,-11],[-11,34],[11,15],[16,-8],[5,-30]],[[194001,195549],[-17,-29],[-20,33],[25,15],[12,-19]],[[182231,175733],[-13,-13],[-15,34],[15,27],[12,-7],[1,-41]],[[194621,195840],[-31,-18],[1,47],[25,-14],[5,-15]],[[195170,196627],[-11,-18],[-25,19],[6,22],[19,-5],[11,-18]],[[195701,197052],[-15,-14],[-23,23],[5,15],[30,-8],[3,-16]],[[183723,171713],[-11,-36],[-13,4],[-17,6],[6,28],[10,0],[25,-2]],[[182579,174163],[-23,-1],[-8,24],[5,14],[26,-6],[9,-19],[-9,-12]],[[195494,196599],[1,-16],[-24,13],[-16,21],[7,16],[32,-34]],[[191642,176923],[-6,-22],[-19,20],[2,14],[-15,23],[15,8],[23,-43]],[[190304,174063],[-17,-19],[-32,32],[16,16],[33,-29]],[[195014,196896],[-12,-21],[-10,3],[-14,26],[27,8],[9,-16]],[[182174,175848],[-23,-15],[-4,18],[1,32],[26,-9],[0,-26]],[[193354,179753],[-1,-37],[-16,17],[-16,-9],[-6,16],[17,18],[22,-5]],[[193697,173962],[-15,-9],[-18,45],[26,7],[7,-43]],[[182227,175006],[-28,-43],[-19,6],[13,27],[17,-1],[5,28],[12,-17]],[[192587,178035],[0,-37],[-13,19],[-22,-4],[-3,30],[38,-8]],[[192814,190272],[-13,-32],[-6,36],[-11,22],[19,6],[11,-32]],[[182068,176024],[-3,-28],[-14,7],[-6,32],[3,16],[15,2],[5,-29]],[[191886,176671],[-8,-10],[-17,72],[5,20],[11,-31],[9,-51]],[[196704,197288],[-18,-27],[-16,2],[3,14],[22,28],[9,-17]],[[193408,179507],[-3,-25],[-16,5],[-13,33],[15,11],[17,-24]],[[192530,180786],[-8,-12],[-40,27],[8,16],[29,-16],[11,-15]],[[192656,172737],[-28,-6],[-8,14],[10,26],[19,-6],[7,-28]],[[194748,196890],[-10,-23],[-15,9],[-8,23],[8,8],[25,-17]],[[196416,197142],[0,-17],[-28,2],[4,36],[24,-21]],[[195135,196979],[3,-15],[-22,10],[-17,21],[6,15],[30,-31]],[[193994,173283],[-2,-45],[-34,35],[3,7],[33,3]],[[190433,173437],[-9,-10],[-15,18],[5,24],[-14,4],[6,18],[16,-13],[11,-41]],[[190361,173928],[-11,-22],[-18,36],[17,30],[12,-44]],[[182453,174829],[1,-27],[-43,41],[9,15],[33,-29]],[[182430,174297],[-11,-17],[-14,9],[-7,25],[8,20],[24,-37]],[[190066,184423],[14,-34],[-36,1],[-2,17],[24,16]],[[190435,171996],[7,-50],[-23,17],[-6,39],[22,-6]],[[191579,188922],[-5,-44],[-18,18],[4,31],[19,-5]],[[190893,176362],[3,-49],[-11,5],[2,24],[-25,19],[4,15],[27,-14]],[[190411,171710],[-27,-10],[-12,25],[15,14],[23,-17],[1,-12]],[[193170,178412],[-18,-21],[-17,15],[26,33],[9,-27]],[[192859,190074],[-20,-11],[-5,24],[11,22],[12,-15],[2,-20]],[[195176,195999],[-20,-3],[-9,13],[18,20],[13,-11],[-2,-19]],[[192686,177789],[-13,-18],[-17,11],[1,16],[26,18],[3,-27]],[[182988,173855],[2,-27],[-30,7],[-3,16],[1,13],[30,-9]],[[192408,181135],[1,-17],[-38,8],[8,26],[29,-17]],[[192446,178758],[-2,-22],[-16,-2],[-6,-25],[-10,3],[11,43],[23,3]],[[192010,189421],[0,-33],[-25,22],[5,25],[20,-14]],[[194468,195152],[-3,-22],[-28,28],[-4,12],[12,1],[23,-19]],[[189529,168940],[1,-39],[-24,15],[5,41],[18,-17]],[[192797,177849],[-22,-14],[-8,10],[14,24],[13,3],[10,-1],[-7,-22]],[[192669,178626],[-18,-10],[-13,32],[7,12],[23,-20],[1,-14]],[[194100,191191],[-11,-32],[-18,16],[16,29],[13,-13]],[[193228,178861],[-7,-24],[-28,43],[12,19],[10,-31],[13,-7]],[[188214,169028],[-21,-52],[-11,27],[25,35],[7,-10]],[[193010,178880],[-8,-32],[-22,2],[-5,21],[35,9]],[[191343,176814],[10,-36],[-22,5],[-10,39],[22,-8]],[[190262,183503],[12,-33],[-24,0],[-12,20],[24,13]],[[195056,195712],[-17,-16],[-14,35],[28,-4],[3,-15]],[[182926,173486],[-15,-1],[-8,30],[16,15],[7,-9],[0,-35]],[[192847,178671],[-7,-28],[-27,19],[6,18],[28,-9]],[[190477,175611],[-14,-23],[-19,35],[7,6],[25,-6],[1,-12]],[[192998,178589],[-15,-6],[-19,30],[14,22],[9,-30],[11,-16]],[[192503,178771],[-24,-13],[-11,13],[24,28],[11,-28]],[[194879,196595],[12,-30],[-21,-3],[-11,15],[20,18]],[[192933,179284],[-27,-34],[-9,7],[21,42],[15,-15]],[[192487,180749],[-2,-22],[-37,30],[6,12],[33,-20]],[[196786,196935],[2,-23],[-22,11],[-8,14],[2,11],[26,-13]],[[190342,175543],[-15,-6],[-8,44],[21,0],[2,-38]],[[191384,188642],[-9,-34],[-16,28],[7,20],[18,-14]],[[191386,176810],[-3,-40],[-26,26],[8,17],[21,-3]],[[189557,168944],[-7,-32],[-22,29],[20,25],[9,-22]],[[195224,196938],[-8,-30],[-19,9],[10,28],[17,-7]],[[193599,191067],[2,-28],[-16,-2],[-7,19],[6,19],[15,-8]],[[191334,176438],[-13,-1],[-13,18],[10,22],[22,-21],[-6,-18]],[[194053,192196],[-13,-20],[-13,22],[10,25],[16,-27]],[[190329,182843],[-23,-11],[-15,25],[22,9],[16,-23]],[[192529,178076],[-7,-27],[-29,28],[7,13],[29,-14]],[[192667,180949],[-8,-22],[-21,18],[11,29],[18,-25]],[[192543,178866],[-14,-26],[-14,13],[4,23],[20,4],[4,-14]],[[191783,181401],[-10,-34],[-19,14],[19,36],[10,-16]],[[193051,178909],[-6,-21],[-18,3],[-9,23],[24,7],[9,-12]],[[194853,196360],[-10,-25],[-13,13],[-2,22],[11,4],[14,-14]],[[182886,173332],[-10,-37],[-16,24],[0,26],[26,-13]],[[182819,173798],[-35,-7],[-1,19],[26,14],[10,-26]],[[190040,184277],[3,-50],[-22,16],[4,23],[15,11]],[[190481,173737],[-4,-33],[-29,50],[6,8],[27,-25]],[[192423,190051],[-1,-22],[-16,-1],[-5,27],[5,16],[17,-20]],[[195165,196991],[2,-14],[-15,7],[-19,32],[9,6],[23,-31]],[[192973,178680],[-3,-28],[-26,3],[6,31],[23,-6]],[[192535,178726],[-13,-17],[-18,28],[16,20],[15,-31]],[[193408,179402],[-15,-8],[-21,20],[22,19],[14,-31]],[[183049,172835],[-14,-20],[-13,27],[4,16],[17,1],[6,-24]],[[190239,186422],[3,-36],[-21,3],[0,32],[18,1]],[[191981,177058],[10,-50],[-23,11],[3,42],[10,-3]],[[190071,184293],[-2,-30],[-29,26],[6,15],[25,-11]],[[196221,196419],[0,-28],[-20,0],[-1,30],[21,-2]],[[190799,175208],[-37,-32],[-1,20],[28,28],[10,-16]],[[193436,179710],[-1,-28],[-26,20],[12,28],[15,-20]],[[192678,177658],[-11,-29],[-15,22],[4,31],[22,-24]],[[193869,174140],[-12,-44],[-16,29],[19,28],[9,-13]],[[193110,178446],[-4,-32],[-21,10],[4,32],[21,-10]],[[192589,181023],[-18,-8],[-10,20],[16,16],[12,1],[0,-29]],[[193243,178929],[-11,-39],[-16,14],[3,28],[24,-3]],[[195735,197019],[-12,-12],[-13,25],[13,21],[12,-34]],[[196638,197174],[7,-36],[-24,15],[3,29],[14,-8]],[[195197,196073],[10,-30],[-31,14],[-4,7],[2,8],[23,1]],[[194405,195571],[-3,-23],[-25,22],[9,20],[19,-19]],[[193321,190817],[2,-42],[-18,7],[7,48],[9,-13]],[[192746,177953],[-8,-5],[-16,45],[21,7],[3,-47]],[[181976,175602],[-15,-17],[-17,8],[11,37],[21,-28]],[[190317,183799],[-15,-24],[-17,23],[20,20],[12,-19]],[[192789,178833],[-3,-41],[-28,24],[3,9],[28,8]],[[194850,196824],[-8,-5],[-10,2],[-6,19],[7,14],[17,-13],[0,-17]],[[192720,177702],[1,-25],[-24,30],[7,20],[12,4],[4,-29]],[[190370,171659],[-6,-8],[-17,2],[-8,25],[4,12],[22,-13],[5,-18]],[[191098,188045],[-2,-21],[-13,1],[-7,25],[4,23],[18,-28]],[[196385,197100],[4,-25],[-23,1],[6,41],[13,-17]],[[189796,176129],[-18,-11],[-15,27],[28,12],[5,-28]],[[190610,174769],[-9,-32],[-26,9],[5,21],[30,2]],[[191499,176938],[-7,-37],[-24,23],[17,23],[14,-9]],[[195968,197078],[-5,-26],[-21,14],[8,24],[18,-12]],[[190869,176321],[-15,-20],[-19,19],[19,25],[15,-24]],[[190482,172434],[-13,-21],[-21,25],[24,21],[10,-25]],[[190905,187831],[4,-34],[-26,22],[9,28],[13,-16]],[[183163,172953],[-14,-15],[-15,32],[8,16],[18,-16],[3,-17]],[[183499,172276],[10,-19],[11,13],[3,-21],[-13,-12],[-16,7],[-5,22],[10,10]],[[183125,172988],[-14,-34],[-13,4],[-1,21],[18,22],[10,-13]],[[194900,196205],[-1,-22],[-23,14],[-4,16],[5,6],[23,-14]],[[194958,196705],[-12,-5],[-15,20],[14,25],[13,-40]],[[182741,174200],[-19,-17],[-15,16],[14,29],[20,-28]],[[183049,172877],[-15,-3],[-7,17],[13,29],[13,-13],[-4,-30]],[[193503,190973],[-6,-2],[-14,38],[4,17],[15,-14],[1,-39]],[[191540,189030],[2,-40],[-21,25],[-1,25],[20,-10]],[[192759,181140],[1,-34],[-22,9],[4,37],[17,-12]],[[193228,179457],[-23,-13],[-15,14],[10,12],[24,4],[4,-17]],[[195302,196516],[-18,-4],[3,33],[15,11],[0,-40]],[[192848,179114],[-15,-28],[-18,11],[17,32],[16,-15]],[[191466,176961],[-4,-19],[-24,1],[-13,15],[3,9],[38,-6]],[[190298,172163],[-14,-20],[-16,34],[16,18],[14,-32]],[[192794,177554],[-19,-8],[-14,18],[4,20],[27,-17],[2,-13]],[[194869,196423],[-1,-19],[-26,15],[0,25],[27,-21]],[[192040,189404],[-1,-45],[-24,40],[3,7],[22,-2]],[[192539,180879],[-12,-21],[-17,18],[10,30],[19,-27]],[[182937,173146],[-15,-10],[-18,31],[16,16],[17,-37]],[[190228,183449],[-16,-13],[-9,18],[8,26],[15,-9],[2,-22]],[[196686,196883],[9,-38],[-13,2],[-13,19],[3,14],[14,3]],[[190442,182398],[-24,-26],[-8,17],[13,29],[19,-20]],[[192503,178122],[-6,-13],[-28,29],[8,24],[26,-40]],[[194934,195800],[10,-35],[-26,12],[-1,22],[17,1]],[[192767,177760],[-28,-12],[-6,8],[24,37],[10,-33]],[[192966,178878],[-23,-7],[-9,27],[23,10],[9,-30]],[[193493,179001],[1,-40],[-24,5],[1,23],[22,12]],[[190165,183834],[8,-38],[-16,9],[-12,29],[10,13],[10,-13]],[[194966,195582],[-6,-25],[-18,26],[5,24],[19,-25]],[[192821,190117],[-10,-2],[-10,28],[-1,23],[19,-19],[2,-30]],[[190712,174930],[-18,-13],[-17,25],[18,16],[17,-28]],[[190623,175001],[-16,-28],[-9,16],[3,22],[15,15],[7,-25]],[[190723,187736],[-2,-37],[-23,11],[6,23],[19,3]],[[192906,177827],[-16,-23],[-12,21],[4,16],[4,14],[9,-13],[11,-15]],[[194540,195139],[1,-14],[-19,-3],[-13,16],[5,14],[26,-13]],[[192290,181297],[-2,-29],[-18,3],[-5,17],[7,20],[18,-11]],[[190325,182976],[-15,-3],[-14,27],[20,16],[9,-40]],[[193713,173924],[2,-33],[-27,4],[2,28],[23,1]],[[182204,174930],[-17,-27],[-15,15],[25,35],[7,-23]],[[190666,175081],[-26,-6],[10,43],[13,-6],[3,-31]],[[192928,178635],[-9,-29],[-21,30],[14,18],[16,-19]],[[190365,171476],[-19,-15],[-11,15],[4,21],[23,-1],[3,-20]],[[192599,177405],[-9,-34],[-19,26],[5,24],[23,-16]],[[183012,173795],[-18,-26],[-19,17],[18,24],[19,-15]],[[182488,174817],[-12,-14],[-15,9],[5,30],[14,1],[8,-26]],[[192630,177912],[-17,-9],[-15,32],[24,6],[8,-29]],[[190709,175099],[-20,-24],[-13,32],[12,14],[21,-22]],[[192455,178677],[-3,-29],[-27,18],[18,28],[12,-17]],[[183603,171848],[-32,-8],[-3,17],[6,17],[28,-13],[1,-13]],[[196466,197132],[-2,-34],[-24,25],[6,14],[20,-5]],[[192260,177395],[-19,-21],[-12,20],[15,27],[16,-26]],[[189463,168949],[2,-46],[-12,0],[-11,24],[9,23],[12,-1]],[[193996,178884],[-22,-5],[-8,28],[21,10],[9,-33]],[[192707,181008],[0,-37],[-25,11],[4,24],[21,2]],[[196817,196947],[-6,-23],[-25,17],[6,18],[25,-12]],[[193462,179437],[-18,-12],[-12,29],[5,11],[21,-9],[4,-19]],[[195372,196682],[2,-30],[-27,27],[8,18],[17,-15]],[[192555,177780],[-12,-37],[-15,9],[18,48],[9,-20]],[[193559,178812],[-19,-9],[1,43],[20,-2],[-2,-32]],[[193513,178616],[-3,-34],[-22,42],[9,19],[16,-27]],[[193150,178101],[-6,-8],[-20,14],[4,35],[10,-5],[12,-36]],[[189034,168993],[-25,-11],[-5,8],[3,18],[12,4],[2,16],[11,-9],[2,-26]],[[195425,196566],[-13,-2],[-14,19],[7,29],[20,-46]],[[192431,180659],[-17,-25],[-18,27],[8,15],[27,-17]],[[193014,179039],[-9,-35],[-18,26],[16,27],[11,-18]],[[190737,175256],[-3,-23],[-30,6],[16,34],[17,-17]],[[183078,172766],[-20,-11],[-14,10],[9,17],[26,8],[-1,-24]],[[194312,193430],[-11,-12],[-18,19],[19,23],[10,-30]],[[191462,176661],[-9,-42],[-18,16],[16,35],[11,-9]],[[194335,195417],[-8,-9],[-22,18],[2,16],[19,-5],[9,-20]],[[195159,196589],[1,-26],[-20,9],[-7,16],[10,11],[16,-10]],[[192386,181425],[-18,-12],[-11,23],[4,19],[16,-8],[9,-22]],[[182843,173595],[-13,-15],[-14,31],[18,22],[9,-38]],[[190526,173225],[-7,-33],[-25,17],[12,24],[20,-8]],[[192460,177573],[-14,-14],[-14,8],[0,22],[21,9],[7,-25]],[[183533,172407],[-18,-15],[-12,22],[31,25],[-1,-32]],[[192670,177515],[-15,-9],[-16,15],[5,14],[23,7],[3,-27]],[[181965,176302],[-22,-27],[-13,4],[11,25],[19,16],[5,-18]],[[191648,177081],[-6,-13],[-30,31],[18,17],[18,-35]],[[196443,196856],[14,-35],[-17,-1],[-13,33],[16,3]],[[190541,173558],[-3,-23],[-34,16],[13,22],[24,-15]],[[190507,185683],[-10,-34],[-18,28],[22,22],[6,-16]],[[193150,178373],[-1,-40],[-28,28],[7,15],[22,-3]],[[190663,182155],[-5,-21],[-29,7],[3,15],[21,9],[10,-10]],[[193146,178602],[-16,-26],[-11,4],[-1,26],[11,12],[17,-16]],[[192141,181570],[-13,-7],[-9,18],[-2,27],[21,-10],[3,-28]],[[182152,175911],[-9,-27],[-14,9],[0,25],[15,15],[8,-22]],[[191054,181595],[-20,-10],[1,39],[18,6],[1,-35]],[[193640,179120],[-10,-30],[-17,25],[4,26],[23,-21]],[[190745,172395],[1,-32],[-22,11],[-10,5],[8,16],[4,7],[19,-7]],[[192959,178173],[-14,-22],[-14,14],[11,36],[17,-28]],[[192458,178183],[-13,-40],[-13,21],[1,26],[25,-7]],[[190575,174707],[-7,-9],[-21,24],[10,25],[12,-10],[6,-30]],[[192430,189871],[-15,-22],[-14,19],[16,25],[13,-22]],[[193457,179231],[-32,-7],[-7,10],[3,10],[35,7],[1,-20]],[[195312,196770],[4,-17],[-14,-1],[-20,28],[3,8],[27,-18]],[[182831,172964],[-20,-3],[-14,27],[19,14],[15,-38]],[[196627,196877],[-1,-26],[-30,27],[3,10],[28,-11]],[[196665,197145],[6,-36],[-24,7],[3,23],[15,6]],[[190565,174813],[-10,-9],[-9,40],[28,7],[-9,-38]],[[192721,190066],[6,-54],[-13,7],[-7,42],[14,5]],[[192816,190366],[-8,-22],[-19,27],[18,21],[9,-26]],[[182901,173097],[-11,-32],[-25,23],[10,16],[26,-7]],[[192380,180752],[-11,-22],[-25,25],[1,16],[35,-19]],[[196740,197003],[-9,-2],[-19,28],[24,9],[4,-35]],[[193055,178111],[-4,-23],[-23,-1],[0,24],[13,11],[14,-11]],[[194127,194833],[1,-32],[-27,15],[4,17],[22,0]],[[191219,176598],[-9,-35],[-21,12],[15,32],[15,-9]],[[193319,172327],[-1,-43],[-22,3],[-2,23],[25,17]],[[193401,179646],[-3,-19],[-17,7],[-11,30],[18,2],[13,-20]],[[195097,197109],[-10,-9],[-11,13],[-4,26],[17,-4],[8,-26]],[[193992,194508],[7,-34],[-14,1],[-16,26],[23,7]],[[194809,196548],[12,-36],[-23,1],[-7,10],[18,25]],[[182202,175715],[-15,-30],[-13,31],[9,20],[19,-21]],[[182807,174259],[-17,-29],[-17,26],[20,19],[14,-16]],[[192210,177142],[-21,-25],[-2,10],[4,44],[9,1],[10,-30]],[[192658,173106],[-12,-39],[-20,8],[9,30],[23,1]],[[189682,176188],[-13,-24],[-24,22],[12,18],[25,-16]],[[196117,197054],[11,-45],[-15,-1],[-8,23],[12,23]],[[194319,194958],[3,-25],[-29,7],[3,21],[23,-3]],[[193325,190655],[-12,-27],[-17,17],[5,22],[24,-12]],[[183389,172193],[-8,-31],[-26,15],[4,20],[30,-4]],[[183250,172669],[-22,-22],[-13,39],[6,9],[29,-26]],[[193724,179674],[1,-33],[-25,4],[11,38],[13,-9]],[[194901,196405],[5,-28],[-20,2],[-5,17],[0,13],[20,-4]],[[195562,196590],[-9,-11],[-15,38],[14,12],[10,-39]],[[193426,190716],[-12,-12],[-13,18],[13,32],[12,-38]],[[182954,173448],[-20,-4],[-1,28],[10,13],[17,-13],[-6,-24]],[[194831,195769],[-13,-2],[-13,22],[5,13],[20,-11],[1,-22]],[[191011,181608],[-8,-2],[-5,21],[10,12],[8,9],[10,-36],[-15,-4]],[[191314,188174],[-12,-15],[-10,19],[3,29],[14,-9],[5,-24]],[[193610,190948],[-9,-35],[-13,22],[1,28],[21,-15]],[[195114,196235],[0,-19],[-24,9],[7,34],[17,-24]],[[189488,168966],[-23,-15],[-10,32],[28,7],[5,-24]],[[192813,179100],[-1,-19],[-24,-3],[-9,13],[21,18],[13,-9]],[[190547,174487],[-6,-31],[-28,34],[-1,8],[2,4],[33,-15]],[[196086,196960],[-5,-8],[-17,21],[-3,7],[2,7],[9,4],[14,-31]],[[196715,196748],[-13,-12],[-7,26],[13,9],[7,-23]],[[190274,184385],[-5,-24],[-20,18],[8,14],[17,-8]],[[193480,179472],[0,-31],[-21,14],[6,18],[15,-1]],[[190391,171643],[-8,-7],[-15,21],[6,7],[15,-10],[2,-3],[0,-8]],[[196097,196937],[-8,-2],[-5,17],[1,7],[3,-1],[8,-8],[2,-6],[1,-4],[-2,-3]],[[188180,169003],[-7,-1],[-9,16],[8,4],[9,-7],[-1,-12]],[[183524,172314],[1,-24],[-12,11],[4,16],[7,-3]],[[183513,172303],[-5,-13],[-7,6],[-2,10],[1,5],[9,-2],[4,-6]],[[196711,196725],[-4,-8],[-5,10],[1,9],[8,-11]],[[191304,188152],[-4,-10],[-5,8],[4,11],[5,-9]],[[233107,137448],[112,26],[134,71],[214,160],[215,199],[123,113],[235,-57],[159,-118],[75,-136],[22,-39],[34,-173],[59,-74],[315,-206],[211,-23],[34,-70],[130,-60],[154,34],[111,106],[50,82],[36,236],[32,58],[179,19],[286,38],[319,-52],[78,-53],[54,-138],[31,-30],[112,-30],[155,12],[270,91],[25,-27],[22,-24],[195,24],[83,-39],[118,-7],[85,-62],[76,1],[105,99],[42,234],[25,43],[93,1],[133,52],[17,-19],[8,-96],[38,-44],[78,-51],[121,7],[56,-53],[234,69],[240,30],[186,14],[159,79],[187,-29],[52,55],[90,10],[186,89],[70,83],[70,135],[46,11],[75,-28],[62,26],[148,230],[115,66],[69,107],[251,96],[118,94],[64,101],[36,7],[57,19],[97,-30],[63,26],[100,93],[109,160],[92,22],[77,-3],[218,-100],[177,-7],[135,95],[222,16],[115,-41],[221,118],[99,26],[130,-53],[87,7],[110,53],[85,81],[128,233],[69,140],[211,140],[96,6],[267,289],[60,171],[33,96],[127,126],[110,33],[191,196],[124,259],[87,97],[52,117],[14,41],[13,19],[58,52],[14,28],[18,19],[15,32],[23,23],[27,14],[12,3],[37,28],[17,33],[11,51],[10,112],[16,71],[69,101],[1,81],[8,39],[51,15],[170,-22],[116,75],[29,-42],[142,21],[109,-32],[78,116],[25,126],[76,114],[35,6],[46,-25],[88,11],[73,75],[175,91],[71,-25],[145,62],[115,-13],[140,47],[128,-21],[117,54],[2,28],[-38,61],[58,144],[-40,146],[8,24],[17,51],[152,121],[183,26],[88,57],[21,-38],[7,-13],[-6,-147],[35,-54],[109,-16],[14,84],[42,24],[38,-46],[149,-21],[195,-139],[163,16],[109,-53],[55,9],[99,15],[16,-41],[-60,-101],[-33,-54],[33,-4],[20,13],[55,34],[160,-155],[163,153],[83,42],[158,-5],[90,-89],[20,-19],[-5,-90],[71,-83],[76,-73],[239,19],[202,-90],[358,-391],[76,-213],[9,-136],[-23,-287],[-75,-145],[25,-114],[146,-214],[427,-428],[-73,-140],[14,-28],[61,-28],[591,19],[220,98],[258,192],[158,118],[250,6],[238,-23],[186,-97],[165,-133],[469,-133],[93,-44],[75,-83],[10,-42],[-185,87],[-40,19],[-332,74],[-136,-260],[-37,-79],[77,-143],[129,-574],[-27,-74],[-90,-108],[-60,-55],[-230,-24],[-20,-12],[-219,-122],[-49,-106],[8,-21],[43,-23],[80,-47],[412,-311],[38,-28],[47,-38],[37,-157],[15,-65],[-1,-24],[-9,-142],[62,-84],[81,-83],[85,-76],[92,-25],[75,14],[60,-43],[36,-81],[20,-243],[163,-154],[67,-89],[116,-245],[40,-180],[60,-124],[54,-23],[206,130],[146,-95],[10,-81],[-65,-1097],[38,-188],[571,-8],[272,2],[134,-83],[-3,-92],[43,-161],[13,-48],[197,-431],[58,-2],[81,18],[278,-80],[145,-42],[57,-44],[36,-69],[30,-166],[18,-99],[3,-58],[-92,5],[-210,-62],[-87,-101],[-138,-321],[-69,-110],[-135,-143],[7,-118],[-18,-88],[-133,-15],[-227,210],[-2,175],[47,81],[-23,81],[-18,30],[-44,69],[-102,62],[-84,-2],[-155,-3],[-170,-54],[-67,-45],[-69,-148],[-36,-178],[-158,-94],[-435,-184],[-275,-69],[-164,-3],[-629,-4],[-372,-314],[-133,-28],[-272,2],[-90,-148],[-58,-385],[-36,-231],[-399,-334],[-121,260],[-10,19],[-17,37],[-153,44],[-224,-42],[-131,-278],[-14,-30],[-38,-79],[-361,-345],[-339,-237],[-220,-151],[-347,-183],[-318,-148],[-116,-13],[-112,-11],[-417,-84],[-243,-127],[-70,-43],[-149,-133],[-86,-118],[-204,-223],[-133,-85],[-52,-64],[-232,-342],[-61,-81],[-187,-211],[-162,-182],[-21,-23],[-336,-324],[-988,-631],[-99,-71],[-67,-35],[-61,-18],[-56,-16],[-229,4],[-73,-12],[-81,-40],[-73,-55],[-97,-44],[-302,-112],[-108,-26],[-110,23],[-209,92],[-195,99],[-78,15],[-188,6],[-108,-5],[-304,-73],[-137,-78],[-144,-150],[-80,-114],[-37,-59],[-59,-41],[-65,-59],[-63,-89],[-49,-50],[-208,-177],[-104,-41],[-43,-16],[-73,-60],[-146,-154],[-91,-112],[-309,-182],[-233,-61],[-57,-22],[-23,-9],[-217,-94],[-239,88],[-147,62],[-131,10],[-156,-13],[-317,-25],[-49,-4],[-60,-11],[-40,-13],[21,-50],[4,-571],[34,-378],[93,-159],[51,-51],[114,-80],[87,-61],[39,-28],[83,-44],[31,-145],[-131,-88],[-193,-25],[-57,-27],[-222,-139],[-2,-37],[-5,-75],[115,-311],[23,-62],[9,-94],[-136,-135],[-159,-82],[-35,-163],[15,-83],[20,-67],[-3,-104],[-25,-10],[-85,64],[-50,12],[-232,29],[-237,2],[-8,69],[70,173],[-9,49],[-71,76],[-197,210],[-358,277],[-36,85],[49,123],[59,67],[8,80],[58,145],[125,148],[82,199],[180,223],[79,57],[3,159],[-115,228],[-14,108],[-177,151],[-166,71],[-159,23],[-47,-20],[-59,-86],[-170,-370],[-73,-99],[-277,-123],[-38,-67],[-111,-162],[41,-26],[82,149],[48,14],[10,-45],[81,44],[27,-10],[-94,-158],[-3,-69],[-3,-104],[-103,-158],[-291,-42],[-93,-131],[-70,-54],[-787,179],[-152,12],[-118,-23],[-40,22],[-173,82],[-203,-4],[-195,-81],[-154,-145],[-237,-391],[-243,-309],[-149,-363],[-120,-186],[13,-199],[4,-62],[-34,-103],[-108,-50],[-39,-183],[-106,117],[-72,25],[-73,-17],[-69,-132],[-25,-121],[-77,-108],[-79,-111],[-16,-112],[-133,101],[-86,-65],[-64,-159],[-56,22],[-139,-1],[-141,-119],[-125,14],[-139,-100],[-291,-74],[-39,-44],[-48,-157],[-83,25],[-225,-45],[-147,-131],[-39,-59],[-85,-128],[-300,-23],[-57,16],[-185,52],[-106,-26],[-102,17],[-257,83],[-111,83],[-129,40],[-101,129],[-158,93],[-39,43],[-125,134],[-238,168],[-140,66],[-77,-31],[-75,39],[-443,19],[-28,17],[-69,40],[-177,-10],[-352,111],[-274,19],[-44,3],[-73,59],[-105,21],[-735,-72],[-523,-166],[-168,40],[-124,-113],[-69,-218],[14,-142],[39,-122],[7,-147],[93,-129],[-113,-511],[37,-78],[49,-57],[41,-48],[-78,-92],[31,-90],[-109,-195],[-56,127],[-89,-2],[-203,48],[-91,-25],[-114,-31],[-57,-41],[-14,-86],[-58,-84],[-118,-20],[-165,-140],[-124,-15],[-65,-105],[-87,-44],[-36,-95],[-44,-53],[-40,-16],[-31,27],[-72,-9],[-92,-77],[-104,40],[-33,73],[-69,-25],[-15,36],[-244,-45],[-157,5],[-86,73],[-41,-16],[-19,-52],[-37,-21],[-162,68],[-70,64],[-231,63],[-34,20],[-97,58],[-102,404],[-88,30],[-98,-30],[-27,82],[7,61],[69,91],[66,37],[-13,43],[-48,37],[-324,87],[-42,-17],[-29,23],[-101,-194],[10,-78],[53,-41],[-24,-74],[-34,-26],[-36,25],[-28,68],[-138,87],[-113,17],[-110,-28],[-130,11],[-36,57],[-20,110],[-39,43],[-114,33],[-55,-73],[-50,-8],[-109,45],[-60,107],[-108,-70],[8,-30],[53,-32],[-23,-84],[-152,4],[-71,27],[-58,26],[-54,-21],[-7,-115],[134,-152],[-58,-38],[-72,-107],[-100,-76],[-37,-94],[-57,-143],[-161,-131],[-84,-16],[-45,79],[175,75],[39,58],[-1,44],[-95,68],[-82,-27],[-65,21],[70,81],[-20,15],[13,27],[39,-6],[43,33],[110,21],[-39,66],[38,65],[-30,59],[-54,-23],[-77,-87],[-247,-112],[-430,-73],[-73,-103],[-41,-183],[-221,-19],[-99,-36],[-84,-71],[-64,-4],[-91,1],[-106,64],[88,53],[23,104],[34,28],[24,20],[148,27],[80,37],[80,37],[71,113],[173,-2],[104,38],[117,80],[483,79],[25,34],[-4,33],[-93,33],[4,45],[42,68],[-50,71],[-1,53],[41,42],[11,8],[49,15],[36,0],[92,-6],[43,-3],[3,42],[2,28],[60,48],[21,105],[170,133],[18,14],[8,40],[-39,8],[-18,4],[-332,-121],[-49,-18],[-39,-49],[-245,-31],[-80,-40],[-144,-21],[-220,-133],[-214,-41],[-111,-73],[-84,3],[-56,-29],[-15,-9],[-137,-15],[-122,49],[-60,24],[-77,-68],[-34,18],[-54,-23],[-70,-157],[-68,-16],[-29,22],[-104,197],[10,68],[73,100],[-50,19],[2,28],[93,1],[31,88],[46,-19],[52,38],[45,-52],[93,7],[51,-33],[70,-30],[159,153],[-47,78],[-16,75],[37,37],[73,-7],[-19,52],[-9,23],[13,124],[-19,35],[-81,-27],[-74,-111],[-40,68],[-88,-27],[16,118],[-16,58],[-32,3],[-52,-74],[-69,-9],[-72,72],[22,76],[47,66],[-46,63],[-80,-45],[-37,-98],[-55,-14],[8,-77],[-93,3],[-66,-58],[-117,22],[5,115],[20,38],[-43,194],[-51,30],[-65,125],[-38,1],[73,136],[-56,34],[-193,32],[-213,4],[-32,46],[27,58],[174,28],[204,121],[53,57],[7,29],[30,130],[-12,90],[-71,64],[30,109],[-26,181],[-94,94],[-220,-29],[-142,48],[-96,68],[-147,31],[-146,-57],[-86,-82],[-141,259],[-59,45],[-59,10],[-27,74],[-39,31],[-239,-97],[-30,-222],[-30,-39],[-61,40],[-72,-18],[-118,125],[-132,53],[-81,-4],[-58,74],[-102,-65],[-235,74],[0,36],[67,72],[7,149],[37,6],[53,-70],[95,-19],[29,56],[58,13],[83,98],[-10,136],[50,7],[20,27],[-40,68],[-104,41],[-50,-5],[-53,-39],[-10,94],[-80,117],[-37,54],[-57,195],[15,69],[86,62],[133,14],[108,-43],[23,-23],[93,-91],[15,-26],[46,-75],[49,-33],[73,-48],[42,-115],[-65,-47],[7,-99],[113,-110],[46,-83],[19,-33],[65,-38],[32,32],[-36,57],[-11,15],[-24,110],[41,102],[56,1],[104,-122],[84,-20],[288,145],[141,100],[169,17],[125,148],[-40,39],[-76,-44],[-168,-6],[-128,-78],[-66,-2],[-138,111],[-44,72],[-42,22],[-23,12],[-45,87],[-25,10],[-154,56],[-39,41],[-31,33],[-14,78],[-62,13],[24,40],[3,85],[24,26],[139,81],[164,-10],[25,61],[41,31],[-34,50],[-55,83],[65,39],[46,-45],[33,3],[16,31],[-22,44],[9,32],[157,122],[-42,49],[2,67],[-32,35],[-63,-66],[-125,37],[-195,-99],[-133,69],[-31,79],[-9,133],[123,112],[9,55],[-37,39],[-93,97],[-173,63],[-34,32],[-34,32],[-32,90],[-47,47],[-166,-9],[-60,7],[-6,21],[14,79],[41,37],[17,-30],[-25,-34],[67,-24],[-16,51],[44,51],[18,62],[136,124],[44,75],[-19,107],[93,38],[7,103],[131,65],[7,198],[-70,54],[-76,-9],[-83,-83],[-139,-7],[-327,-134],[-336,-155],[-142,-98],[-26,-39],[-201,-47],[-53,-54],[-45,2],[-49,-40],[-151,-52],[-109,23],[-29,27],[32,281],[57,103],[21,143],[-34,138],[-56,105],[13,71],[-11,114],[-53,64],[10,131],[-18,49],[-7,20],[17,216],[30,50],[125,9],[134,93],[17,47],[22,58],[7,116],[70,71],[-25,78],[-9,141],[143,46],[80,67],[70,176],[83,56],[119,202],[5,40],[97,122],[51,27],[96,0],[187,62],[105,-30],[153,49],[51,71],[4,43],[49,52],[119,54],[106,-20],[155,145],[82,-62],[42,-71],[-28,-44],[10,-38],[77,-51],[13,-6],[174,-51],[84,-15],[111,-9],[63,4],[41,18],[25,17],[109,77],[108,-21],[191,41],[188,224],[-17,30],[-81,17],[-74,-25],[-103,70],[-44,62],[-116,40],[-20,73],[62,68],[84,26],[51,-23],[185,56],[325,-23],[15,-33],[-16,-57],[-196,-202],[21,-41],[102,-36],[375,192],[43,22],[475,114],[222,54],[345,-7],[255,152],[184,15],[132,-34],[108,25],[146,63],[44,147],[105,73],[-157,91],[-105,-21],[-79,-52],[-32,-29],[-130,-4],[-153,64],[-138,2],[-23,42],[41,85],[179,135],[34,26],[117,161],[232,62],[80,60],[260,74],[119,67],[77,97],[95,-3],[54,28],[89,134],[18,-41],[82,-42],[41,-11],[148,63],[330,179],[219,25],[46,34],[-4,60],[-35,29],[-81,-20],[-219,-105],[-106,48],[-250,-33],[-80,-57],[-89,-27],[-93,8],[-239,-129],[-69,71],[-14,57],[-57,7],[-90,-33],[9,61],[-26,52],[-300,67],[-123,87],[-142,39],[-70,68],[-15,63],[49,90],[13,134],[28,73],[-14,33],[-32,77],[70,135],[75,72],[180,76],[307,21],[369,-8],[92,36],[123,-9],[406,50],[249,46],[343,104],[66,45],[12,39],[44,16],[1,64],[41,23],[28,65],[128,5],[59,-25],[124,-18],[110,-3],[159,5],[149,18],[78,9],[26,8],[240,-53],[105,21],[114,10],[14,1],[100,21],[121,35],[18,5],[166,64],[77,55],[59,19],[146,62],[108,64],[51,37],[70,87],[79,221],[-16,188],[-60,38],[-5,54],[113,81],[107,125],[171,113],[285,306],[134,186],[214,172],[60,96],[58,37],[155,127],[34,109],[70,95],[-2,57],[79,115],[104,46],[75,101],[66,-5],[30,80],[78,67],[39,81],[110,56],[22,51],[167,64],[62,47],[56,43],[230,109],[163,115],[140,175],[201,128],[28,17],[296,287],[734,124],[424,116],[137,70],[23,7],[130,41],[94,29],[84,2],[53,9],[37,-10],[85,14],[22,9],[172,18],[330,207],[75,-29],[217,33],[313,140],[70,75],[104,196],[31,128],[-10,88],[128,35],[78,-44],[42,-72],[173,11],[-18,-181],[27,-114],[137,-145],[55,-27],[120,-60],[10,-49],[46,-49],[118,-37],[65,-52],[285,6],[120,-48],[122,-4]],[[217851,133916],[-4,-26],[47,-53],[56,-174],[-25,-18],[-63,14],[-31,-27],[-20,-74],[17,-57],[9,-32],[77,-106],[88,-67],[31,-73],[140,-107],[-9,-60],[23,-50],[127,-106],[27,-21],[41,-16],[27,-10],[29,-24],[73,-60],[143,-59],[259,-67],[537,-137],[121,9],[361,-76],[349,-25],[160,57],[78,-28],[7,-69],[-95,-181],[53,-56],[22,-24],[-29,-208],[-84,-100],[0,-63],[-73,-28],[-115,-112],[-46,-8],[-41,-56],[-145,29],[-172,-88],[-117,-34],[-50,19],[-24,91],[-28,20],[-48,-17],[-36,-86],[-301,88],[-34,-3],[-276,-20],[-74,18],[-77,-33],[-98,-42],[-134,-58],[-152,-144],[-5,-87],[-51,-81],[-158,-25],[-82,45],[-185,19],[-371,-176],[-106,-50],[-55,-198],[4,-179],[-181,-280],[-39,-181],[-230,-264],[-64,-54],[-190,-88],[-13,-22],[-71,-114],[-51,-24],[-439,-326],[-66,-80],[3,-87],[-102,-89],[0,-92],[-53,-122],[-162,-152],[-66,-128],[-186,-166],[57,-141],[-75,-119],[-190,-203],[-98,-43],[-18,42],[121,374],[11,105],[-19,85],[-98,74],[-4,62],[-45,28],[154,157],[45,18],[209,244],[96,63],[177,171],[213,90],[53,118],[87,16],[95,122],[-6,20],[-20,75],[-63,70],[-64,3],[-86,-56],[-258,-80],[-143,-150],[-159,28],[-73,-58],[-106,-6],[-122,-68],[-30,-7],[-160,-17],[-119,-43],[-30,-11],[-14,1],[-74,6],[-84,46],[-26,36],[-33,127],[-83,113]],[[214527,128198],[10,-25],[22,-19],[37,6],[24,-72],[8,-62],[-14,-27],[9,-37],[22,-12],[30,8],[0,25],[45,14],[5,-22],[-42,-53],[-50,-34],[-29,-7],[-18,12],[-166,-94],[-39,-33],[-41,-6],[-26,7],[-25,-13],[-3,-19],[-66,-2],[-45,-36],[-17,2],[-24,37],[-39,15],[-68,9],[-25,-3],[-4,82],[42,31],[20,37],[38,39],[45,30],[36,40],[43,34],[66,23],[43,0],[11,21],[30,18],[16,22],[47,30],[33,6],[9,12],[50,16]],[[217829,130143],[221,-33],[-11,-43],[-127,-117],[-90,-58],[-83,-13],[-86,36],[-31,85],[23,49],[54,12],[130,82]],[[214967,127174],[45,-10],[29,-43],[-9,-29],[28,-28],[-6,-18],[-55,-36],[-18,24],[-20,0],[-69,29],[-33,14],[-25,-8],[-29,8],[-23,31],[94,39],[12,5],[49,2],[30,20]],[[217194,123787],[-4,-58],[-108,39],[-21,163],[20,4],[42,-25],[30,-80],[41,-43]],[[217656,129549],[-22,-9],[0,34],[-32,29],[26,41],[-3,43],[32,55],[28,-21],[44,-14],[-31,-45],[-5,-20],[25,-32],[-41,-32],[-21,-29]],[[217890,129700],[19,-18],[26,14],[27,-10],[1,-15],[-27,-53],[29,-34],[-9,-10],[-29,13],[-24,-17],[-74,-3],[-2,56],[29,-5],[24,15],[-33,70],[43,-3]],[[216451,126129],[14,-15],[43,26],[-1,-30],[39,-31],[40,21],[20,-22],[-43,-26],[-28,-5],[-16,-16],[-57,-9],[-22,23],[-31,-15],[-13,7],[11,20],[22,-4],[4,50],[18,26]],[[216350,126201],[41,-7],[15,15],[35,4],[41,-22],[37,20],[1,-37],[-87,-5],[-6,-7],[-48,21],[-10,-14],[-4,-53],[-34,34],[-7,23],[26,28]],[[232179,138254],[-9,-22],[-82,-12],[-46,7],[29,47],[43,25],[15,-3],[50,-42]],[[219802,130194],[-32,-19],[-25,24],[9,37],[-7,59],[-13,30],[63,14],[-3,-29],[-21,-9],[-2,-19],[32,-51],[-1,-37]],[[216386,123510],[-11,-62],[-30,9],[-14,-28],[-16,14],[-12,36],[36,29],[11,21],[24,8],[12,-27]],[[219657,120053],[-46,-25],[-52,23],[-37,28],[-32,11],[15,14],[47,-18],[81,-9],[24,-24]],[[220796,131426],[9,-55],[-21,-3],[-31,59],[9,32],[26,21],[27,-12],[-19,-42]],[[221539,120016],[-40,-22],[-29,14],[-9,32],[50,30],[25,0],[3,-54]],[[223007,120020],[-57,-83],[-9,1],[-21,49],[40,43],[47,-10]],[[219645,120603],[5,-29],[-9,-31],[-32,17],[-29,-33],[-24,-1],[7,47],[23,-6],[26,32],[33,4]],[[225437,119260],[-35,-57],[-17,8],[-45,-25],[-9,5],[32,47],[62,40],[12,-18]],[[233920,121734],[-33,-25],[-13,5],[30,67],[22,-4],[-6,-43]],[[220741,131456],[-42,-27],[-22,12],[39,50],[25,-35]],[[217811,129743],[7,-84],[-22,2],[-3,39],[7,47],[11,-4]],[[217583,129745],[-39,-28],[-1,25],[75,37],[11,-15],[-46,-19]],[[217279,123690],[-22,-20],[-18,15],[-3,34],[30,7],[13,-36]],[[218023,129565],[-23,-6],[-14,15],[16,45],[14,-7],[7,-47]],[[217126,125008],[-11,-21],[-35,11],[-3,24],[40,4],[9,-18]],[[216445,125897],[-43,-30],[-12,9],[33,44],[22,-23]],[[221060,119499],[-17,-22],[-31,23],[11,32],[37,-33]],[[220671,131458],[-15,-24],[-26,11],[1,26],[28,1],[12,-14]],[[218701,121353],[5,-56],[-26,3],[1,44],[20,9]],[[216444,123494],[13,-39],[-44,7],[0,17],[31,15]],[[225134,119025],[2,-22],[-23,-1],[28,62],[25,-25],[-32,-14]],[[220624,131514],[-25,-12],[-22,29],[28,15],[19,-32]],[[219310,120525],[-36,-12],[-17,27],[7,8],[43,-9],[3,-14]],[[214973,127428],[-16,-22],[-30,5],[-6,16],[8,11],[44,-10]],[[216437,125931],[-10,-14],[-27,25],[31,12],[6,-23]],[[158684,174750],[89,-57],[112,-19],[109,11],[62,-28],[40,36],[28,24],[40,7],[122,84],[14,32],[-12,41],[19,18],[73,12],[105,-55],[107,-5],[132,67],[195,61],[42,-14],[-1,-58],[42,-19],[15,19],[-1,54],[88,-3],[19,-1],[39,21],[46,60],[159,23],[133,-18],[213,-160],[148,-69],[97,27],[141,38],[109,-43],[89,-44],[126,-15],[200,-93],[237,-27],[91,37],[152,-73],[120,44],[154,-29],[38,-52],[80,-37],[50,-108],[58,-74],[7,-236],[21,-81],[-22,-27],[-1,-81],[-85,-106],[-52,-36],[-40,-60],[-206,-143],[-16,-50],[-99,-150],[-62,-128],[-15,-30],[-13,-62],[7,-26],[10,-40],[-9,-45],[-23,-36],[-65,-102],[-106,-111],[-46,-65],[-48,-65],[-29,-158],[-46,-86],[-189,-185],[-146,-64],[-38,-35],[-60,-121],[9,-35],[-10,-28],[-109,-70],[-7,-58],[22,-27],[-12,-27],[-110,-124],[-127,-44],[-129,-78],[-31,-19],[-58,-80],[-97,57],[-103,-25],[-105,20],[-49,-11],[-40,-9],[-91,35],[-137,-63],[-151,-111],[-109,-31],[-4,-27],[134,16],[470,151],[128,-42],[19,-22],[-1,-44],[-24,-62],[-60,-83],[47,-25],[64,-80],[104,-51],[28,-20],[81,-127],[-158,-121],[-188,-63],[-93,19],[-83,65],[-71,1],[-321,-197],[-78,-122],[-156,-1],[-166,-52],[-43,-33],[-198,134],[-56,38],[-172,19],[-140,184],[-97,60],[-6,-33],[36,14],[30,-54],[32,6],[76,-124],[12,-108],[48,12],[22,-64],[106,-6],[88,-52],[32,-19],[7,-7],[128,-42],[50,-18],[66,12],[91,-73],[174,-9],[59,-78],[15,-19],[32,-31],[25,-13],[185,26],[85,11],[34,24],[14,32],[12,26],[45,6],[3,58],[88,57],[45,3],[145,-36],[31,-7],[57,-36],[54,-98],[-23,-52],[43,12],[28,-24],[53,3],[26,-19],[76,-55],[101,-129],[66,-56],[163,-29],[102,-57],[16,-84],[61,-56],[6,-75],[37,-101],[40,-88],[-5,-58],[140,-216],[51,-152],[36,-27],[46,12],[20,-42],[-17,-34],[5,-22],[79,9],[105,-125],[15,-70],[-18,-37],[22,-56],[-8,-52],[27,-45],[-16,-133],[12,-34],[-16,-54],[-48,-56],[-4,-39],[10,-92],[50,-68],[-42,-75],[-7,-58],[66,-223],[-48,-95],[26,-169],[35,-76],[42,-158],[-16,-33],[87,-129],[2,-29],[-18,-34],[-11,-234],[31,-129],[0,-114],[34,-75],[41,-89],[81,-79],[-24,-55],[29,-106],[-37,-41],[28,-37],[-74,-69],[-78,20],[-22,-43],[23,42],[80,-30],[79,46],[18,60],[31,28],[119,-74],[83,-80],[100,-29],[57,-54],[9,-3],[153,-56],[67,-95],[47,-3],[9,-11],[66,-89],[138,-85],[54,-89],[-15,-47],[6,-33],[66,-61],[29,-67],[38,-128],[9,-116],[21,-29],[-3,-46],[35,-71],[114,-85],[5,-109],[86,-81],[184,-140],[-31,-26],[-105,-18],[-36,-34],[-51,-82],[-14,-123],[58,-316],[310,-645],[29,-135],[-136,46],[-152,-14],[-71,23],[-164,202],[-53,99],[-41,27],[-29,9],[-21,1],[-42,-3],[-39,-13],[-44,-11],[-11,-3],[-19,0],[-38,-5],[-48,-8],[-26,11],[-39,5],[-85,-9],[-23,4],[-13,8],[-40,46],[-8,8],[-37,13],[-37,-3],[-19,-3],[-92,-50],[-8,-51],[15,-4],[15,37],[113,25],[86,-95],[31,8],[34,-30],[85,38],[294,3],[32,-30],[93,-199],[141,-161],[81,-38],[98,-162],[29,-30],[63,-13],[14,-50],[25,-19],[32,15],[19,-36],[31,-8],[35,-97],[52,-145],[106,-398],[12,-105],[13,-124],[-58,-216],[-7,-28],[-65,-20],[-216,-142],[-33,-21],[-97,-91],[-26,-25],[-61,-92],[-60,-41],[-16,-29],[107,-60],[105,-62],[17,-42],[38,-95],[8,-19],[73,-39],[92,-3],[75,-48],[61,68],[78,47],[107,230],[70,73],[55,20],[193,-26],[70,19],[362,-96],[67,-3],[30,26],[26,-29],[92,-15],[407,-150],[214,-172],[146,-162],[114,-126],[98,-135],[33,-76],[44,-239],[-38,-194],[3,-86],[7,-158],[-43,-85],[-50,-163],[-89,-168],[-84,-116],[-58,-239],[-110,-261],[-175,-80],[-102,-124],[-67,-29],[-37,-56],[-85,-61],[-56,54],[-36,89],[-124,78],[1,-26],[112,-74],[7,-65],[-126,1],[-70,28],[-178,-14],[102,-42],[293,-25],[-89,-140],[58,-58],[2,-28],[-119,-118],[-196,-88],[-133,10],[-22,78],[-45,51],[-24,63],[-23,-73],[31,-46],[-22,-22],[-91,-23],[-49,36],[-97,-1],[27,-22],[7,-51],[-38,-32],[-219,2],[-21,-18],[71,-92],[78,44],[87,-5],[88,55],[57,-7],[20,-52],[-13,-104],[-57,-153],[-119,-9],[-180,72],[-187,21],[-65,-15],[262,-24],[174,-90],[110,-19],[-43,-64],[-164,-97],[-73,-42],[-222,75],[-46,-14],[5,-27],[-13,-13],[-95,-13],[-84,68],[-2,-16],[12,-38],[-17,-1],[-120,-3],[-48,-103],[-36,-16],[-67,3],[-49,2],[-46,63],[-74,-15],[-104,87],[-36,6],[-8,12],[-37,57],[-94,18],[-12,5],[-65,-38],[-64,10],[-26,25],[-22,-4],[-25,-43],[-30,58],[-77,12],[-54,16],[-41,-57],[-36,-4],[-40,-5],[-28,-33],[-27,-4],[-28,20],[-15,47],[-23,7],[30,-52],[23,-25],[27,-6],[17,7],[26,34],[76,4],[42,60],[120,-26],[18,-57],[33,0],[25,31],[101,-25],[84,26],[73,-19],[44,-70],[58,-16],[87,-81],[72,16],[72,-62],[29,-5],[61,-12],[89,19],[25,60],[42,19],[49,-11],[280,-65],[50,-45],[4,-34],[-17,-25],[-133,27],[-47,-55],[-63,-12],[-27,-32],[62,-55],[37,-3],[1,-27],[44,49],[36,-49],[39,30],[11,-26],[22,4],[-16,53],[6,40],[45,6],[-12,-30],[19,-6],[49,94],[239,-107],[75,-128],[-84,-44],[-186,69],[-47,3],[2,-24],[172,-46],[49,-38],[90,-2],[82,-4],[63,36],[138,8],[282,-19],[267,12],[36,-22],[10,-35],[-19,-64],[-39,-55],[-83,3],[-27,-28],[44,-243],[-32,-188],[-51,-58],[-198,-85],[-83,-2],[-77,-51],[-195,-15],[-124,-70],[-55,-59],[-41,-100],[8,-153],[-14,-14],[-27,2],[-103,30],[-11,3],[-14,6],[-23,8],[-28,10],[-122,39],[-82,-31],[-141,-103],[-90,-27],[-183,-25],[-264,-36],[-16,-2],[-233,-194],[-114,47],[-95,40],[-62,54],[-215,101],[-302,121],[-136,10],[-194,-24],[-277,23],[-278,-40],[-71,-10],[-44,15],[-14,-11],[15,-49],[-55,-47],[-177,165],[73,86],[-50,79],[-27,-68],[-28,13],[-8,34],[18,49],[-33,3],[-10,-6],[-27,10],[-16,-9],[-15,2],[-20,20],[-29,3],[-3,-17],[-11,-10],[-35,-7],[-17,-118],[-82,-8],[-30,45],[34,95],[-11,44],[-18,0],[-66,1],[36,-131],[-17,-32],[-34,-8],[-225,192],[-25,67],[-32,6],[-57,75],[-26,47],[-34,-3],[-116,89],[9,-31],[66,-43],[167,-253],[-77,-70],[-78,8],[-56,-40],[-187,-7],[-43,-61],[-61,-24],[-200,84],[-51,0],[-41,-28],[-25,-19],[-199,42],[-120,-40],[-50,54],[-65,4],[-68,41],[-41,-19],[-13,-34],[48,-3],[32,-71],[110,-64],[4,-72],[-63,-101],[-155,-16],[-50,48],[-196,102],[-371,101],[-50,-20],[-41,-64],[-48,-35],[-192,219],[-261,224],[-199,89],[-106,-16],[-136,-29],[-99,24],[-52,-35],[-271,13],[-100,-95],[-132,-50],[-79,34],[-29,172],[-25,18],[-10,-30],[13,-192],[-129,-141],[-36,-65],[-19,-83],[12,-63],[-81,-10],[-41,-71],[8,-64],[83,-37],[-29,-49],[-52,-86],[-70,-8],[-140,-86],[-27,-66],[-58,-140],[-114,-18],[-79,80],[-40,-25],[-11,-8],[-89,69],[-18,20],[13,51],[-17,49],[-8,26],[-96,62],[-10,34],[-147,-11],[-48,18],[-26,51],[-65,32],[1,73],[-3,45],[-60,8],[-29,30],[-18,89],[40,63],[-29,150],[-39,-19],[-3,-4],[0,-15],[12,-11],[7,2],[12,14],[8,-2],[5,-17],[0,-32],[9,-28],[-9,-15],[-14,-6],[-6,-34],[3,-20],[-11,-19],[-26,-8],[-5,-9],[4,-6],[21,-2],[12,-12],[3,-17],[-3,-9],[9,-14],[-4,-7],[-9,-3],[-12,5],[-26,-4],[-6,-10],[11,-16],[18,0],[12,-7],[4,-19],[28,14],[11,-4],[8,-28],[-7,-13],[-36,-5],[-23,-18],[-1,-10],[12,-20],[-4,-13],[-35,6],[-27,-10],[1,18],[11,9],[1,6],[-10,25],[-22,29],[-60,55],[-43,21],[-38,10],[-16,-2],[-25,9],[-21,1],[-36,18],[-90,6],[-29,-20],[-10,-15],[-31,-11],[-13,-12],[-32,11],[-22,-10],[-57,-5],[-28,6],[-26,15],[-130,27],[-66,-19],[-16,81],[-110,-17],[-26,-26],[5,-52],[-54,-36],[-8,-32],[-4,-65],[-55,-62],[-84,41],[-131,-61],[-66,9],[-80,-106],[-40,-22],[-25,59],[-1,107],[-49,-3],[5,-71],[-29,-37],[8,-35],[-66,-44],[-24,-52],[-34,-23],[43,-62],[1,-97],[-94,-89],[-101,8],[-84,-92],[-76,73],[-14,60],[12,84],[-56,139],[-119,91],[-71,19],[-68,74],[-97,13],[-34,-32],[-20,-88],[-80,-44],[-171,-7],[-50,87],[44,61],[7,113],[70,78],[85,9],[194,83],[67,-9],[47,-60],[50,-20],[106,101],[88,-12],[139,61],[95,104],[61,11],[83,54],[58,140],[117,19],[57,33],[46,87],[57,208],[71,-19],[78,37],[19,-84],[24,-12],[-3,64],[20,92],[59,-20],[173,14],[52,51],[52,116],[146,55],[95,100],[151,82],[52,138],[21,205],[48,57],[64,193],[39,45],[83,-18],[129,-96],[66,-23],[88,18],[156,122],[65,-34],[36,58],[-59,22],[-36,188],[57,36],[29,80],[28,25],[196,13],[88,-26],[202,12],[190,-29],[58,19],[113,-49],[168,-71],[142,7],[139,-91],[82,-85],[210,-45],[249,34],[114,-37],[75,13],[2,-43],[62,90],[-8,115],[27,119],[40,2],[17,68],[8,33],[47,31],[4,51],[105,5],[132,135],[96,66],[151,20],[41,-45],[18,-20],[-16,32],[-26,50],[43,47],[40,46],[38,79],[145,116],[68,96],[53,32],[77,42],[41,71],[170,62],[17,40],[-28,26],[-134,-77],[-87,-84],[-186,-72],[-101,-142],[-13,69],[-13,-71],[-52,-36],[-47,-32],[-82,-4],[-265,-75],[-96,27],[-39,43],[-47,-48],[-143,-54],[-73,-23],[-69,-82],[-39,9],[3,-53],[-34,-89],[-296,-9],[-353,117],[-57,123],[-55,66],[2,28],[-34,34],[-97,20],[-80,250],[-25,77],[-52,87],[-61,18],[-167,-2],[-39,-45],[11,-53],[-16,-9],[-72,25],[-57,-14],[-110,46],[-39,-17],[-7,-44],[-111,9],[-137,92],[29,39],[-2,91],[117,74],[19,-40],[99,-33],[171,58],[73,113],[-80,-85],[-43,-11],[-68,10],[-90,82],[-163,6],[-90,146],[5,25],[32,20],[-16,39],[8,76],[-72,-28],[-57,39],[-9,-20],[22,-54],[-21,-18],[-390,48],[-43,-25],[-30,-83],[-64,-71],[-122,-23],[-116,35],[-132,-80],[-47,-2],[-155,91],[-14,104],[-57,81],[28,14],[62,-31],[53,17],[99,-55],[30,61],[-188,53],[-69,47],[-84,1],[-18,-48],[-22,-12],[-71,122],[121,84],[107,16],[28,104],[-25,121],[-133,67],[-151,28],[52,99],[197,72],[172,29],[50,114],[28,25],[112,-32],[36,-64],[73,10],[57,38],[87,-30],[40,53],[95,36],[112,102],[66,-38],[27,55],[27,17],[166,0],[97,-28],[277,152],[102,-3],[190,81],[189,185],[78,115],[129,257],[33,115],[216,40],[-217,30],[-63,166],[50,132],[158,158],[-55,46],[-80,220],[38,114],[11,114],[63,34],[5,29],[-239,49],[-271,-22],[-139,-71],[-45,-58],[-28,-81],[-41,-25],[-111,108],[-237,-27],[-30,26],[87,138],[145,114],[134,63],[115,16],[282,169],[61,85],[34,108],[311,249],[103,35],[208,5],[289,80],[13,52],[-30,58],[9,20],[42,-14],[33,-43],[47,-7],[21,-2],[75,-98],[173,-49],[446,89],[75,-12],[40,-78],[256,-263],[14,1],[4,39],[26,29],[-27,55],[-7,84],[-87,143],[-4,43],[51,37],[219,70],[21,-14],[30,-186],[40,-94],[44,-105],[87,-63],[59,33],[79,-37],[69,33],[5,83],[-63,-41],[-56,27],[-78,18],[-130,142],[-8,9],[-29,86],[-1,91],[-34,82],[-20,159],[-44,72],[3,45],[157,214],[125,122],[14,1],[16,1],[57,65],[112,5],[36,-26],[-26,37],[-104,3],[-71,22],[-67,20],[-56,69],[-6,52],[66,270],[41,119],[41,-3],[16,-65],[36,85],[32,9],[131,6],[38,32],[34,96],[-54,11],[-5,91],[65,91],[61,32],[19,10],[51,68],[-63,192],[27,61],[-58,-7],[-97,-85],[-104,-31],[6,87],[-24,133],[-83,-146],[-162,-158],[-45,-25],[-23,57],[-54,-3],[-16,35],[21,122],[-14,45],[56,17],[47,102],[25,35],[-18,56],[-2,25],[-21,14],[-4,-50],[-50,-55],[2,-47],[-15,-19],[-96,0],[-28,23],[-102,268],[20,131],[11,14],[20,25],[-2,25],[-10,8],[-21,-29],[-18,12],[-144,330],[-35,89],[-37,40],[-8,59],[36,21],[10,6],[64,97],[44,114],[13,106],[106,98],[37,66],[112,83],[25,18],[27,120],[97,167],[92,61],[80,-59],[17,25],[38,6],[12,33],[-40,-3],[-38,38],[58,63],[123,12],[111,-92],[17,-4],[17,14],[-14,34],[38,50],[88,46],[-158,-29],[-86,39],[-111,2],[-77,38],[-78,3],[-88,59],[-70,-38],[-64,4],[-59,42],[-30,78],[-43,-174],[10,-89],[-60,-74],[-163,47],[-137,-49],[-50,89],[-18,-82],[-31,21],[-24,-41],[15,-50],[-11,-22],[-256,-88],[-106,45],[-3,33],[25,63],[-12,50],[-42,-45],[-38,-102],[-89,41],[-67,127],[11,100],[-83,-36],[-56,23],[-84,79],[-39,98],[-55,-58],[-7,-99],[85,-121],[-39,-54],[-2,-58],[-6,-20],[-18,-59],[2,-64],[-78,-63],[-176,130],[-68,91],[-11,35],[-21,68],[-141,165],[-98,48],[-48,92],[-41,24],[-165,-63],[-47,-54],[10,-166],[7,-134],[34,-78],[-34,-111],[-67,36],[-42,59],[-4,47],[33,54],[1,68],[-33,36],[-5,42],[-14,91],[-149,240],[-29,202],[29,131],[28,52],[118,41],[34,-82],[-11,-171],[35,-55],[36,-1],[27,64],[-27,178],[-9,80],[20,59],[91,117],[45,84],[23,41],[66,38],[173,144],[79,152],[16,112],[128,83],[44,115],[67,47],[135,26],[72,141],[-4,51],[-54,84],[28,14],[15,52],[-55,128],[-146,111],[-13,34],[-79,170],[18,58],[76,93],[-5,171],[27,144],[2,40],[59,130],[90,36],[51,-4],[169,-113],[289,-92],[159,-166],[-6,13],[-39,36],[-108,127],[-308,184],[-8,69],[-28,27],[-75,73],[-40,162],[-19,-36],[3,-59],[44,-122],[7,-19],[-56,-16],[-55,37],[0,20],[2,178],[156,210],[121,134],[-67,-45],[-102,-128],[-57,-45],[-26,17],[0,92],[-19,25],[-16,-98],[10,-86],[-57,-107],[-23,-131],[-47,-32],[-14,-93],[-143,-196],[-67,45],[-35,194],[-34,-79],[-29,-14],[-111,123],[-72,-113],[-14,-144],[-19,-27],[-116,79],[-26,135],[45,196],[36,63],[65,95],[198,196],[168,81],[175,156],[8,17],[-11,6],[-63,-5],[-113,-115],[-197,-113],[-188,-148],[-100,-102],[-110,-2],[-8,-27],[-25,-97],[-3,-129],[64,-285],[-6,-126],[-31,-37],[-147,-88],[-109,-170],[-66,-217],[-105,-193],[-127,-168],[21,-110],[-31,-120],[-51,-49],[-69,-29],[-240,10],[-42,51],[33,178],[154,184],[92,300],[141,286],[212,221],[-59,42],[-48,111],[30,109],[79,135],[-68,9],[-6,38],[142,201],[11,18],[-4,11],[-24,-4],[-18,-17],[-92,-96],[-10,22],[63,83],[124,162],[106,62],[12,81],[31,81],[-45,46],[96,197],[-67,101],[-73,-140],[-24,-11],[2,69],[56,145],[51,57],[127,64],[152,190],[101,64],[14,51],[-23,56],[20,50],[285,328],[168,74],[-11,90],[205,210],[23,48],[-21,4],[-163,-125],[-100,-129],[-87,-29],[-162,-108],[-161,-72],[-179,-171],[-172,-54],[-78,56],[-35,63],[-188,89],[-65,109],[-24,89],[21,62],[107,35],[9,26],[-200,95],[-161,41],[-43,74],[59,78],[86,24],[248,-16],[133,-73],[54,61],[1,50],[20,39],[142,94],[-6,46],[-125,29],[-27,28],[158,269],[135,22],[80,-85],[41,-5],[-27,121],[-101,85],[19,79],[100,72],[82,8],[177,-104],[-52,111],[-113,97],[10,52],[57,71],[36,88],[52,66],[-41,50],[-87,37],[4,51],[86,71],[95,-6],[165,33],[66,48],[29,56],[-38,-4],[-160,-93],[-61,37],[21,59],[-7,29],[-214,-84],[-66,16],[-28,59],[35,157],[-36,71],[12,120],[7,18],[48,114],[57,57],[139,-99],[61,-76],[155,-17],[30,15],[-27,40],[-152,56],[-125,265],[11,64],[49,60],[125,27],[-13,49],[-95,111],[49,227],[17,28],[62,22],[60,-24],[41,-173],[45,-60],[34,25],[18,43],[-1,32],[-35,42],[18,41],[3,100],[46,55],[60,-19],[45,-102],[54,-48],[38,1],[58,51],[42,13],[125,-79],[-61,127],[36,17],[189,-111],[106,-110],[-1,29],[-66,110],[-13,86],[-230,324],[-21,121],[41,28],[93,-83],[71,11],[29,35],[36,147],[-85,232],[9,60],[99,-48],[87,39],[101,-40],[114,20],[-34,199],[3,124],[77,51],[69,3],[5,61],[32,82],[-11,78],[10,61],[37,49],[97,76],[102,134],[184,-79],[49,-135],[77,58],[99,-113],[-7,-76],[-110,-120],[-8,-37],[93,50],[114,106],[63,90],[44,15],[81,-28],[73,-94],[1,-61],[-45,-79],[-3,-38],[194,134],[56,0],[84,-42],[141,43],[99,-12],[83,46],[59,-52],[136,-45],[159,-10],[232,90],[104,-14],[31,-32],[23,-28],[96,-2],[101,-39],[20,24],[11,12],[-28,102],[37,31],[88,-63],[159,-9],[70,-51],[153,-48],[-17,-62],[-171,-257],[8,-75],[55,-55],[-14,-67],[-105,-171],[-115,-100],[-334,-131],[-271,-234],[-15,-8],[-425,-211],[-148,-127],[-157,-64],[-52,-59],[-51,-123],[-63,-77],[-115,-4],[-143,60],[-101,11],[302,-181],[151,7],[103,-49],[115,42],[22,-15],[-63,-88],[-277,-242],[-41,7],[-25,55],[-33,19],[-167,-58],[-121,-4],[-141,-52],[-85,-78],[239,74],[120,-33],[124,6],[27,-29],[-160,-192],[-142,-84],[-78,-76],[-239,13],[-69,-12]],[[154846,168604],[-1,-56],[-49,-139],[74,-84],[39,-149],[52,-78],[27,-94],[-8,-83],[41,-21],[1,69],[37,9],[57,-64],[15,-108],[-21,-81],[-33,-45],[-9,-10],[-283,-106],[-51,-33],[-46,-62],[83,-60],[97,50],[103,22],[105,-46],[84,13],[61,-21],[58,-85],[3,-139],[38,-103],[-9,-169],[30,-77],[-25,-75],[-66,-63],[-8,-109],[-41,-33],[-54,-92],[-31,36],[-41,167],[16,42],[75,75],[15,112],[-8,92],[-160,191],[-60,-100],[51,-72],[-19,-43],[20,-45],[-10,-77],[1,-61],[-24,-70],[-65,-98],[35,-20],[108,9],[29,-34],[0,-97],[-1,-47],[-23,-76],[-29,8],[-94,-80],[-50,0],[-41,-44],[-45,48],[-72,27],[-142,11],[-67,-30],[-57,-51],[-11,-116],[-69,-141],[-98,-62],[-38,-24],[-104,-60],[-83,-19],[-41,42],[24,28],[-12,30],[-110,52],[-15,36],[-22,53],[-102,36]],[[152851,169101],[-1,-58],[45,21],[70,-10],[43,-22],[-6,-36],[164,-14],[61,50],[16,66],[46,21],[81,129],[29,83],[106,-93],[224,-49],[52,48],[291,13],[31,34],[81,29],[32,-24],[70,-50],[64,16],[51,-26],[134,-128],[163,17],[94,-101],[39,-108],[-48,-148],[-54,-95],[12,-41],[36,-4],[44,-3],[25,-14]],[[156371,177286],[-37,-21],[-49,13],[-48,-145],[-101,-50],[55,-76],[3,-62],[-21,-123],[-51,-45],[-82,11],[-36,-3],[12,-68],[-39,-72],[-146,-46],[-62,68],[-31,-36],[-30,12],[-42,126],[-3,98],[-28,-4],[-11,-18],[2,-77],[26,-103],[-14,-194],[-30,4],[-47,78],[-33,-30],[0,44],[-42,16],[-19,-36],[28,-74],[-8,-51],[-79,-32],[-59,12],[-89,-81],[-138,-67],[-145,226],[-8,50],[81,-19],[121,72],[71,13],[36,73],[107,29],[-27,58],[-198,119],[-48,86],[14,38],[96,68],[-6,90],[-50,47],[-2,137],[68,127],[75,21],[18,59],[31,47],[123,-38],[23,-39],[0,-61],[54,-36],[41,37],[-5,125],[33,44],[70,-123],[16,-79],[36,-32],[3,55],[-28,20],[13,35],[-26,97],[6,65],[23,31],[232,95],[73,-13],[92,23],[89,71],[95,43],[251,113],[86,67],[24,-17],[48,-117],[-8,-135],[-75,-123],[1,-97],[-231,-167],[-36,-67],[-8,-86]],[[156159,175322],[-25,-129],[-75,-123],[40,-51],[-6,-223],[60,-46],[5,-71],[48,-16],[25,18],[-6,54],[11,30],[66,2],[51,-76],[-54,-80],[63,-70],[246,13],[100,-54],[7,-28],[-17,-43],[-63,-84],[-165,-54],[-17,-60],[-39,-49],[-89,-55],[-118,-109],[-143,-31],[-13,68],[15,41],[67,114],[127,110],[6,22],[-70,31],[-49,86],[-139,-140],[-14,22],[-5,85],[-29,35],[-233,-3],[-11,65],[-69,54],[1,90],[-69,69],[-22,85],[-6,22],[19,58],[8,7],[21,18],[91,-5],[-8,49],[-69,47],[-5,12],[-36,84],[-65,21],[-23,-2],[-54,-84],[-41,-1],[-125,107],[-68,166],[0,41],[23,36],[37,16],[24,75],[37,30],[80,-170],[46,-19],[12,119],[64,41],[-48,133],[55,117],[42,-47],[35,-119],[104,-139],[-2,-7],[9,-2],[14,-18],[29,8],[54,15],[25,-33],[38,-54],[6,31],[-3,13],[-34,139],[29,92],[-7,158],[93,81],[42,58],[27,7],[75,-91],[32,-104],[51,-81],[20,-87],[-46,-237]],[[164785,182476],[-37,-76],[-7,-84],[-51,-46],[9,-60],[-21,-70],[3,-82],[-49,-67],[-29,-70],[29,5],[43,69],[73,20],[-13,60],[18,33],[67,20],[31,-24],[35,-120],[-13,-43],[-35,1],[-21,-27],[50,-24],[15,-45],[39,23],[32,48],[26,-2],[52,48],[19,-8],[-23,-39],[-110,-94],[6,-26],[35,30],[28,-15],[-15,-77],[-133,-7],[3,-50],[99,-45],[4,-27],[-92,-68],[3,-24],[42,-13],[0,-26],[-93,-39],[-8,46],[-27,15],[-32,-74],[16,-23],[-5,-40],[21,-7],[-15,-51],[37,-10],[-9,-68],[10,-37],[-25,-48],[-62,-21],[-40,-102],[-3,-49],[19,-87],[-57,-10],[-7,-40],[19,-71],[-11,-44],[-15,40],[-70,2],[11,-42],[-6,-41],[-16,-58],[-37,-45],[8,-37],[-25,-70],[9,-33],[-11,-30],[-25,42],[-23,-18],[11,53],[-11,40],[-75,-3],[-10,46],[34,36],[26,80],[30,-13],[19,75],[-3,62],[39,50],[115,273],[-2,29],[-58,-133],[-48,-70],[-5,8],[12,42],[-29,-19],[-2,39],[22,24],[18,48],[41,6],[18,42],[32,143],[-35,5],[34,130],[-55,-22],[-15,78],[-23,11],[3,-115],[-37,8],[-39,-72],[-40,7],[-41,-51],[-86,107],[15,37],[49,25],[-10,53],[-59,-56],[-41,34],[-59,-10],[-68,78],[-7,62],[22,97],[34,23],[75,-4],[56,-40],[29,6],[20,34],[40,3],[32,-58],[30,33],[-11,41],[13,32],[92,-77],[27,-60],[14,8],[18,102],[82,58],[2,15],[-44,21],[-8,54],[-24,-15],[-41,-74],[-38,-10],[-46,31],[-6,43],[35,36],[62,-8],[-8,71],[-38,39],[10,60],[-8,98],[-49,-39],[-18,54],[-123,13],[-18,35],[25,33],[46,9],[34,77],[32,26],[67,-85],[7,9],[-2,46],[75,82],[50,95],[93,-28],[23,38],[25,7],[12,-46]],[[156051,172493],[34,-62],[57,-31],[45,-91],[32,-18],[1,-33],[-34,-30],[-3,-51],[-91,-101],[-156,-78],[-82,-20],[-42,16],[-6,31],[45,53],[-27,24],[-111,-62],[-81,5],[-106,-45],[-50,24],[-104,-10],[-143,26],[-69,-30],[-57,21],[-68,84],[32,91],[41,34],[70,-26],[58,-76],[26,52],[141,-35],[200,29],[30,29],[-14,46],[-140,-40],[-137,19],[-5,35],[15,31],[90,57],[60,80],[107,-10],[75,38],[34,47],[-19,22],[-174,-16],[-32,77],[-76,82],[-104,30],[-56,51],[5,35],[68,49],[-17,35],[10,48],[127,-14],[37,58],[148,23],[114,-121],[66,-283],[236,-99]],[[156654,163241],[-7,-42],[99,3],[62,26],[113,-46],[-107,-119],[-206,-95],[-48,-68],[-144,-74],[-65,1],[-43,-26],[-71,48],[-21,53],[-34,-2],[-23,61],[-58,36],[12,64],[-24,41],[-40,72],[-88,15],[-9,94],[-91,35],[-6,70],[31,32],[47,-9],[97,-106],[21,2],[18,59],[-16,48],[59,106],[-7,82],[91,17],[107,-12],[61,22],[210,-83],[17,-50],[-15,-61],[18,-42],[41,-25],[19,-127]],[[155148,170784],[-10,-133],[41,-99],[-13,-227],[-84,-48],[-14,-20],[-10,-16],[-105,-20],[2,-32],[-14,-32],[-15,37],[17,27],[-92,27],[-71,-85],[-76,-26],[-70,64],[43,91],[39,36],[26,3],[34,4],[13,44],[-21,107],[-55,40],[-3,23],[29,45],[118,44],[14,19],[-8,20],[-120,34],[-88,-112],[-98,-86],[-52,-24],[-52,-23],[-44,48],[47,56],[17,59],[84,94],[3,29],[-21,39],[43,40],[15,43],[13,34],[21,34],[66,-10],[81,36],[48,20],[5,-11],[-7,-19],[-51,-105],[6,-26],[21,-5],[0,23],[12,16],[40,82],[23,3],[184,95],[96,11],[17,-23],[-27,-93],[-1,-52],[4,-100]],[[161636,178642],[-25,-53],[-52,17],[-26,-50],[-48,-20],[-21,-30],[56,-36],[40,27],[41,-5],[58,-75],[43,55],[31,-7],[4,-22],[-26,-91],[24,-16],[7,-1],[66,46],[74,2],[9,-23],[-11,-35],[-43,-7],[-30,-6],[15,-47],[-8,-46],[32,-5],[16,-39],[-75,-94],[-58,72],[-9,0],[-16,-42],[-25,14],[13,29],[-39,2],[-33,132],[11,56],[-12,11],[-69,-42],[-86,5],[-85,-43],[-111,16],[-21,55],[11,79],[-18,43],[-34,-30],[-17,-1],[-21,2],[-15,-27],[-32,13],[-23,29],[-8,12],[-3,85],[42,133],[27,20],[9,142],[69,75],[166,15],[93,-84],[94,-69],[-1,-43],[46,-61],[4,-37]],[[156431,169361],[-110,4],[-93,29],[-47,45],[-11,8],[-35,44],[-9,51],[8,40],[-38,37],[14,31],[1,30],[26,36],[7,74],[-26,49],[-21,79],[2,18],[9,25],[18,19],[15,39],[30,54],[17,16],[56,18],[34,39],[32,-4],[10,22],[21,9],[104,-68],[57,-105],[3,-59],[2,-111],[-47,-71],[49,-43],[7,-6],[21,-47],[-48,-39],[-23,-20],[14,-19],[38,-51],[-25,-54],[1,-71],[-51,-49],[-12,1]],[[154781,176124],[-59,-63],[-11,-47],[45,-101],[39,-38],[-98,-166],[-104,-21],[3,-29],[60,4],[3,-27],[-31,-29],[-58,16],[-28,-56],[-35,-27],[40,-45],[10,-57],[-14,-44],[-31,-3],[-6,44],[-35,-21],[-37,47],[-61,3],[-82,79],[-13,67],[23,59],[72,34],[125,-75],[13,11],[-1,39],[19,37],[-70,41],[-39,122],[-73,88],[-89,10],[-52,89],[12,30],[103,111],[56,-16],[61,-64],[113,85],[-3,-54],[21,-18],[29,34],[11,-5],[-10,-55],[58,49],[96,29],[28,-67]],[[155343,170636],[-100,4],[-65,80],[11,161],[31,57],[81,81],[136,35],[-28,78],[28,43],[75,88],[379,202],[44,16],[22,-18],[3,-43],[-21,-56],[-226,-251],[-67,-78],[-114,-179],[-116,-84],[-73,-136]],[[160352,155375],[10,-26],[10,14],[33,0],[43,-65],[40,-22],[-4,-8],[99,-21],[34,-22],[50,-24],[13,-47],[-3,-27],[26,-8],[17,-31],[-48,-28],[-8,-15],[-64,-1],[-36,-16],[-33,-31],[-19,-44],[-9,-50],[-20,-22],[-124,-29],[-80,-4],[-21,11],[-13,33],[-33,42],[-37,29],[-40,53],[-34,26],[-60,34],[-28,29],[-33,48],[-40,14],[-106,-6],[-4,8],[12,26],[36,10],[29,35],[6,21],[25,13],[61,-11],[30,4],[56,27],[29,7],[20,-9],[-6,-28],[20,11],[18,-10],[1,35],[78,16],[24,31],[46,32],[37,-4]],[[154311,174649],[-32,-34],[-178,53],[-23,34],[-12,44],[15,298],[58,134],[42,37],[21,69],[4,161],[49,25],[80,-15],[81,-83],[30,-106],[-33,-36],[54,-83],[-9,-47],[-63,-35],[-58,-85],[-43,-29],[26,-94],[-20,-66],[-98,-29],[-3,-14],[85,-47],[27,-52]],[[165236,182537],[-17,-57],[-43,27],[-21,36],[-4,-37],[28,-59],[-37,-63],[38,-68],[-29,-67],[-38,-11],[19,-48],[-28,-89],[-49,-5],[-31,22],[-24,-33],[-27,13],[-45,39],[-14,74],[16,99],[-16,25],[16,39],[-3,50],[36,91],[38,40],[9,-58],[7,1],[62,224],[12,28],[19,5],[126,-27],[11,-65],[-11,-126]],[[161236,178191],[-13,-26],[2,-20],[21,-25],[-14,-44],[8,-2],[-6,-33],[26,-7],[8,-15],[-47,-18],[-14,-28],[12,-7],[27,5],[20,-6],[20,10],[17,-12],[-21,-51],[-64,-7],[-18,6],[-28,27],[30,35],[0,13],[-42,2],[-18,-10],[-12,-24],[37,-36],[-15,-14],[-23,28],[-58,-1],[-34,69],[4,18],[-12,24],[8,11],[-44,64],[-1,60],[6,15],[-18,23],[-19,0],[-40,14],[-1,13],[24,36],[22,53],[26,28],[35,-2],[40,15],[37,-18],[-5,-25],[18,-12],[-9,-23],[42,-14],[67,-63],[19,-26]],[[165474,182948],[5,-7],[47,60],[63,-30],[14,-35],[-32,-24],[14,-35],[-9,-37],[-51,9],[9,-67],[-31,-2],[-3,-14],[15,-12],[-6,-34],[-75,-74],[-1,-24],[31,-25],[-13,-26],[-27,-8],[-66,39],[-50,-25],[-37,35],[14,34],[-3,52],[29,0],[3,52],[28,30],[23,67],[-3,59],[107,118],[14,-29],[-9,-47]],[[156767,170140],[-13,-27],[-38,13],[-29,100],[-54,51],[-7,7],[-7,103],[19,79],[-69,104],[-14,77],[62,46],[127,-160],[-16,-33],[77,-104],[-7,-159],[-39,-45],[8,-52]],[[155633,173890],[-104,-52],[-54,61],[-9,59],[-65,79],[-19,41],[116,80],[94,17],[92,-89],[4,-31],[-20,-30],[18,-29],[-5,-24],[-48,-82]],[[154653,172912],[-9,-39],[-114,10],[-14,-19],[10,-30],[-33,-32],[-98,10],[-30,-28],[-33,-77],[-107,62],[21,80],[-1,49],[26,32],[54,20],[102,-45],[95,38],[19,-5],[13,-20],[23,-1],[12,10],[20,7],[18,21],[11,-31],[15,-12]],[[154962,172997],[-103,-19],[-17,18],[-26,-24],[-42,27],[-40,-35],[-18,29],[41,35],[51,9],[98,92],[144,75],[66,20],[47,-14],[2,-1],[0,-19],[-12,-25],[-94,-112],[-37,3],[-60,-59]],[[153992,174352],[-12,-13],[-21,8],[-104,-76],[-59,30],[-56,-5],[2,-34],[-21,-24],[23,-15],[-7,-18],[-51,6],[-4,18],[16,23],[-24,33],[41,79],[65,18],[17,42],[24,46],[80,24],[33,64],[23,-38],[-31,-52],[46,-88],[20,-28]],[[156391,175262],[-3,-49],[-45,-71],[-56,-55],[-9,-117],[16,-67],[-6,-28],[-47,-51],[-48,-9],[-19,16],[-17,71],[28,68],[17,110],[52,82],[63,-3],[6,84],[30,-9],[38,28]],[[161608,179033],[14,-17],[20,2],[-4,-39],[28,-20],[47,-6],[25,17],[19,-2],[12,-36],[18,-28],[17,8],[22,-26],[-35,-90],[-18,34],[2,59],[-11,-7],[-13,52],[-25,-31],[8,-69],[-7,-9],[-43,-12],[-68,11],[-42,40],[-18,25],[-7,33],[-16,16],[1,30],[22,14],[8,21],[44,30]],[[161679,177980],[-3,-33],[-35,-22],[-14,-24],[-26,-19],[7,-25],[-16,-32],[-20,-17],[35,-43],[-25,-48],[-62,-3],[-4,29],[-26,47],[19,19],[11,63],[-17,9],[-28,56],[19,17],[12,-35],[25,13],[6,14],[-18,19],[-8,23],[-39,-15],[-4,10],[29,27],[30,-15],[44,10],[5,-25],[20,13],[59,7],[24,-20]],[[162502,179087],[-56,-49],[-33,-4],[-23,-34],[-37,12],[-19,-59],[-12,24],[4,35],[-29,-12],[-38,8],[-111,-101],[-7,14],[20,62],[143,98],[15,25],[7,55],[72,5],[1,-13],[-40,-58],[21,-23],[146,48],[53,45],[15,-68],[-92,-10]],[[161907,179256],[19,-83],[29,-19],[8,-43],[-61,-37],[12,55],[-45,86],[-35,25],[-17,-3],[1,-35],[-51,-18],[-38,49],[8,73],[-34,66],[6,7],[76,-11],[74,62],[8,-19],[-24,-52],[-30,-18],[-2,-14],[48,-44],[48,-27]],[[165394,182442],[27,-17],[18,-1],[11,-23],[-7,-39],[18,-24],[14,3],[14,29],[24,4],[-3,-23],[11,-11],[-14,-30],[-27,-18],[-2,-18],[-21,-22],[-6,21],[-11,0],[-15,37],[-24,-8],[-13,29],[-18,-4],[-29,8],[-4,-17],[23,-15],[10,-40],[-35,-10],[-24,31],[-13,70],[-23,50],[25,45],[30,-12],[19,-21],[16,2],[29,24]],[[155149,171361],[-48,-25],[-7,30],[-26,-12],[-19,10],[0,20],[-14,7],[13,14],[5,43],[23,16],[-8,8],[22,29],[9,5],[64,34],[36,-7],[19,34],[52,21],[2,-40],[-55,-69],[-14,-25],[-50,-37],[7,-28],[-11,-28]],[[162237,178697],[21,-24],[60,9],[-13,-57],[26,-27],[-32,-35],[-26,19],[-22,-17],[-17,4],[-20,-10],[-5,13],[14,31],[-1,22],[-39,36],[-26,-10],[3,-37],[-14,-30],[-40,4],[-7,31],[29,33],[12,24],[25,5],[28,-6],[18,20],[-2,18],[-20,24],[-20,56],[43,12],[10,-41],[28,-18],[-14,-33],[1,-16]],[[156614,177300],[3,-22],[-11,-17],[-143,-65],[-40,68],[39,30],[24,19],[16,-5],[29,15],[38,39],[52,8],[14,20],[35,-16],[-9,-21],[-13,-1],[-6,-26],[-28,-26]],[[162071,179043],[15,-12],[18,42],[10,2],[21,-46],[-19,-8],[-12,8],[-5,-40],[-24,-22],[-9,-26],[-15,-9],[-1,-30],[-11,-60],[20,-35],[-9,-17],[-38,10],[-29,-8],[1,60],[-21,35],[-12,6],[3,40],[35,-16],[33,11],[13,37],[-13,33],[14,33],[-3,22],[14,16],[38,18],[1,-14],[-15,-30]],[[161904,178580],[-17,-30],[11,-32],[0,-23],[-35,-20],[-10,14],[-38,27],[-33,7],[-11,-38],[-12,-8],[-13,48],[-22,8],[0,10],[40,68],[22,23],[16,-31],[41,-20],[27,15],[9,34],[32,4],[22,15],[5,-14],[-12,-34],[-22,-23]],[[155835,173734],[-28,-73],[-3,-24],[-46,-36],[-31,7],[-31,28],[-31,35],[15,50],[39,15],[37,-11],[10,10],[0,46],[22,16],[21,2],[24,-33],[2,-32]],[[164903,181265],[-7,-71],[32,3],[-3,-35],[-67,-123],[-46,52],[2,39],[17,34],[-10,34],[-15,14],[-7,27],[5,18],[28,3],[50,-24],[21,29]],[[155396,172616],[44,-49],[23,-2],[32,-46],[-30,-18],[-43,13],[-20,-7],[-15,28],[-43,2],[-32,35],[-25,18],[-28,5],[2,41],[37,-3],[16,-16],[82,-1]],[[154902,176030],[6,-17],[-59,-63],[-16,-8],[-17,20],[-16,-18],[-16,2],[-16,31],[18,16],[14,-14],[16,24],[-49,16],[-13,-5],[4,35],[-8,13],[18,18],[30,-13],[14,8],[-5,-23],[47,0],[3,24],[26,20],[8,-17],[-21,-16],[32,-33]],[[161971,178179],[-85,1],[-10,84],[71,34],[55,16],[6,-8],[-1,-19],[-36,-108]],[[165098,181638],[-35,-4],[-32,30],[58,76],[65,30],[56,-4],[0,-13],[-112,-115]],[[156471,172373],[-123,-57],[-4,7],[37,66],[72,27],[114,97],[40,-2],[1,-13],[-20,-26],[-117,-99]],[[155969,171515],[-35,5],[-32,13],[-6,23],[13,20],[21,7],[11,19],[64,17],[-21,45],[35,34],[-5,-81],[10,-23],[-8,-18],[6,-29],[-5,-16],[-20,1],[-28,-17]],[[155343,174270],[28,-22],[-12,-39],[29,-7],[-2,-25],[-68,24],[2,32],[-46,13],[-44,-24],[-40,2],[-14,29],[37,17],[49,0],[7,14],[38,-16],[36,2]],[[155201,176698],[-24,-38],[-28,-12],[-31,41],[-15,0],[-10,-25],[-41,-11],[-1,23],[22,29],[36,-2],[21,38],[20,12],[49,-5],[2,-50]],[[154699,169330],[-32,-48],[-9,-31],[-18,-18],[-9,26],[6,26],[21,19],[-5,19],[-47,21],[-53,-3],[-37,19],[12,16],[43,18],[27,0],[25,-23],[37,-8],[33,-19],[6,-14]],[[160986,155323],[-7,-10],[-56,22],[-70,20],[-2,14],[34,5],[27,22],[17,45],[-1,17],[18,15],[33,-11],[9,-17],[-17,-45],[-7,-51],[22,-26]],[[163522,181293],[-23,-19],[-3,17],[-52,68],[24,34],[49,10],[19,-6],[11,-45],[-12,-17],[-13,-42]],[[155565,170145],[-16,-12],[-3,16],[14,36],[-4,43],[91,110],[22,3],[-69,-165],[-35,-31]],[[156443,172164],[-10,-28],[-50,-34],[-6,-13],[-40,-38],[-13,-6],[-12,28],[-34,8],[12,21],[31,17],[10,26],[30,-5],[23,11],[23,-7],[36,20]],[[154853,176292],[-21,-41],[-18,7],[-6,-15],[-29,-20],[-15,22],[-16,-15],[-26,19],[24,23],[31,41],[57,-1],[19,-20]],[[156948,170142],[-25,-18],[4,22],[-26,1],[-28,-20],[-4,26],[62,91],[18,8],[25,-8],[-14,-52],[6,-21],[-18,-29]],[[155110,177014],[-24,-2],[-9,20],[-37,9],[-13,31],[-2,29],[31,11],[10,12],[24,-15],[24,-30],[-4,-65]],[[161692,178040],[23,-12],[-8,-19],[-28,-6],[-21,13],[-31,-3],[-38,20],[-9,14],[36,19],[35,-20],[12,44],[37,1],[-8,-51]],[[155886,174396],[-18,-24],[-27,12],[-10,-13],[6,-26],[-25,-14],[-22,4],[-20,26],[-4,33],[42,16],[22,1],[18,15],[31,-13],[7,-17]],[[158230,155026],[-30,-14],[-1,11],[11,22],[8,45],[21,43],[-14,31],[7,7],[43,-18],[17,-53],[-7,-19],[-23,-16],[-32,-39]],[[156436,175332],[-13,-31],[-19,10],[-1,28],[0,34],[25,14],[10,58],[22,13],[22,9],[3,-28],[-49,-107]],[[158685,164987],[0,-37],[-10,6],[-38,92],[-21,88],[12,91],[17,-21],[5,-122],[22,-42],[-3,-29],[16,-26]],[[161960,179345],[-15,-20],[-12,17],[-18,-12],[5,64],[26,34],[7,28],[18,32],[15,5],[11,-35],[-21,-21],[-20,-38],[9,-28],[-5,-26]],[[164127,181819],[11,-16],[3,17],[16,0],[2,-23],[-14,-13],[5,-19],[-33,-13],[-14,3],[0,32],[-21,-16],[-18,49],[15,19],[15,-1],[33,-19]],[[154992,172180],[-26,-16],[-27,14],[-4,13],[37,16],[7,44],[43,16],[31,-5],[-14,-33],[-47,-49]],[[163859,179630],[-14,-69],[-20,6],[-10,-28],[-35,0],[-2,24],[18,10],[11,48],[11,22],[41,-13]],[[154783,176399],[-22,-8],[-35,12],[-19,41],[16,16],[24,-4],[7,9],[36,-9],[14,-34],[-21,-23]],[[154387,175749],[-2,-19],[-17,13],[2,42],[-11,39],[5,27],[32,19],[21,-27],[-2,-33],[-16,-7],[7,-33],[-19,-21]],[[154190,174521],[-23,-17],[-18,27],[10,62],[31,9],[36,-8],[-36,-73]],[[162637,179293],[-17,-15],[-36,30],[33,68],[29,5],[6,-16],[-15,-72]],[[161385,177998],[-63,-8],[-10,11],[-6,34],[29,19],[43,9],[-11,-23],[21,-27],[-3,-15]],[[151154,154725],[-20,-28],[-23,4],[-17,-12],[-8,19],[-28,-13],[-8,24],[22,18],[19,-3],[-1,18],[32,22],[31,-31],[1,-18]],[[152878,177024],[-14,-8],[-15,10],[-16,-22],[-43,36],[1,27],[37,9],[21,-14],[13,-9],[16,-29]],[[153497,173947],[-38,-11],[-9,27],[9,42],[8,8],[56,0],[-26,-66]],[[155615,173558],[9,-27],[-37,-25],[-18,26],[-32,-6],[-8,22],[27,23],[12,-13],[47,0]],[[155050,171284],[-31,-12],[8,36],[-13,27],[6,7],[54,-6],[27,-9],[-13,-17],[-19,4],[-19,-30]],[[156163,171600],[-38,-20],[3,54],[16,33],[25,-5],[2,-26],[-8,-36]],[[153737,174111],[-26,6],[-16,24],[-5,28],[16,9],[29,-7],[14,-13],[-12,-47]],[[161140,178384],[29,-29],[11,9],[13,-21],[-5,-17],[-25,-6],[-34,24],[-1,36],[12,4]],[[151075,154859],[19,-35],[-9,-20],[-21,-10],[-2,44],[-11,12],[-16,-34],[-18,5],[-1,20],[39,34],[20,-16]],[[154696,157506],[-18,-4],[-10,41],[14,21],[1,43],[8,13],[15,-48],[-10,-66]],[[161733,178667],[-16,-20],[-9,14],[-20,-6],[-5,18],[-23,11],[4,17],[46,6],[0,-30],[23,-10]],[[161278,177595],[-34,-3],[-3,8],[7,14],[19,45],[11,4],[14,-42],[-7,-14],[-7,-12]],[[164984,181114],[-19,-21],[-23,32],[-7,30],[51,-7],[-2,-34]],[[161760,169004],[-36,6],[-9,41],[21,13],[31,-14],[-7,-46]],[[165249,182408],[-23,-23],[-27,10],[-3,-23],[-15,10],[22,30],[5,20],[33,-7],[8,-17]],[[164226,181391],[-27,-5],[-22,32],[32,22],[24,-25],[-7,-24]],[[157574,176433],[-20,-1],[-10,24],[10,34],[16,8],[14,-11],[-10,-54]],[[161302,178051],[-27,1],[-10,41],[15,22],[31,-43],[-9,-21]],[[164088,156668],[-6,-43],[-29,13],[-9,65],[27,5],[-4,-35],[21,-5]],[[156539,174761],[-16,-11],[-27,11],[-5,40],[33,3],[15,-43]],[[161744,178776],[-29,-19],[-31,27],[7,9],[47,12],[6,-29]],[[157559,176567],[-9,-27],[-36,25],[-8,-11],[-11,25],[30,21],[6,-19],[28,-14]],[[156857,170049],[-21,-10],[-14,29],[8,15],[39,19],[4,-10],[-16,-43]],[[156563,169549],[-22,-15],[-4,30],[-15,16],[1,28],[27,-4],[13,-55]],[[154952,176053],[-11,-22],[-14,-1],[0,23],[-21,-9],[-2,36],[6,10],[25,-14],[17,-23]],[[154047,175902],[-36,-37],[-28,21],[10,30],[14,-20],[36,20],[4,-14]],[[154098,174449],[3,-43],[-20,9],[-13,-24],[-29,29],[12,14],[12,-10],[35,25]],[[155042,166958],[-21,-21],[-3,68],[23,22],[11,-21],[-11,-16],[1,-32]],[[153955,159697],[-18,-73],[-24,52],[18,29],[24,-8]],[[156586,170307],[-16,-20],[-12,18],[0,29],[14,36],[9,-7],[5,-56]],[[165477,181832],[-32,-3],[-21,13],[9,23],[35,-3],[9,-30]],[[153964,159311],[-29,-34],[-27,22],[0,19],[24,11],[32,-18]],[[165389,182528],[-24,-2],[-16,44],[12,9],[28,-28],[0,-23]],[[157410,176177],[-1,-61],[-25,16],[-1,33],[7,15],[20,-3]],[[153612,174050],[-45,11],[17,22],[27,4],[16,-18],[-15,-19]],[[164548,181715],[-21,-15],[-11,19],[19,17],[-3,18],[17,1],[11,-15],[-12,-25]],[[154318,175956],[12,-34],[28,-4],[-20,-29],[-18,11],[-12,43],[10,13]],[[154650,176289],[-9,-35],[-25,11],[1,37],[18,3],[15,-16]],[[155564,177482],[-31,-36],[-8,18],[23,45],[11,-2],[5,-25]],[[151156,154852],[21,-14],[21,3],[3,-14],[-36,-8],[-36,32],[23,20],[4,-19]],[[154982,176336],[-8,-18],[-25,38],[0,11],[28,12],[5,-43]],[[164697,180762],[-22,-26],[-8,43],[-16,9],[13,12],[33,-38]],[[159165,155364],[-8,-24],[-42,9],[-6,16],[27,11],[29,-12]],[[155542,174971],[-16,-4],[-12,20],[33,26],[11,-15],[-16,-27]],[[153489,173888],[-25,-6],[-21,28],[13,9],[37,-14],[-4,-17]],[[159462,177621],[-25,-21],[-15,9],[3,27],[37,-3],[0,-12]],[[164718,182125],[-24,-3],[-7,13],[17,28],[13,3],[1,-41]],[[154453,176189],[-43,-9],[-3,15],[9,15],[39,-5],[-2,-16]],[[154023,174511],[-20,3],[-5,13],[30,26],[13,-20],[-18,-22]],[[155631,169074],[-33,-11],[-20,17],[18,14],[27,-4],[8,-16]],[[151040,154652],[-29,-4],[-9,34],[4,8],[41,-21],[-7,-17]],[[156722,172595],[-23,-42],[-19,25],[14,19],[28,-2]],[[161987,179005],[-21,-34],[-4,33],[16,39],[9,-38]],[[164465,180948],[-20,-21],[-16,14],[36,36],[0,-29]],[[154938,158813],[-23,-18],[-23,17],[0,13],[27,5],[19,-17]],[[156455,174598],[-33,-9],[-4,23],[31,12],[6,-26]],[[165041,181712],[-14,-6],[0,31],[19,17],[8,-9],[-13,-33]],[[157535,176488],[3,-23],[-19,-12],[-22,3],[5,26],[17,-12],[16,18]],[[155940,171759],[-37,-10],[-5,12],[16,14],[27,3],[-1,-19]],[[155399,161940],[-16,-38],[-18,12],[10,34],[24,-8]],[[154966,176282],[-18,-11],[-15,35],[20,10],[13,-34]],[[155138,177232],[-7,-31],[-25,16],[10,24],[22,-9]],[[164507,181222],[-7,-28],[-26,11],[18,28],[15,-11]],[[155172,172467],[-15,0],[-1,21],[28,21],[2,-18],[-14,-24]],[[156123,176446],[-9,-26],[-19,58],[23,6],[-8,-27],[13,-11]],[[155322,172486],[-20,-12],[-10,34],[28,6],[2,-28]],[[157528,176376],[-31,-32],[-5,23],[19,23],[17,-14]],[[161930,178758],[-12,-13],[-12,31],[25,20],[-1,-38]],[[161317,178180],[-22,-28],[-9,30],[11,17],[20,-19]],[[156419,174697],[-21,-4],[1,28],[11,18],[14,-29],[-5,-13]],[[153957,175918],[-5,-26],[-35,15],[14,18],[26,-7]],[[161689,169053],[-22,-17],[-14,27],[26,15],[10,-25]],[[155525,175086],[-10,-41],[-19,25],[17,26],[12,-10]],[[153020,177142],[-16,-7],[-17,16],[25,28],[5,-10],[-2,-16],[5,-11]],[[153861,174183],[-27,-18],[-2,33],[24,9],[5,-24]],[[154687,176201],[-27,-19],[-9,25],[22,15],[14,-21]],[[162697,179356],[-30,0],[-4,11],[29,24],[5,-35]],[[158755,164961],[-11,-36],[-28,20],[18,20],[21,-4]],[[157657,176383],[-22,-36],[-13,12],[22,38],[13,-14]],[[162027,178089],[-22,-10],[-3,34],[30,-1],[-5,-23]],[[164481,181136],[-26,-23],[-6,28],[26,15],[6,-20]],[[153634,174116],[-7,-14],[-24,6],[-1,14],[13,19],[19,-25]],[[164943,182038],[-14,-14],[-14,28],[19,19],[9,-33]],[[155770,169447],[-32,-2],[-10,18],[36,11],[6,-27]],[[153994,175942],[-15,-38],[-21,17],[10,19],[26,2]],[[154026,174388],[-5,-35],[-26,18],[-1,17],[32,0]],[[161399,177767],[-19,-13],[-7,12],[6,20],[24,8],[-4,-27]],[[156090,175999],[5,-39],[-25,6],[-8,17],[28,16]],[[158095,177174],[-18,-4],[9,27],[25,19],[-2,-24],[-14,-18]],[[157389,176340],[-18,0],[-4,17],[27,22],[5,-14],[-10,-25]],[[164927,181964],[-25,-3],[-3,11],[27,33],[1,-41]],[[162443,178959],[-19,-14],[-8,20],[12,20],[14,-3],[1,-23]],[[156314,168831],[-13,-5],[-6,21],[18,21],[7,-11],[7,-9],[-3,-14],[-10,-3]],[[161531,178892],[-20,-20],[-15,14],[12,26],[23,-20]],[[154757,176525],[-25,-40],[-3,37],[11,18],[17,-15]],[[159350,177576],[-10,-19],[-19,28],[25,21],[4,-30]],[[164863,182189],[-9,-19],[-20,28],[24,19],[5,-28]],[[165277,182546],[-22,-23],[-6,27],[11,22],[17,-26]],[[155569,175036],[-21,-5],[-5,24],[5,15],[9,9],[12,-43]],[[155265,176763],[-16,1],[-3,25],[19,15],[8,-22],[-8,-19]],[[162288,178794],[-2,-42],[-21,6],[-3,20],[26,16]],[[155159,172692],[-14,-14],[-14,29],[13,29],[15,-44]],[[155326,167392],[-19,1],[-14,25],[17,12],[18,-20],[-2,-18]],[[157487,176509],[-16,3],[5,27],[11,9],[16,-22],[-16,-17]],[[164441,180886],[-9,-23],[-11,6],[-1,35],[14,8],[7,-26]],[[161573,178052],[-22,-15],[-8,25],[30,17],[0,-27]],[[155093,172652],[-23,-8],[-1,32],[23,10],[1,-34]],[[161369,177941],[-15,-17],[-18,14],[8,16],[24,7],[1,-20]],[[156158,176466],[-20,-15],[-14,16],[24,27],[10,-28]],[[153959,159179],[-30,-3],[-4,12],[13,18],[22,4],[-1,-31]],[[155579,170115],[-26,-46],[-14,15],[31,37],[9,-6]],[[152782,177090],[-32,-6],[1,21],[37,9],[-6,-24]],[[155603,172483],[-11,-21],[-32,25],[12,14],[31,-18]],[[164601,181777],[-25,1],[1,23],[28,6],[-4,-30]],[[164440,180722],[-8,-8],[-27,12],[16,31],[19,-35]],[[155440,175509],[-14,-7],[-4,47],[21,1],[-3,-41]],[[157696,179646],[-8,-40],[-26,0],[0,23],[13,-4],[21,21]],[[155542,177535],[-13,-10],[-10,28],[14,19],[11,-6],[-2,-31]],[[162253,178447],[-22,-32],[-7,33],[9,18],[20,-19]],[[155997,171705],[-26,-11],[-12,13],[21,28],[17,-30]],[[156827,175842],[-13,-36],[-26,24],[7,10],[32,2]],[[155509,177560],[-10,0],[-13,34],[10,12],[14,-12],[-1,-34]],[[164362,157504],[-26,-15],[-17,23],[37,14],[6,-22]],[[165564,182739],[-16,-21],[-9,14],[16,25],[9,-18]],[[155073,155450],[-15,-24],[-11,9],[3,19],[22,10],[1,-14]],[[165558,182760],[-4,-4],[-7,10],[8,13],[6,-4],[-3,-15]],[[164453,180884],[-9,-17],[-5,15],[9,10],[5,-8]],[[195037,164739],[9,6],[25,-25],[35,-9],[145,19],[107,23],[132,32],[118,40],[47,16],[81,35],[35,18],[58,29],[78,48],[83,61],[8,6],[64,58],[58,63],[17,-12],[-143,-142],[-218,-150],[-274,-116],[58,-78],[-10,-41],[16,-39],[205,-11],[1,-93],[14,-6],[32,113],[127,158],[236,118],[78,109],[54,133],[80,49],[186,0],[656,4],[410,-15],[121,-4],[93,24],[513,26],[435,-2],[188,33],[116,-13],[176,37],[16,2],[11,11],[92,20],[69,10],[100,24],[136,26],[184,37],[49,6],[25,9],[46,13],[203,35],[65,14],[69,28],[13,-6],[137,24],[13,12],[90,17],[64,21],[20,-1],[22,9],[41,9],[28,6],[59,9],[69,25],[43,7],[33,12],[47,3],[45,24],[77,18],[106,25]],[[202638,164788],[17,-113],[48,-124],[1,-18],[21,-10],[20,-1],[9,-12],[-7,-17],[13,-12],[-2,-15],[10,-10],[-9,-16],[13,-83],[22,-74],[67,-60],[15,-43],[11,-58],[10,-26],[13,-28],[111,-243],[73,-160],[86,-152],[324,-564],[77,-46],[37,-84],[100,-98],[-20,-210],[115,-163],[41,-104],[12,-32],[-17,-99],[12,-83],[22,-32],[33,-161],[8,-16],[28,-51],[42,-265],[-54,-93],[-184,-221],[-200,-68],[-69,-47],[-80,-55],[-103,-104],[-150,-263],[-40,-111],[-164,-450],[39,-16],[15,-100],[24,-30],[199,-6],[76,-3],[58,-14],[21,-41],[42,-10],[40,29],[68,1],[12,-12],[0,-55],[39,-29],[80,-60],[76,13],[16,2],[102,-97],[2,-39],[32,-45],[14,-61],[56,-69],[-22,-75],[-34,-38],[10,-58],[-36,-48],[44,-66],[-4,-43],[-26,-18],[18,-54],[-4,-56],[25,-11],[47,-71],[-13,-68],[-45,-45],[-17,-18],[-39,-10],[-37,-75],[38,-28],[28,-63],[13,-86],[-17,-55],[31,-125],[74,-111],[-2,-59],[49,-7],[31,-5],[24,-26],[-1,-23],[33,-47],[70,-14],[9,-24],[-26,-65],[60,-15],[47,-86],[-16,-37],[6,-74],[-31,-39],[-20,-77],[6,-50],[38,-61],[49,9],[54,-26],[93,-159],[122,-65],[38,-47],[83,-26],[14,-41],[-19,-38],[23,-60],[41,-49],[57,-10],[47,-97],[18,-76],[73,-52],[37,-85],[175,-136],[165,-40],[-24,-69],[-67,-41],[-141,-17],[-27,-32],[-18,-93],[33,-56],[81,-8],[30,-115],[90,-12],[10,-96],[41,-28],[36,-87],[30,-223],[-6,-149],[-33,-164],[-38,-42],[-17,-64],[-326,-86],[-129,-76],[-34,-50],[-11,-109],[-66,-50],[-66,-133],[-16,-33],[-50,-54],[-118,-119],[-219,-309],[-55,-77],[-380,-786],[-45,-39],[-9,-89],[-72,-101],[-88,-205],[-66,-69],[-20,-94],[-73,-143],[-54,-107],[-14,-77],[-38,-69],[33,-50],[83,-34],[81,-185],[16,-36],[42,-97],[32,-136],[13,-181],[-18,-43],[-11,-26],[17,-11],[35,-21],[-20,-66],[-17,-57],[19,-13],[9,9],[41,36],[1,-69],[69,8],[109,-99],[110,-34],[-21,-91],[17,-64],[49,-71],[-71,-35],[-38,46],[-125,58],[-34,-24],[-49,3],[-26,2],[-52,-37],[-64,25],[-50,57],[-65,35],[-50,-23]],[[203438,151127],[-126,-22],[-66,23],[-77,-12],[-122,105],[-88,-37],[-159,20],[-6,54],[-20,21],[-60,-26],[-106,49],[-152,16],[-49,30],[-2,75],[-25,64],[-92,69],[-60,95],[-113,3],[-44,42],[-46,-3],[-44,44],[-23,-17],[-42,-29],[-19,-61],[-53,67],[-65,47],[-20,15],[-99,-1],[-81,71],[-319,-141],[-92,44],[-226,32],[-67,-73],[-50,-97],[-39,0],[-109,59],[-107,-45],[-10,-40],[81,-65],[7,-27],[-95,-42],[-67,-97],[-14,-62],[-90,-42],[-141,103],[-54,-27],[-49,17],[-94,75],[-74,98],[-68,-2],[-75,-49],[-68,28],[-9,-40],[-9,-45],[-48,-39],[-19,8],[-190,69],[-44,-6],[-14,-47],[-46,-22],[-53,21],[-76,-20],[1,-119],[-10,-28],[-173,-25],[-70,-71],[-17,-50],[-35,-1],[-53,-189],[-12,-181],[-111,38],[-50,50],[-47,17],[-115,-14],[-46,-81],[-66,-35],[-155,21],[1,77],[36,91],[39,39],[-50,52],[-12,173],[-41,121],[-60,-2],[-57,-65],[-160,40],[8,61],[-19,60],[-44,-21],[-69,23],[-106,188],[-25,105],[-98,42],[-26,62],[-32,-10],[-16,-38],[-102,-101],[-15,-84],[-177,-46],[-38,-58],[-13,-103],[9,-42],[-21,-27],[-36,-40],[6,-72],[-125,-39],[-79,27],[-78,-69],[-90,-7],[-21,35],[19,60],[-51,74],[-6,124],[-62,33],[-154,-22]],[[187500,162207],[56,15],[4,27],[-31,32],[28,44],[24,-5],[139,-142],[209,-47],[92,-149],[39,-27],[-2,74],[30,31],[3,41],[-117,72],[-20,79],[21,141],[86,52],[-18,158],[-22,-13],[-15,-46],[-19,34],[8,48],[-14,27],[-55,27],[-182,7],[-12,21],[6,62],[-74,-10],[-26,-39],[24,-26],[-5,-34],[47,5],[3,-31],[-83,-37],[-60,-56],[-75,31],[-108,98]],[[187393,162845],[95,-32],[171,17],[211,151],[365,161],[-3,-27],[-60,-60],[-25,-138],[-67,-138],[6,-30],[92,131],[76,41],[0,27],[-43,18],[-7,36],[69,36],[83,175],[245,115],[470,222],[195,61],[166,37],[102,61],[199,57],[275,132],[246,59],[149,64],[195,165],[108,140],[26,33],[168,304],[80,96],[155,112],[176,57],[36,3],[41,2],[27,6],[10,6],[27,15],[208,90],[193,207],[312,209],[653,211],[261,102],[204,80],[589,75],[159,-91],[-18,-179],[126,-87],[28,-166],[63,0],[18,-65],[48,-61],[14,-36],[33,-82],[-3,-81],[29,-63],[6,-78],[66,-86],[67,-37],[60,2],[113,-81],[250,-45],[64,7],[42,34]],[[194755,165401],[-19,-40],[-26,15],[0,13],[-39,20],[-6,23],[-26,41],[-95,107],[-3,5],[15,11],[106,-72],[78,-72],[15,-51]],[[194497,165612],[-22,-4],[-14,18],[-24,0],[-29,36],[6,7],[83,-41],[0,-16]],[[187590,139249],[0,6],[-86,27],[-17,17],[-8,30],[-1,58],[-42,53],[295,71],[29,57],[-48,51],[16,22]],[[203438,151127],[-17,-41],[9,-188],[-102,-64],[-64,-173],[0,-133],[-55,-79],[4,-76],[29,-93],[-55,-117],[4,-30],[36,-43],[-9,-73],[-6,-54],[-138,-141],[-32,-75],[-71,-60],[-30,-102],[20,-415],[15,-43],[25,-10]]],"transform":{"scale":[39.608787030352715,39.968779067159616],"translate":[-2823918.4299999997,-3076003.6711]},"objects":{"NUTS_RG_03M_2021_3035":{"type":"GeometryCollection","geometries":[{"arcs":[[0,1,2,3,4,5,6]],"type":"Polygon","properties":{"NUTS_ID":"BG","LEVL_CODE":0,"CNTR_CODE":"BG","NAME_LATN":"Bulgaria","NUTS_NAME":"България","MOUNT_TYPE":0,"URBN_TYPE":0,"COAST_TYPE":0,"NAME_ENGL":"Bulgaria","NAME_FREN":"Bulgarie","ISO3_CODE":"BGR","SVRG_UN":"UN Member State","CAPT":"Sofia","EU_STAT":"T","EFTA_STAT":"F","CC_STAT":"F","NAME_GERM":"Bulgarien"},"id":"BG"},{"arcs":[[7,8,9,10,11,12,13],[14],[15]],"type":"Polygon","properties":{"NUTS_ID":"CH","LEVL_CODE":0,"CNTR_CODE":"CH","NAME_LATN":"Schweiz/Suisse/Svizzera","NUTS_NAME":"Schweiz/Suisse/Svizzera","MOUNT_TYPE":0,"URBN_TYPE":0,"COAST_TYPE":0,"NAME_ENGL":"Switzerland","NAME_FREN":"Suisse","ISO3_CODE":"CHE","SVRG_UN":"UN Member State","CAPT":"Bern","EU_STAT":"F","EFTA_STAT":"T","CC_STAT":"F","NAME_GERM":"Schweiz"},"id":"CH"},{"arcs":[[[16,17,18,19,20,21]],[[22]]],"type":"MultiPolygon","properties":{"NUTS_ID":"AL","LEVL_CODE":0,"CNTR_CODE":"AL","NAME_LATN":"Shqipëria","NUTS_NAME":"Shqipëria","MOUNT_TYPE":0,"URBN_TYPE":0,"COAST_TYPE":0,"NAME_ENGL":"Albania","NAME_FREN":"Albanie","ISO3_CODE":"ALB","SVRG_UN":"UN Member State","CAPT":"Tirana","EU_STAT":"F","EFTA_STAT":"F","CC_STAT":"T","NAME_GERM":"Albanien"},"id":"AL"},{"arcs":[[23,24,25,26,27]],"type":"Polygon","properties":{"NUTS_ID":"CZ","LEVL_CODE":0,"CNTR_CODE":"CZ","NAME_LATN":"Česko","NUTS_NAME":"Česko","MOUNT_TYPE":0,"URBN_TYPE":0,"COAST_TYPE":0,"NAME_ENGL":"Czechia","NAME_FREN":"Tchéquie","ISO3_CODE":"CZE","SVRG_UN":"UN Member State","CAPT":"Prague","EU_STAT":"T","EFTA_STAT":"F","CC_STAT":"F","NAME_GERM":"Tschechien"},"id":"CZ"},{"arcs":[[[28,29,30,31,32,33,34,35]],[[36]]],"type":"MultiPolygon","properties":{"NUTS_ID":"BE","LEVL_CODE":0,"CNTR_CODE":"BE","NAME_LATN":"Belgique/België","NUTS_NAME":"Belgique/België","MOUNT_TYPE":0,"URBN_TYPE":0,"COAST_TYPE":0,"NAME_ENGL":"Belgium","NAME_FREN":"Belgique","ISO3_CODE":"BEL","SVRG_UN":"UN Member State","CAPT":"Brussels","EU_STAT":"T","EFTA_STAT":"F","CC_STAT":"F","NAME_GERM":"Belgien"},"id":"BE"},{"arcs":[[-27,37,38,39,40,-11,41,-9,42]],"type":"Polygon","properties":{"NUTS_ID":"AT","LEVL_CODE":0,"CNTR_CODE":"AT","NAME_LATN":"Österreich","NUTS_NAME":"Österreich","MOUNT_TYPE":0,"URBN_TYPE":0,"COAST_TYPE":0,"NAME_ENGL":"Austria","NAME_FREN":"Autriche","ISO3_CODE":"AUT","SVRG_UN":"UN Member State","CAPT":"Vienna","EU_STAT":"T","EFTA_STAT":"F","CC_STAT":"F","NAME_GERM":"Österreich"},"id":"AT"},{"arcs":[[[43,44,45,46,47,-24,-28,-43,-8,-14,48,49,-30,50,51,52],[53]],[[54]],[[55]],[[56]],[[57]],[[58]],[[59]],[[60]],[[61]],[[62]],[[63]],[[64]],[[65]],[[66]],[[67]],[[68]],[[69]],[[70]],[[71]],[[-15]],[[72]],[[73]],[[74]],[[75]],[[76]],[[77]],[[78]],[[79]],[[80]],[[81]],[[82]],[[83]],[[84]],[[85]],[[86]],[[87]],[[88]],[[89]],[[90]]],"type":"MultiPolygon","properties":{"NUTS_ID":"DE","LEVL_CODE":0,"CNTR_CODE":"DE","NAME_LATN":"Deutschland","NUTS_NAME":"Deutschland","MOUNT_TYPE":0,"URBN_TYPE":0,"COAST_TYPE":0,"NAME_ENGL":"Germany","NAME_FREN":"Allemagne","ISO3_CODE":"DEU","SVRG_UN":"UN Member State","CAPT":"Berlin","EU_STAT":"T","EFTA_STAT":"F","CC_STAT":"F","NAME_GERM":"Deutschland"},"id":"DE"},{"arcs":[[91]],"type":"Polygon","properties":{"NUTS_ID":"CY","LEVL_CODE":0,"CNTR_CODE":"CY","NAME_LATN":"Kýpros","NUTS_NAME":"Κύπρος","MOUNT_TYPE":0,"URBN_TYPE":0,"COAST_TYPE":0,"NAME_ENGL":"Cyprus","NAME_FREN":"Chypre","ISO3_CODE":"CYP","SVRG_UN":"UN Member State","CAPT":"Nicosia","EU_STAT":"T","EFTA_STAT":"F","CC_STAT":"F","NAME_GERM":"Zypern"},"id":"CY"},{"arcs":[[[92,-44,-53,93],[94]],[[95]],[[96]],[[97]],[[98]],[[99]],[[100]],[[101]],[[102]],[[103]],[[104]],[[105]],[[106]],[[107]],[[108]],[[109]],[[110]],[[111]],[[112]],[[113]],[[114]],[[115]],[[116]],[[117]],[[118]],[[119]],[[120]],[[121]],[[122]],[[123]],[[124]],[[125]],[[126]],[[127]],[[128]],[[129]],[[130]],[[131]],[[132]],[[133]],[[134]],[[135]],[[136]],[[137]],[[138]],[[139]],[[140]],[[141]],[[142]],[[143]],[[144]],[[145]],[[146]],[[147]],[[148]],[[149]],[[150]],[[151]],[[152]],[[153]],[[154]],[[155]],[[156]],[[157]],[[158]],[[159]],[[160]],[[161]],[[162]],[[163]],[[164]],[[165]],[[166]],[[167]],[[168]],[[169]],[[170]],[[171]],[[172]]],"type":"MultiPolygon","properties":{"NUTS_ID":"DK","LEVL_CODE":0,"CNTR_CODE":"DK","NAME_LATN":"Danmark","NUTS_NAME":"Danmark","MOUNT_TYPE":0,"URBN_TYPE":0,"COAST_TYPE":0,"NAME_ENGL":"Denmark","NAME_FREN":"Danemark","ISO3_CODE":"DNK","SVRG_UN":"UN Member State","CAPT":"Copenhagen","EU_STAT":"T","EFTA_STAT":"F","CC_STAT":"F","NAME_GERM":"Dänemark"},"id":"DK"},{"arcs":[[[173,174,175]],[[176]],[[177]],[[178]],[[179]],[[180]],[[181]],[[182]],[[183]],[[184]],[[185]],[[186]],[[187]],[[188]],[[189]],[[190]],[[191]],[[192]],[[193]],[[194]],[[195]],[[196]],[[197]],[[198]],[[199]],[[200]],[[201]],[[202]],[[203]],[[204]],[[205]],[[206]],[[207]],[[208]]],"type":"MultiPolygon","properties":{"NUTS_ID":"EE","LEVL_CODE":0,"CNTR_CODE":"EE","NAME_LATN":"Eesti","NUTS_NAME":"Eesti","MOUNT_TYPE":0,"URBN_TYPE":0,"COAST_TYPE":0,"NAME_ENGL":"Estonia","NAME_FREN":"Estonie","ISO3_CODE":"EST","SVRG_UN":"UN Member State","CAPT":"Tallinn","EU_STAT":"T","EFTA_STAT":"F","CC_STAT":"F","NAME_GERM":"Estland"},"id":"EE"},{"arcs":[[[209,210,-20,211,-4]],[[212]],[[213]],[[214]],[[215]],[[216]],[[217]],[[218]],[[219]],[[220]],[[221]],[[222]],[[223]],[[224]],[[225]],[[226]],[[227]],[[228]],[[229]],[[230]],[[231]],[[232]],[[233]],[[234]],[[235]],[[236]],[[237]],[[238]],[[239]],[[240]],[[241]],[[242]],[[243]],[[244]],[[245]],[[246]],[[247]],[[248]],[[249]],[[250]],[[251]],[[252]],[[253]],[[254]],[[255]],[[256]],[[257]],[[258]],[[259]],[[260]],[[261]],[[262]],[[263]],[[264]],[[265]],[[266]],[[267]],[[268]],[[269]],[[270]],[[271]],[[272]],[[273]],[[274]],[[275]],[[276]],[[277]],[[278]],[[279]],[[280]],[[281]],[[282]],[[283]],[[284]],[[285]],[[286]],[[287]],[[288]],[[289]],[[290]],[[291]],[[292]],[[293]],[[294]],[[295]],[[296]],[[297]],[[298]],[[299]],[[300]],[[301]],[[302]],[[303]],[[304]],[[305]],[[306]],[[307]],[[308]],[[309]],[[310]],[[311]],[[312]],[[313]],[[314]],[[315]],[[316]],[[317]],[[318]],[[319]],[[320]],[[321]],[[322]],[[323]],[[324]],[[325]],[[326]],[[327]],[[328]],[[329]],[[330]],[[331]],[[332]],[[333]],[[334]],[[335]],[[336]],[[337]],[[338]],[[339]],[[340]],[[341]],[[342]],[[343]],[[344]],[[345]],[[346]],[[347]],[[348]],[[349]],[[350]],[[351]],[[352]],[[353]],[[354]],[[355]],[[356]],[[357]],[[358]],[[359]],[[360]],[[361]],[[362]],[[363]],[[364]],[[365]],[[366]],[[367]],[[368]],[[369]],[[370]],[[371]],[[372]],[[373]],[[374]],[[375]],[[376]],[[377]],[[378]],[[379]],[[380]],[[381]],[[382]],[[383]],[[384]],[[385]],[[386]],[[387]],[[388]],[[389]],[[390]],[[391]],[[392]],[[393]],[[394]],[[395]],[[396]],[[397]],[[398]],[[399]],[[400]],[[401]],[[402]],[[403]],[[404]],[[405]],[[406]],[[407]],[[408]],[[409]],[[410]],[[411]],[[412]],[[413]],[[414]],[[415]],[[416]],[[417]],[[418]],[[419]],[[420]],[[421]],[[422]],[[423]],[[424]],[[425]],[[426]],[[427]]],"type":"MultiPolygon","properties":{"NUTS_ID":"EL","LEVL_CODE":0,"CNTR_CODE":"EL","NAME_LATN":"Elláda","NUTS_NAME":"Ελλάδα","MOUNT_TYPE":0,"URBN_TYPE":0,"COAST_TYPE":0,"NAME_ENGL":"Greece","NAME_FREN":"Grèce","ISO3_CODE":"GRC","SVRG_UN":"UN Member State","CAPT":"Athens","EU_STAT":"T","EFTA_STAT":"F","CC_STAT":"F","NAME_GERM":"Griechenland"},"id":"EL"},{"arcs":[[[428,429,430,431,432,433,434]],[[435]],[[436]],[[437]],[[438]],[[439]],[[440]],[[441]],[[442]],[[443]],[[444]],[[445]],[[446]],[[447]],[[448]],[[449]],[[450]],[[451]],[[452]],[[453]],[[454]],[[455]],[[456]],[[457]],[[458]],[[459]],[[460]],[[461]],[[462]],[[463]],[[464]],[[465]],[[466]],[[467]],[[468]],[[469]],[[470]],[[471]],[[472]],[[473]],[[474]]],"type":"MultiPolygon","properties":{"NUTS_ID":"ES","LEVL_CODE":0,"CNTR_CODE":"ES","NAME_LATN":"España","NUTS_NAME":"España","MOUNT_TYPE":0,"URBN_TYPE":0,"COAST_TYPE":0,"NAME_ENGL":"Spain","NAME_FREN":"Espagne","ISO3_CODE":"ESP","SVRG_UN":"UN Member State","CAPT":"Madrid","EU_STAT":"T","EFTA_STAT":"F","CC_STAT":"F","NAME_GERM":"Spanien"},"id":"ES"},{"arcs":[[[475,476,477],[478]],[[479]],[[480]],[[481]],[[482]],[[483]],[[484]],[[485]],[[486]],[[487]],[[488]],[[489]],[[490]],[[491]],[[492]],[[493]],[[494]],[[495]],[[496]],[[497]],[[498]],[[499]],[[500]],[[501]],[[502]],[[503]],[[504]],[[505]],[[506]],[[507]],[[508]],[[509]],[[510]],[[511]],[[512]],[[513]],[[514]],[[515]],[[516]],[[517]],[[518]],[[519]],[[520]],[[521]],[[522]],[[523]],[[524]],[[525]],[[526]],[[527]],[[528]],[[529]],[[530]],[[531]],[[532]],[[533]],[[534]],[[535]],[[536]],[[537]],[[538]],[[539]],[[540]],[[541]],[[542]],[[543]],[[544]],[[545]],[[546]],[[547]],[[548]],[[549]],[[550]],[[551]],[[552]],[[553]],[[554]],[[555]],[[556]],[[557]],[[558]],[[559]],[[560]],[[561]],[[562]],[[563]],[[564]],[[565]],[[566]],[[567]],[[568]],[[569]],[[570]],[[571]],[[572]],[[573]],[[574]],[[575]],[[576]],[[577]],[[578]],[[579]],[[580]],[[581]],[[582]],[[583]],[[584]],[[585]],[[586]],[[587]],[[588]],[[589]],[[590]],[[591]],[[592]],[[593]],[[594]],[[595]],[[596]],[[597]],[[598]],[[599]],[[600]],[[601]],[[602]],[[603]],[[604]],[[605]],[[606]],[[607]],[[608]],[[609]],[[610]],[[611]],[[612]],[[613]],[[614]],[[615]],[[616]],[[617]],[[618]],[[619]],[[620]],[[621]],[[622]],[[623]],[[624]],[[625]],[[626]],[[627]],[[628]],[[629]],[[630]],[[631]],[[632]],[[633]],[[634]],[[635]],[[636]],[[637]],[[638]],[[639]],[[640]],[[641]],[[642]],[[643]],[[644]],[[645]],[[646]],[[647]],[[648]],[[649]],[[650]],[[651]],[[652]],[[653]],[[654]],[[655]],[[656]],[[657]],[[658]],[[659]],[[660]],[[661]],[[662]],[[663]],[[664]],[[665]],[[666]],[[667]],[[668]],[[669]],[[670]],[[671]],[[672]],[[673]],[[674]],[[675]],[[676]],[[677]],[[678]],[[679]],[[680]],[[681]],[[682]],[[683]],[[684]],[[685]],[[686]],[[687]],[[688]],[[689]],[[690]],[[691]],[[692]],[[693]],[[694]],[[695]],[[696]],[[697]],[[698]],[[699]],[[700]],[[701]],[[702]],[[703]],[[704]],[[705]],[[706]],[[707]],[[708]],[[709]],[[710]],[[711]],[[712]],[[713]],[[714]],[[715]],[[716]],[[717]],[[718]],[[719]],[[720]],[[721]],[[722]],[[723]],[[724]],[[725]],[[726]],[[727]],[[728]],[[729]],[[730]],[[731]],[[732]],[[733]],[[734]],[[735]],[[736]],[[737]],[[738]],[[739]],[[740]],[[741]],[[742]],[[743]],[[744]],[[745]],[[746]],[[747]],[[748]],[[749]],[[750]],[[751]],[[752]],[[753]],[[754]],[[755]],[[756]],[[757]],[[758]],[[759]],[[760]],[[761]],[[762]],[[763]],[[764]],[[765]],[[766]],[[767]],[[768]],[[769]],[[770]],[[771]],[[772]],[[773]],[[774]],[[775]],[[776]],[[777]],[[778]],[[779]],[[780]],[[781]],[[782]],[[783]],[[784]],[[785]],[[786]],[[787]],[[788]],[[789]],[[790]],[[791]],[[792]],[[793]],[[794]],[[795]],[[796]],[[797]],[[798]],[[799]],[[800]],[[801]],[[802]],[[803]],[[804]],[[805]],[[806]],[[807]],[[808]],[[809]],[[810]],[[811]],[[812]],[[813]],[[814]],[[815]],[[816]],[[817]],[[818]],[[819]],[[820]],[[821]],[[822]],[[823]],[[824]],[[825]],[[826]],[[827]],[[828]],[[829]],[[830]],[[831]],[[832]],[[833]],[[834]],[[835]],[[836]],[[837]],[[838]],[[839]],[[840]],[[841]],[[842]],[[843]],[[844]],[[845]],[[846]],[[847]],[[848]],[[849]],[[850]],[[851]],[[852]],[[853]],[[854]],[[855]],[[856]],[[857]],[[858]],[[859]],[[860]],[[861]],[[862]],[[863]],[[864]],[[865]],[[866]],[[867]],[[868]],[[869]],[[870]],[[871]],[[872]],[[873]],[[874]],[[875]],[[876]],[[877]],[[878]],[[879]],[[880]],[[881]],[[882]],[[883]],[[884]],[[885]],[[886]],[[887]],[[888]],[[889]],[[890]],[[891]],[[892]],[[893]],[[894]],[[895]],[[896]],[[897]],[[898]],[[899]],[[900]],[[901]],[[902]],[[903]],[[904]],[[905]],[[906]],[[907]],[[908]],[[909]],[[910]],[[911]],[[912]],[[913]],[[914]],[[915]],[[916]],[[917]],[[918]],[[919]],[[920]],[[921]],[[922]],[[923]],[[924]],[[925]],[[926]],[[927]],[[928]],[[929]],[[930]],[[931]],[[932]],[[933]],[[934]],[[935]],[[936]],[[937]],[[938]],[[939]],[[940]],[[941]],[[942]],[[943]],[[944]],[[945]],[[946]],[[947]],[[948]],[[949]],[[950]],[[951]],[[952]],[[953]],[[954]],[[955]],[[956]],[[957]],[[958]],[[959]],[[960]],[[961]],[[962]],[[963]],[[964]],[[965]],[[966]],[[967]],[[968]]],"type":"MultiPolygon","properties":{"NUTS_ID":"FI","LEVL_CODE":0,"CNTR_CODE":"FI","NAME_LATN":"Suomi/Finland","NUTS_NAME":"Suomi/Finland","MOUNT_TYPE":0,"URBN_TYPE":0,"COAST_TYPE":0,"NAME_ENGL":"Finland","NAME_FREN":"Finlande","ISO3_CODE":"FIN","SVRG_UN":"UN Member State","CAPT":"Helsinki","EU_STAT":"T","EFTA_STAT":"F","CC_STAT":"F","NAME_GERM":"Finnland"},"id":"FI"},{"arcs":[[[969,970,971,972],[973]],[[974,975]],[[976]],[[977]],[[978]],[[979]],[[980]],[[981]],[[982]],[[983]],[[984]],[[985]],[[986]],[[987]],[[988]],[[989]],[[990]],[[991]],[[992]],[[993]],[[994]],[[995]],[[996]],[[997]],[[998]],[[999]],[[1000]],[[1001]],[[1002]],[[1003]],[[1004]],[[1005]],[[1006]],[[1007]],[[1008]],[[1009]],[[1010]],[[1011]],[[1012]],[[1013]],[[1014]],[[1015]],[[1016]],[[1017]],[[1018]],[[1019]],[[1020]],[[1021]],[[1022]],[[1023]],[[1024]],[[1025]],[[1026]],[[1027]],[[1028]],[[1029]],[[1030]],[[1031]],[[1032]],[[1033]],[[1034]],[[1035]],[[1036]],[[1037]],[[1038]],[[1039]],[[1040]],[[1041]],[[1042]],[[1043]],[[1044]],[[1045]],[[1046]],[[1047]],[[1048]],[[1049]],[[1050]],[[1051]],[[1052]],[[1053]],[[1054]],[[1055]],[[1056]],[[1057]],[[1058]],[[1059]],[[1060]],[[1061]],[[1062]],[[1063]],[[1064]],[[1065]],[[1066]]],"type":"MultiPolygon","properties":{"NUTS_ID":"HR","LEVL_CODE":0,"CNTR_CODE":"HR","NAME_LATN":"Hrvatska","NUTS_NAME":"Hrvatska","MOUNT_TYPE":0,"URBN_TYPE":0,"COAST_TYPE":0,"NAME_ENGL":"Croatia","NAME_FREN":"Croatie","ISO3_CODE":"HRV","SVRG_UN":"UN Member State","CAPT":"Zagreb","EU_STAT":"T","EFTA_STAT":"F","CC_STAT":"F","NAME_GERM":"Kroatien"},"id":"HR"},{"arcs":[[[1067,1068,1069,1070,-970,1071,-39,1072],[-1050]],[[-974]]],"type":"MultiPolygon","properties":{"NUTS_ID":"HU","LEVL_CODE":0,"CNTR_CODE":"HU","NAME_LATN":"Magyarország","NUTS_NAME":"Magyarország","MOUNT_TYPE":0,"URBN_TYPE":0,"COAST_TYPE":0,"NAME_ENGL":"Hungary","NAME_FREN":"Hongrie","ISO3_CODE":"HUN","SVRG_UN":"UN Member State","CAPT":"Budapest","EU_STAT":"T","EFTA_STAT":"F","CC_STAT":"F","NAME_GERM":"Ungarn"},"id":"HU"},{"arcs":[[[-32,1073,-49,-13,1074,1075,-432,1076,-430,1077],[-450]],[[1078]],[[1079]],[[1080]],[[1081]],[[1082]],[[1083]],[[1084]],[[1085]],[[1086]],[[1087]],[[1088]],[[1089]],[[1090]],[[1091]],[[1092]],[[1093]],[[1094]],[[1095]],[[1096]],[[1097]],[[1098]],[[1099]],[[1100]],[[1101]],[[1102]],[[1103]],[[1104]],[[1105]],[[1106]],[[1107]],[[1108]],[[1109]],[[1110]],[[1111]],[[1112]],[[1113]],[[1114]],[[1115]],[[1116]],[[1117]],[[1118]],[[1119]],[[1120]],[[1121]],[[1122]],[[1123]],[[1124]],[[1125]],[[1126]],[[1127]],[[1128]],[[1129]],[[1130]],[[1131]],[[1132]],[[1133]],[[1134]],[[1135]]],"type":"MultiPolygon","properties":{"NUTS_ID":"FR","LEVL_CODE":0,"CNTR_CODE":"FR","NAME_LATN":"France","NUTS_NAME":"France","MOUNT_TYPE":0,"URBN_TYPE":0,"COAST_TYPE":0,"NAME_ENGL":"France","NAME_FREN":"France","ISO3_CODE":"FRA","SVRG_UN":"UN Member State","CAPT":"Paris","EU_STAT":"T","EFTA_STAT":"F","CC_STAT":"F","NAME_GERM":"Frankreich"},"id":"FR"},{"arcs":[[[1136,1137,1138]],[[1139]],[[1140]],[[1141]],[[1142]],[[1143]],[[1144]],[[1145]],[[1146]],[[1147]],[[1148]],[[1149]],[[1150]],[[1151]],[[1152]],[[1153]],[[1154]],[[1155]],[[1156]],[[1157]],[[1158]],[[1159]],[[1160]],[[1161]],[[1162]],[[1163]],[[1164]],[[1165]],[[1166]],[[1167]],[[1168]],[[1169]],[[1170]],[[1171]],[[1172]],[[1173]],[[1174]],[[1175]],[[1176]],[[1177]],[[1178]],[[1179]],[[1180]],[[1181]],[[1182]],[[1183]],[[1184]],[[1185]],[[1186]],[[1187]],[[1188]],[[1189]],[[1190]],[[1191]],[[1192]],[[1193]],[[1194]],[[1195]],[[1196]],[[1197]],[[1198]],[[1199]],[[1200]],[[1201]],[[1202]]],"type":"MultiPolygon","properties":{"NUTS_ID":"IE","LEVL_CODE":0,"CNTR_CODE":"IE","NAME_LATN":"Éire/Ireland","NUTS_NAME":"Éire/Ireland","MOUNT_TYPE":0,"URBN_TYPE":0,"COAST_TYPE":0,"NAME_ENGL":"Ireland","NAME_FREN":"Irlande","ISO3_CODE":"IRL","SVRG_UN":"UN Member State","CAPT":"Dublin","EU_STAT":"T","EFTA_STAT":"F","CC_STAT":"F","NAME_GERM":"Irland"},"id":"IE"},{"arcs":[[[1203]],[[1204]],[[1205]],[[1206]],[[1207]],[[1208]],[[1209]],[[1210]],[[1211]],[[1212]],[[1213]],[[1214]],[[1215]],[[1216]],[[1217]],[[1218]],[[1219]],[[1220]],[[1221]],[[1222]],[[1223]],[[1224]],[[1225]],[[1226]],[[1227]],[[1228]],[[1229]],[[1230]],[[1231]],[[1232]],[[1233]],[[1234]],[[1235]],[[1236]],[[1237]],[[1238]],[[1239]],[[1240]]],"type":"MultiPolygon","properties":{"NUTS_ID":"IS","LEVL_CODE":0,"CNTR_CODE":"IS","NAME_LATN":"Ísland","NUTS_NAME":"Ísland","MOUNT_TYPE":0,"URBN_TYPE":0,"COAST_TYPE":0,"NAME_ENGL":"Iceland","NAME_FREN":"Islande","ISO3_CODE":"ISL","SVRG_UN":"UN Member State","CAPT":"Reykjavík","EU_STAT":"F","EFTA_STAT":"T","CC_STAT":"F","NAME_GERM":"Island"},"id":"IS"},{"arcs":[[[1241,-51,-29,-36,1242],[-37]],[[-34,1243]],[[1244]],[[1245]],[[1246]],[[1247]],[[1248]],[[1249]],[[1250]],[[1251]],[[1252]]],"type":"MultiPolygon","properties":{"NUTS_ID":"NL","LEVL_CODE":0,"CNTR_CODE":"NL","NAME_LATN":"Nederland","NUTS_NAME":"Nederland","MOUNT_TYPE":0,"URBN_TYPE":0,"COAST_TYPE":0,"NAME_ENGL":"Netherlands","NAME_FREN":"Pays-Bas","ISO3_CODE":"NLD","SVRG_UN":"UN Member State","CAPT":"Amsterdam","EU_STAT":"T","EFTA_STAT":"F","CC_STAT":"F","NAME_GERM":"Niederlande"},"id":"NL"},{"arcs":[[[-478,1253,1254]],[[1255]],[[1256]],[[1257]],[[1258]],[[1259]],[[1260]],[[1261]],[[1262]],[[1263]],[[1264]],[[1265]],[[1266]],[[1267]],[[1268]],[[1269]],[[1270]],[[1271]],[[1272]],[[1273]],[[1274]],[[1275]],[[1276]],[[1277]],[[1278]],[[1279]],[[1280]],[[1281]],[[1282]],[[1283]],[[1284]],[[1285]],[[1286]],[[1287]],[[1288]],[[1289]],[[1290]],[[1291]],[[1292]],[[1293]],[[1294]],[[1295]],[[1296]],[[1297]],[[1298]],[[1299]],[[1300]],[[1301]],[[1302]],[[1303]],[[1304]],[[1305]],[[1306]],[[1307]],[[1308]],[[1309]],[[1310]],[[1311]],[[1312]],[[1313]],[[1314]],[[1315]],[[1316]],[[1317]],[[1318]],[[1319]],[[1320]],[[1321]],[[1322]],[[1323]],[[1324]],[[1325]],[[1326]],[[1327]],[[1328]],[[1329]],[[1330]],[[1331]],[[1332]],[[1333]],[[1334]],[[1335]],[[1336]],[[1337]],[[1338]],[[1339]],[[1340]],[[1341]],[[1342]],[[1343]],[[1344]],[[1345]],[[1346]],[[1347]],[[1348]],[[1349]],[[1350]],[[1351]],[[1352]],[[1353]],[[1354]],[[1355]],[[1356]],[[1357]],[[1358]],[[1359]],[[1360]],[[1361]],[[1362]],[[1363]],[[1364]],[[1365]],[[1366]],[[1367]],[[1368]],[[1369]],[[1370]],[[1371]],[[1372]],[[1373]],[[1374]],[[1375]],[[1376]],[[1377]],[[1378]],[[1379]],[[1380]],[[1381]],[[1382]],[[1383]],[[1384]],[[1385]],[[1386]],[[1387]],[[1388]],[[1389]],[[1390]],[[1391]],[[1392]],[[1393]],[[1394]],[[1395]],[[1396]],[[1397]],[[1398]],[[1399]],[[1400]],[[1401]],[[1402]],[[1403]],[[1404]],[[1405]],[[1406]],[[1407]],[[1408]],[[1409]],[[1410]],[[1411]],[[1412]],[[1413]],[[1414]],[[1415]],[[1416]],[[1417]],[[1418]],[[1419]],[[1420]],[[1421]],[[1422]],[[1423]],[[1424]],[[1425]],[[1426]],[[1427]],[[1428]],[[1429]],[[1430]],[[1431]],[[1432]],[[1433]],[[1434]],[[1435]],[[1436]],[[1437]],[[1438]],[[1439]],[[1440]],[[1441]],[[1442]],[[1443]],[[1444]],[[1445]],[[1446]],[[1447]],[[1448]],[[1449]],[[1450]],[[1451]],[[1452]],[[1453]],[[1454]],[[1455]],[[1456]],[[1457]],[[1458]],[[1459]],[[1460]],[[1461]],[[1462]],[[1463]],[[1464]],[[1465]],[[1466]],[[1467]],[[1468]],[[1469]],[[1470]],[[1471]],[[1472]],[[1473]],[[1474]],[[1475]],[[1476]],[[1477]],[[1478]],[[1479]],[[1480]],[[1481]],[[1482]],[[1483]],[[1484]],[[1485]],[[1486]],[[1487]],[[1488]],[[1489]],[[1490]],[[1491]],[[1492]],[[1493]],[[1494]],[[1495]],[[1496]],[[1497]],[[1498]],[[1499]],[[1500]],[[1501]],[[1502]],[[1503]],[[1504]],[[1505]],[[1506]],[[1507]],[[1508]],[[1509]],[[1510]],[[1511]],[[1512]],[[1513]],[[1514]],[[1515]],[[1516]],[[1517]],[[1518]],[[1519]],[[1520]],[[1521]],[[1522]],[[1523]],[[1524]],[[1525]],[[1526]],[[1527]],[[1528]],[[1529]],[[1530]],[[1531]],[[1532]],[[1533]],[[1534]],[[1535]],[[1536]],[[1537]],[[1538]],[[1539]],[[1540]],[[1541]],[[1542]],[[1543]],[[1544]],[[1545]],[[1546]],[[1547]],[[1548]],[[1549]],[[1550]],[[1551]],[[1552]],[[1553]],[[1554]],[[1555]],[[1556]],[[1557]],[[1558]],[[1559]],[[1560]],[[1561]],[[1562]],[[1563]],[[1564]],[[1565]],[[1566]],[[1567]],[[1568]],[[1569]],[[1570]],[[1571]],[[1572]],[[1573]],[[1574]],[[1575]],[[1576]],[[1577]],[[1578]],[[1579]],[[1580]],[[1581]],[[1582]],[[1583]],[[1584]],[[1585]],[[1586]],[[1587]],[[1588]],[[1589]],[[1590]],[[1591]],[[1592]],[[1593]],[[1594]],[[1595]],[[1596]],[[1597]],[[1598]],[[1599]],[[1600]],[[1601]],[[1602]],[[1603]],[[1604]],[[1605]],[[1606]],[[1607]],[[1608]],[[1609]],[[1610]],[[1611]],[[1612]],[[1613]],[[1614]],[[1615]],[[1616]],[[1617]],[[1618]],[[1619]],[[1620]],[[1621]],[[1622]],[[1623]],[[1624]],[[1625]],[[1626]],[[1627]],[[1628]],[[1629]],[[1630]],[[1631]],[[1632]],[[1633]],[[1634]],[[1635]],[[1636]],[[1637]],[[1638]],[[1639]],[[1640]],[[1641]],[[1642]],[[1643]],[[1644]],[[1645]],[[1646]],[[1647]],[[1648]],[[1649]],[[1650]],[[1651]],[[1652]],[[1653]],[[1654]],[[1655]],[[1656]],[[1657]],[[1658]],[[1659]],[[1660]],[[1661]],[[1662]],[[1663]],[[1664]],[[1665]],[[1666]],[[1667]],[[1668]],[[1669]],[[1670]],[[1671]],[[1672]],[[1673]],[[1674]],[[1675]],[[1676]],[[1677]],[[1678]],[[1679]],[[1680]],[[1681]],[[1682]],[[1683]],[[1684]],[[1685]],[[1686]],[[1687]],[[1688]],[[1689]],[[1690]],[[1691]],[[1692]],[[1693]],[[1694]],[[1695]],[[1696]],[[1697]],[[1698]],[[1699]],[[1700]],[[1701]],[[1702]],[[1703]],[[1704]],[[1705]],[[1706]],[[1707]],[[1708]],[[1709]],[[1710]],[[1711]],[[1712]],[[1713]],[[1714]],[[1715]],[[1716]],[[1717]],[[1718]],[[1719]],[[1720]],[[1721]],[[1722]],[[1723]],[[1724]],[[1725]],[[1726]],[[1727]],[[1728]],[[1729]],[[1730]],[[1731]],[[1732]],[[1733]],[[1734]],[[1735]],[[1736]],[[1737]],[[1738]],[[1739]],[[1740]],[[1741]],[[1742]],[[1743]],[[1744]],[[1745]],[[1746]],[[1747]],[[1748]],[[1749]],[[1750]],[[1751]],[[1752]],[[1753]],[[1754]],[[1755]],[[1756]],[[1757]],[[1758]],[[1759]],[[1760]],[[1761]],[[1762]],[[1763]],[[1764]],[[1765]],[[1766]],[[1767]],[[1768]],[[1769]],[[1770]],[[1771]],[[1772]],[[1773]],[[1774]],[[1775]],[[1776]],[[1777]],[[1778]],[[1779]],[[1780]],[[1781]],[[1782]],[[1783]],[[1784]],[[1785]],[[1786]],[[1787]],[[1788]],[[1789]],[[1790]],[[1791]],[[1792]],[[1793]],[[1794]],[[1795]],[[1796]],[[1797]],[[1798]],[[1799]],[[1800]],[[1801]],[[1802]],[[1803]],[[1804]],[[1805]],[[1806]],[[1807]],[[1808]],[[1809]],[[1810]],[[1811]],[[1812]],[[1813]],[[1814]],[[1815]],[[1816]],[[1817]],[[1818]],[[1819]],[[1820]],[[1821]],[[1822]],[[1823]],[[1824]],[[1825]],[[1826]],[[1827]],[[1828]],[[1829]],[[1830]],[[1831]],[[1832]],[[1833]],[[1834]],[[1835]],[[1836]],[[1837]],[[1838]],[[1839]],[[1840]],[[1841]],[[1842]],[[1843]],[[1844]],[[1845]],[[1846]],[[1847]],[[1848]],[[1849]],[[1850]],[[1851]],[[1852]],[[1853]],[[1854]],[[1855]],[[1856]],[[1857]],[[1858]],[[1859]],[[1860]],[[1861]],[[1862]],[[1863]],[[1864]],[[1865]],[[1866]],[[1867]],[[1868]],[[1869]],[[1870]],[[1871]],[[1872]],[[1873]],[[1874]],[[1875]],[[1876]],[[1877]],[[1878]],[[1879]],[[1880]],[[1881]],[[1882]],[[1883]],[[1884]],[[1885]],[[1886]],[[1887]],[[1888]],[[1889]],[[1890]],[[1891]],[[1892]],[[1893]],[[1894]],[[1895]],[[1896]],[[1897]],[[1898]],[[1899]],[[1900]],[[1901]],[[1902]],[[1903]],[[1904]],[[1905]],[[1906]],[[1907]],[[1908]],[[1909]],[[1910]],[[1911]],[[1912]],[[1913]],[[1914]],[[1915]],[[1916]],[[1917]],[[1918]],[[1919]],[[1920]],[[1921]],[[1922]],[[1923]],[[1924]],[[1925]],[[1926]],[[1927]],[[1928]],[[1929]],[[1930]],[[1931]],[[1932]],[[1933]],[[1934]],[[1935]],[[1936]],[[1937]],[[1938]],[[1939]],[[1940]],[[1941]],[[1942]],[[1943]],[[1944]],[[1945]],[[1946]],[[1947]],[[1948]],[[1949]],[[1950]],[[1951]],[[1952]],[[1953]],[[1954]],[[1955]],[[1956]],[[1957]],[[1958]],[[1959]],[[1960]],[[1961]],[[1962]],[[1963]],[[1964]],[[1965]],[[1966]],[[1967]],[[1968]],[[1969]],[[1970]],[[1971]],[[1972]],[[1973]],[[1974]],[[1975]],[[1976]],[[1977]],[[1978]],[[1979]],[[1980]],[[1981]],[[1982]],[[1983]],[[1984]],[[1985]],[[1986]],[[1987]],[[1988]],[[1989]],[[1990]],[[1991]],[[1992]],[[1993]],[[1994]],[[1995]],[[1996]],[[1997]],[[1998]],[[1999]],[[2000]],[[2001]],[[2002]],[[2003]],[[2004]],[[2005]],[[2006]],[[2007]],[[2008]],[[2009]],[[2010]],[[2011]],[[2012]],[[2013]],[[2014]],[[2015]],[[2016]],[[2017]],[[2018]],[[2019]],[[2020]],[[2021]],[[2022]],[[2023]],[[2024]],[[2025]],[[2026]],[[2027]],[[2028]],[[2029]],[[2030]],[[2031]],[[2032]],[[2033]],[[2034]],[[2035]],[[2036]],[[2037]],[[2038]],[[2039]],[[2040]],[[2041]],[[2042]],[[2043]],[[2044]],[[2045]],[[2046]],[[2047]],[[2048]],[[2049]],[[2050]],[[2051]],[[2052]],[[2053]],[[2054]],[[2055]],[[2056]],[[2057]],[[2058]],[[2059]],[[2060]],[[2061]],[[2062]],[[2063]],[[2064]],[[2065]],[[2066]],[[2067]],[[2068]],[[2069]],[[2070]],[[2071]],[[2072]],[[2073]],[[2074]],[[2075]],[[2076]],[[2077]],[[2078]],[[2079]],[[2080]],[[2081]],[[2082]],[[2083]],[[2084]],[[2085]],[[2086]],[[2087]],[[2088]],[[2089]],[[2090]],[[2091]],[[2092]],[[2093]],[[2094]],[[2095]],[[2096]],[[2097]],[[2098]],[[2099]],[[2100]],[[2101]],[[2102]],[[2103]],[[2104]],[[2105]],[[2106]],[[2107]],[[2108]],[[2109]],[[2110]],[[2111]],[[2112]],[[2113]],[[2114]],[[2115]],[[2116]],[[2117]],[[2118]],[[2119]],[[2120]],[[2121]],[[2122]],[[2123]],[[2124]],[[2125]],[[2126]],[[2127]],[[2128]],[[2129]],[[2130]],[[2131]],[[2132]],[[2133]],[[2134]],[[2135]],[[2136]],[[2137]],[[2138]],[[2139]],[[2140]],[[2141]],[[2142]]],"type":"MultiPolygon","properties":{"NUTS_ID":"NO","LEVL_CODE":0,"CNTR_CODE":"NO","NAME_LATN":"Norge","NUTS_NAME":"Norge","MOUNT_TYPE":0,"URBN_TYPE":0,"COAST_TYPE":0,"NAME_ENGL":"Norway","NAME_FREN":"Norvège","ISO3_CODE":"NOR","SVRG_UN":"UN Member State","CAPT":"Oslo","EU_STAT":"F","EFTA_STAT":"T","CC_STAT":"F","NAME_GERM":"Norwegen"},"id":"NO"},{"arcs":[[[-41,2143,2144,-1075,-12],[2145],[2146]],[[2147]],[[2148]],[[2149]],[[2150]],[[2151]],[[2152]],[[2153]],[[2154]],[[2155]],[[2156]],[[2157]],[[2158]],[[2159]],[[2160]],[[2161]],[[2162]],[[2163]],[[2164]],[[2165]],[[2166]],[[2167]],[[2168]],[[2169]],[[2170]],[[2171]],[[2172]],[[2173]],[[2174]],[[2175]],[[2176]],[[2177]],[[2178]],[[2179]],[[2180]],[[2181]],[[2182]],[[2183]],[[2184]],[[2185]],[[2186]],[[2187]],[[2188]],[[2189]],[[2190]],[[2191]],[[2192]],[[2193]],[[2194]],[[2195]],[[2196]],[[2197]],[[2198]],[[2199]],[[2200]],[[2201]],[[2202]],[[2203]],[[2204]],[[2205]],[[2206]],[[2207]],[[2208]],[[2209]],[[2210]],[[2211]],[[2212]],[[-16]]],"type":"MultiPolygon","properties":{"NUTS_ID":"IT","LEVL_CODE":0,"CNTR_CODE":"IT","NAME_LATN":"Italia","NUTS_NAME":"Italia","MOUNT_TYPE":0,"URBN_TYPE":0,"COAST_TYPE":0,"NAME_ENGL":"Italy","NAME_FREN":"Italie","ISO3_CODE":"ITA","SVRG_UN":"UN Member State","CAPT":"Rome","EU_STAT":"T","EFTA_STAT":"F","CC_STAT":"F","NAME_GERM":"Italien"},"id":"IT"},{"arcs":[[-42,-10]],"type":"Polygon","properties":{"NUTS_ID":"LI","LEVL_CODE":0,"CNTR_CODE":"LI","NAME_LATN":"Liechtenstein","NUTS_NAME":"Liechtenstein","MOUNT_TYPE":0,"URBN_TYPE":0,"COAST_TYPE":0,"NAME_ENGL":"Liechtenstein","NAME_FREN":"Liechtenstein","ISO3_CODE":"LIE","SVRG_UN":"UN Member State","CAPT":"Vaduz","EU_STAT":"F","EFTA_STAT":"T","CC_STAT":"F","NAME_GERM":"Liechtenstein"},"id":"LI"},{"arcs":[[2213,2214,2215,2216,2217]],"type":"Polygon","properties":{"NUTS_ID":"LT","LEVL_CODE":0,"CNTR_CODE":"LT","NAME_LATN":"Lietuva","NUTS_NAME":"Lietuva","MOUNT_TYPE":0,"URBN_TYPE":0,"COAST_TYPE":0,"NAME_ENGL":"Lithuania","NAME_FREN":"Lituanie","ISO3_CODE":"LTU","SVRG_UN":"UN Member State","CAPT":"Vilnius","EU_STAT":"T","EFTA_STAT":"F","CC_STAT":"F","NAME_GERM":"Litauen"},"id":"LT"},{"arcs":[[-31,-50,-1074]],"type":"Polygon","properties":{"NUTS_ID":"LU","LEVL_CODE":0,"CNTR_CODE":"LU","NAME_LATN":"Luxembourg","NUTS_NAME":"Luxembourg","MOUNT_TYPE":0,"URBN_TYPE":0,"COAST_TYPE":0,"NAME_ENGL":"Luxembourg","NAME_FREN":"Luxembourg","ISO3_CODE":"LUX","SVRG_UN":"UN Member State","CAPT":"Luxembourg","EU_STAT":"T","EFTA_STAT":"F","CC_STAT":"F","NAME_GERM":"Luxemburg"},"id":"LU"},{"arcs":[[2218,-2214,-2218,2219,-175]],"type":"Polygon","properties":{"NUTS_ID":"LV","LEVL_CODE":0,"CNTR_CODE":"LV","NAME_LATN":"Latvija","NUTS_NAME":"Latvija","MOUNT_TYPE":0,"URBN_TYPE":0,"COAST_TYPE":0,"NAME_ENGL":"Latvia","NAME_FREN":"Lettonie","ISO3_CODE":"LVA","SVRG_UN":"UN Member State","CAPT":"Riga","EU_STAT":"T","EFTA_STAT":"F","CC_STAT":"F","NAME_GERM":"Lettland"},"id":"LV"},{"arcs":[[2220,-975,2221,2222,2223,-17,-22]],"type":"Polygon","properties":{"NUTS_ID":"ME","LEVL_CODE":0,"CNTR_CODE":"ME","NAME_LATN":"Crna Gora","NUTS_NAME":"Црна Гора","MOUNT_TYPE":0,"URBN_TYPE":0,"COAST_TYPE":0,"NAME_ENGL":"Montenegro","NAME_FREN":"Monténégro","ISO3_CODE":"MNE","SVRG_UN":"UN Member State","CAPT":"Podgorica","EU_STAT":"F","EFTA_STAT":"F","CC_STAT":"T","NAME_GERM":"Montenegro"},"id":"ME"},{"arcs":[[-5,-212,-19,2224,2225]],"type":"Polygon","properties":{"NUTS_ID":"MK","LEVL_CODE":0,"CNTR_CODE":"MK","NAME_LATN":"Severna Makedonija","NUTS_NAME":"Северна Македонија","MOUNT_TYPE":0,"URBN_TYPE":0,"COAST_TYPE":0,"NAME_ENGL":"North Macedonia","NAME_FREN":"Macédoine du Nord","ISO3_CODE":"MKD","SVRG_UN":"UN Member State","CAPT":"Skopje","EU_STAT":"F","EFTA_STAT":"F","CC_STAT":"T","NAME_GERM":"Nordmazedonien"},"id":"MK"},{"arcs":[[[2226]],[[2227]],[[2228]]],"type":"MultiPolygon","properties":{"NUTS_ID":"MT","LEVL_CODE":0,"CNTR_CODE":"MT","NAME_LATN":"Malta","NUTS_NAME":"Malta","MOUNT_TYPE":0,"URBN_TYPE":0,"COAST_TYPE":0,"NAME_ENGL":"Malta","NAME_FREN":"Malte","ISO3_CODE":"MLT","SVRG_UN":"UN Member State","CAPT":"Valletta","EU_STAT":"T","EFTA_STAT":"F","CC_STAT":"F","NAME_GERM":"Malta"},"id":"MT"},{"arcs":[[[-434,2229]],[[2230]],[[2231]],[[2232]],[[2233]],[[2234]],[[2235]],[[2236]],[[2237]],[[2238]],[[2239]],[[2240]],[[2241]],[[2242]],[[2243]],[[2244]],[[2245]],[[2246]],[[2247]],[[2248]],[[2249]],[[2250]]],"type":"MultiPolygon","properties":{"NUTS_ID":"PT","LEVL_CODE":0,"CNTR_CODE":"PT","NAME_LATN":"Portugal","NUTS_NAME":"Portugal","MOUNT_TYPE":0,"URBN_TYPE":0,"COAST_TYPE":0,"NAME_ENGL":"Portugal","NAME_FREN":"Portugal","ISO3_CODE":"PRT","SVRG_UN":"UN Member State","CAPT":"Lisbon","EU_STAT":"T","EFTA_STAT":"F","CC_STAT":"F","NAME_GERM":"Portugal"},"id":"PT"},{"arcs":[[[2251,-1,-7,2252,-1070,2253]],[[2254]],[[2255]]],"type":"MultiPolygon","properties":{"NUTS_ID":"RO","LEVL_CODE":0,"CNTR_CODE":"RO","NAME_LATN":"România","NUTS_NAME":"România","MOUNT_TYPE":0,"URBN_TYPE":0,"COAST_TYPE":0,"NAME_ENGL":"Romania","NAME_FREN":"Roumanie","ISO3_CODE":"ROU","SVRG_UN":"UN Member State","CAPT":"Bucharest","EU_STAT":"T","EFTA_STAT":"F","CC_STAT":"F","NAME_GERM":"Rumänien"},"id":"RO"},{"arcs":[[-1071,-2253,-6,-2226,2256,-2223,2257,-971]],"type":"Polygon","properties":{"NUTS_ID":"RS","LEVL_CODE":0,"CNTR_CODE":"RS","NAME_LATN":"Serbia","NUTS_NAME":"Srbija/Сpбија","MOUNT_TYPE":0,"URBN_TYPE":0,"COAST_TYPE":0,"NAME_ENGL":"Serbia","NAME_FREN":"Serbie","ISO3_CODE":"SRB","SVRG_UN":"UN Member State","CAPT":"Belgrade","EU_STAT":"F","EFTA_STAT":"F","CC_STAT":"T","NAME_GERM":"Serbien"},"id":"RS"},{"arcs":[[[2258,-1254,-477]],[[2259]],[[2260]],[[2261]],[[2262]],[[2263]],[[2264]],[[2265]],[[2266]],[[2267]],[[2268]],[[2269]],[[2270]],[[2271]],[[2272]],[[2273]],[[2274]],[[2275]],[[2276]],[[2277]],[[2278]],[[2279]],[[2280]],[[2281]],[[2282]],[[2283]],[[2284]],[[2285]],[[2286]],[[2287]],[[2288]],[[2289]],[[2290]],[[2291]],[[2292]],[[2293]],[[2294]],[[2295]],[[2296]],[[2297]],[[2298]],[[2299]],[[2300]],[[2301]],[[2302]],[[2303]],[[2304]],[[2305]],[[2306]],[[2307]],[[2308]],[[2309]],[[2310]],[[2311]],[[2312]],[[2313]],[[2314]],[[2315]],[[2316]],[[2317]],[[2318]],[[2319]],[[2320]],[[2321]],[[2322]],[[2323]],[[2324]],[[2325]],[[2326]],[[2327]],[[2328]],[[2329]],[[2330]],[[2331]],[[2332]],[[2333]],[[2334]],[[2335]],[[2336]],[[2337]],[[2338]],[[2339]],[[2340]],[[2341]],[[2342]],[[2343]],[[2344]],[[2345]],[[2346]],[[2347]],[[2348]],[[2349]],[[2350]],[[2351]],[[2352]],[[2353]],[[2354]],[[2355]],[[2356]],[[2357]],[[2358]],[[2359]],[[2360]],[[2361]],[[2362]],[[2363]],[[2364]],[[2365]],[[2366]],[[2367]],[[2368]],[[2369]],[[2370]],[[2371]],[[2372]],[[2373]],[[2374]],[[2375]],[[2376]],[[2377]],[[2378]],[[2379]],[[2380]],[[2381]],[[2382]],[[2383]],[[2384]],[[2385]],[[2386]],[[2387]],[[2388]],[[2389]],[[2390]],[[2391]],[[2392]],[[2393]],[[2394]],[[2395]],[[2396]],[[2397]],[[2398]],[[2399]],[[2400]],[[2401]],[[2402]],[[2403]],[[2404]],[[2405]],[[2406]],[[2407]],[[2408]],[[2409]],[[2410]],[[2411]],[[2412]],[[2413]],[[2414]],[[2415]],[[2416]],[[2417]],[[2418]],[[2419]],[[2420]],[[2421]],[[2422]],[[2423]],[[2424]],[[2425]],[[2426]],[[2427]],[[2428]],[[2429]],[[2430]],[[2431]],[[2432]],[[2433]],[[2434]],[[2435]],[[2436]],[[2437]],[[2438]],[[2439]],[[2440]],[[2441]],[[2442]],[[2443]],[[2444]],[[2445]],[[2446]],[[2447]],[[2448]],[[2449]],[[2450]],[[2451]],[[2452]],[[2453]],[[2454]],[[2455]],[[2456]],[[2457]],[[2458]],[[2459]],[[2460]],[[2461]],[[2462]],[[2463]],[[2464]],[[2465]],[[2466]],[[2467]],[[2468]],[[2469]],[[2470]],[[2471]],[[2472]],[[2473]],[[2474]],[[2475]],[[2476]],[[2477]],[[2478]],[[2479]],[[2480]],[[2481]],[[2482]],[[2483]],[[2484]],[[2485]],[[2486]],[[2487]],[[2488]],[[2489]],[[2490]],[[2491]],[[2492]],[[2493]],[[2494]],[[2495]],[[2496]],[[2497]],[[2498]],[[2499]],[[2500]],[[2501]],[[2502]],[[2503]],[[2504]],[[2505]],[[2506]],[[2507]],[[2508]],[[2509]],[[2510]],[[2511]],[[2512]],[[2513]],[[2514]],[[2515]],[[2516]],[[2517]],[[2518]],[[2519]],[[2520]],[[2521]],[[2522]],[[2523]],[[2524]],[[2525]],[[2526]],[[2527]],[[2528]],[[2529]],[[2530]],[[2531]],[[2532]],[[2533]],[[2534]],[[2535]],[[2536]],[[2537]],[[2538]],[[2539]],[[2540]],[[2541]],[[2542]],[[2543]],[[2544]],[[2545]],[[2546]],[[2547]],[[2548]],[[2549]],[[2550]],[[2551]],[[2552]],[[2553]],[[2554]],[[2555]],[[2556]],[[2557]],[[2558]],[[2559]],[[2560]],[[2561]],[[2562]],[[2563]],[[2564]],[[2565]],[[2566]],[[2567]],[[2568]],[[2569]],[[2570]],[[2571]],[[2572]],[[2573]],[[2574]],[[2575]],[[2576]],[[2577]],[[2578]],[[2579]],[[2580]],[[2581]],[[2582]],[[2583]],[[2584]],[[2585]],[[2586]],[[2587]],[[2588]],[[2589]],[[2590]],[[2591]],[[2592]],[[2593]],[[2594]],[[2595]],[[2596]],[[2597]],[[2598]],[[2599]],[[2600]],[[2601]],[[2602]],[[2603]],[[2604]],[[2605]],[[2606]],[[2607]],[[2608]],[[2609]],[[2610]],[[2611]],[[2612]],[[2613]],[[2614]],[[2615]],[[2616]],[[2617]],[[2618]],[[2619]],[[2620]],[[2621]],[[2622]],[[2623]],[[2624]],[[2625]],[[2626]],[[2627]],[[2628]],[[2629]],[[2630]],[[2631]],[[2632]],[[2633]],[[2634]],[[2635]],[[2636]],[[2637]],[[2638]],[[2639]],[[2640]],[[2641]],[[2642]],[[2643]],[[2644]],[[2645]],[[2646]],[[2647]],[[2648]],[[2649]],[[2650]],[[2651]],[[2652]],[[2653]],[[2654]],[[2655]],[[2656]],[[2657]],[[2658]],[[2659]],[[2660]],[[2661]],[[2662]],[[2663]],[[2664]],[[2665]],[[2666]],[[2667]],[[2668]],[[2669]],[[2670]],[[2671]],[[2672]],[[2673]],[[2674]],[[2675]],[[2676]],[[2677]],[[2678]],[[2679]],[[2680]],[[2681]],[[2682]],[[2683]],[[2684]],[[2685]],[[2686]],[[2687]],[[2688]],[[2689]],[[2690]],[[2691]],[[2692]],[[2693]],[[2694]],[[2695]],[[2696]],[[2697]],[[2698]],[[2699]],[[2700]],[[2701]],[[2702]],[[2703]],[[2704]],[[2705]],[[2706]],[[2707]],[[2708]],[[2709]],[[2710]]],"type":"MultiPolygon","properties":{"NUTS_ID":"SE","LEVL_CODE":0,"CNTR_CODE":"SE","NAME_LATN":"Sverige","NUTS_NAME":"Sverige","MOUNT_TYPE":0,"URBN_TYPE":0,"COAST_TYPE":0,"NAME_ENGL":"Sweden","NAME_FREN":"Suède","ISO3_CODE":"SWE","SVRG_UN":"UN Member State","CAPT":"Stockholm","EU_STAT":"T","EFTA_STAT":"F","CC_STAT":"F","NAME_GERM":"Schweden"},"id":"SE"},{"arcs":[[[2711]],[[2712,-210,-3]],[[2713]],[[2714]],[[2715]],[[2716]],[[2717]],[[2718]],[[2719]],[[2720]],[[2721]],[[2722]],[[2723]],[[2724]],[[2725]],[[2726]],[[2727]],[[2728]],[[2729]],[[2730]],[[2731]],[[2732]],[[2733]],[[2734]],[[2735]],[[2736]],[[2737]],[[2738]],[[2739]],[[2740]],[[2741]],[[2742]],[[2743]],[[2744]],[[2745]],[[2746]]],"type":"MultiPolygon","properties":{"NUTS_ID":"TR","LEVL_CODE":0,"CNTR_CODE":"TR","NAME_LATN":"Türkiye","NUTS_NAME":"Türkiye","MOUNT_TYPE":0,"URBN_TYPE":0,"COAST_TYPE":0,"NAME_ENGL":"Türkiye","NAME_FREN":"Turquie","ISO3_CODE":"TUR","SVRG_UN":"UN Member State","CAPT":"Ankara","EU_STAT":"F","EFTA_STAT":"F","CC_STAT":"T","NAME_GERM":"Türkei"},"id":"TR"},{"arcs":[[[2747]],[[2748,-1137,-1139,2749],[-1146]],[[2750]],[[2751]],[[2752]],[[2753]],[[2754]],[[2755]],[[2756]],[[2757]],[[2758]],[[2759]],[[2760]],[[2761]],[[2762]],[[2763]],[[2764]],[[2765]],[[2766]],[[2767]],[[2768]],[[2769]],[[2770]],[[2771]],[[2772]],[[2773]],[[2774]],[[2775]],[[2776]],[[2777]],[[2778]],[[2779]],[[2780]],[[2781]],[[2782]],[[2783]],[[2784]],[[2785]],[[2786]],[[2787]],[[2788]],[[2789]],[[2790]],[[2791]],[[2792]],[[2793]],[[2794]],[[2795]],[[2796]],[[2797]],[[2798]],[[2799]],[[2800]],[[2801]],[[2802]],[[2803]],[[2804]],[[2805]],[[2806]],[[2807]],[[2808]],[[2809]],[[2810]],[[2811]],[[2812]],[[2813]],[[2814]],[[2815]],[[2816]],[[2817]],[[2818]],[[2819]],[[2820]],[[2821]],[[2822]],[[2823]],[[2824]],[[2825]],[[2826]],[[2827]],[[2828]],[[2829]],[[2830]],[[2831]],[[2832]],[[2833]],[[2834]],[[2835]],[[2836]],[[2837]],[[2838]],[[2839]],[[2840]],[[2841]],[[2842]],[[2843]],[[2844]],[[2845]],[[2846]],[[2847]],[[2848]],[[2849]],[[2850]],[[2851]],[[2852]],[[2853]],[[2854]],[[2855]],[[2856]],[[2857]],[[2858]],[[2859]],[[2860]],[[2861]],[[2862]],[[2863]],[[2864]],[[2865]],[[2866]],[[2867]],[[2868]],[[2869]],[[2870]],[[2871]],[[2872]],[[2873]],[[2874]],[[2875]],[[2876]],[[2877]],[[2878]],[[2879]],[[2880]],[[2881]],[[2882]],[[2883]],[[2884]],[[2885]],[[2886]],[[2887]],[[2888]],[[2889]],[[2890]],[[2891]],[[2892]],[[2893]],[[2894]],[[2895]],[[2896]],[[2897]],[[2898]],[[2899]],[[2900]],[[2901]],[[2902]],[[2903]],[[2904]],[[2905]],[[2906]],[[2907]],[[2908]],[[2909]],[[2910]],[[2911]],[[2912]],[[2913]],[[2914]],[[2915]],[[2916]],[[2917]],[[2918]],[[2919]],[[2920]],[[2921]],[[2922]],[[2923]],[[2924]],[[2925]],[[2926]],[[2927]],[[2928]],[[2929]],[[2930]],[[2931]],[[2932]],[[2933]],[[2934]],[[2935]],[[2936]],[[2937]],[[2938]],[[2939]]],"type":"MultiPolygon","properties":{"NUTS_ID":"UK","LEVL_CODE":0,"CNTR_CODE":"UK","NAME_LATN":"United Kingdom","NUTS_NAME":"United Kingdom","MOUNT_TYPE":0,"URBN_TYPE":0,"COAST_TYPE":0,"NAME_ENGL":"United Kingdom","NAME_FREN":"Royaume-Uni","ISO3_CODE":"GBR","SVRG_UN":"UN Member State","CAPT":"London","EU_STAT":"F","EFTA_STAT":"F","CC_STAT":"F","NAME_GERM":"Vereinigtes Königreich"},"id":"UK"},{"arcs":[[[2940,-2216,2941,2942,-25,-48,2943,-46,2944]],[[2945]],[[2946]]],"type":"MultiPolygon","properties":{"NUTS_ID":"PL","LEVL_CODE":0,"CNTR_CODE":"PL","NAME_LATN":"Polska","NUTS_NAME":"Polska","MOUNT_TYPE":0,"URBN_TYPE":0,"COAST_TYPE":0,"NAME_ENGL":"Poland","NAME_FREN":"Pologne","ISO3_CODE":"POL","SVRG_UN":"UN Member State","CAPT":"Warsaw","EU_STAT":"T","EFTA_STAT":"F","CC_STAT":"F","NAME_GERM":"Polen"},"id":"PL"},{"arcs":[[-1072,-973,2947,-2144,-40]],"type":"Polygon","properties":{"NUTS_ID":"SI","LEVL_CODE":0,"CNTR_CODE":"SI","NAME_LATN":"Slovenija","NUTS_NAME":"Slovenija","MOUNT_TYPE":0,"URBN_TYPE":0,"COAST_TYPE":0,"NAME_ENGL":"Slovenia","NAME_FREN":"Slovénie","ISO3_CODE":"SVN","SVRG_UN":"UN Member State","CAPT":"Ljubljana","EU_STAT":"T","EFTA_STAT":"F","CC_STAT":"F","NAME_GERM":"Slowenien"},"id":"SI"},{"arcs":[[-2943,2948,-1068,-1073,-38,-26]],"type":"Polygon","properties":{"NUTS_ID":"SK","LEVL_CODE":0,"CNTR_CODE":"SK","NAME_LATN":"Slovensko","NUTS_NAME":"Slovensko","MOUNT_TYPE":0,"URBN_TYPE":0,"COAST_TYPE":0,"NAME_ENGL":"Slovakia","NAME_FREN":"Slovaquie","ISO3_CODE":"SVK","SVRG_UN":"UN Member State","CAPT":"Bratislava","EU_STAT":"T","EFTA_STAT":"F","CC_STAT":"F","NAME_GERM":"Slowakei"},"id":"SK"}]}}}