{"type":"Topology","arcs":[[[68654,45441],[9,1],[124,83],[33,21]],[[68820,45546],[90,-71],[66,-121],[78,-15],[117,-77],[98,-228],[0,-79]],[[69269,44955],[-18,-33],[8,-43],[-23,-79],[44,-128],[-62,-43],[80,-125],[-26,-88],[97,-203],[56,-9],[68,-144],[41,-5],[28,28],[86,-2],[26,-52]],[[69674,44029],[5,-86],[66,-74],[15,-57],[-60,-144],[-69,-11],[-35,-52],[-4,-75],[-33,-68],[-12,-170],[-43,-33],[-123,-30],[-34,-68],[-43,-21],[76,-119],[-4,-60],[-68,14],[1,-45],[19,-34],[-26,-26],[-8,-27],[-24,-2],[-4,-29],[-70,-1],[-74,28],[-16,-8]],[[69106,42831],[-22,153],[-124,150],[-283,132],[-104,91],[-45,81],[29,5],[66,-53],[14,90],[-143,188],[26,89],[-5,90],[51,135],[-20,34],[-13,134],[37,126],[-70,51],[-10,44],[46,112],[-33,73],[61,16],[4,204],[-60,42],[-105,-10]],[[68403,44808],[-22,93],[3,145],[-68,87],[127,281],[32,70],[28,62],[70,55],[23,-37],[2,-64],[5,-18],[51,-41]],[[65182,51267],[137,-43],[59,13],[152,-89],[148,-9],[55,15],[46,59],[56,5],[97,-56],[113,-12],[44,-86]],[[66089,51064],[13,-77],[-54,-98],[10,-82],[66,-81],[27,-83],[63,-46],[14,-76],[56,-25]],[[66284,50496],[-31,-33],[-2,-70],[-35,-45],[23,-44],[5,-99],[-96,-27],[-30,17],[-57,-31],[-43,44],[-70,16],[-110,-97],[155,-38],[37,-66],[-29,-92],[-110,-53],[-20,-48],[36,-62],[-22,-90],[59,-52],[-26,-42],[18,-29],[-12,-58],[-115,-13],[-109,-133]],[[65700,49351],[-75,-38],[20,-147],[-149,14],[-89,-9],[-94,-91],[-66,29],[-222,-17],[-123,-56],[-35,-85],[-57,-22],[-31,-46],[-50,-25],[-18,-54],[-28,39],[-63,23],[-176,-13],[-46,35],[-126,29],[-133,-1]],[[64139,48916],[-141,35],[-163,-20],[-79,35],[-221,28],[-51,0],[-27,21],[-142,17],[-125,101],[-14,80],[-80,38],[-18,88],[70,60],[-69,9],[-251,-107],[-82,34],[-52,-24],[-43,13],[-46,-33],[-55,18],[-107,-25],[-102,-190],[-128,11],[-97,83],[-129,-15]],[[61987,49173],[5,77],[-67,56],[-86,-70],[-18,-52],[-48,-15],[-38,-2],[-87,63],[-49,25],[-6,69],[-174,46]],[[61419,49370],[10,86],[-58,114]],[[61371,49570],[51,80],[29,21],[-1,51],[-47,50],[-13,58]],[[61390,49830],[90,-11],[63,49],[43,-41],[70,6],[21,-60],[55,-34],[12,-78],[62,17],[13,-28],[-25,-81],[86,31],[47,50],[56,80],[-19,68],[9,45],[64,-17],[54,26],[99,-42],[64,17],[-1,-50],[48,-33],[23,-50],[16,0],[125,35],[37,-25],[44,39],[57,2],[-17,26],[9,22],[96,21],[47,75],[128,-4],[149,36],[87,1],[-16,74],[35,26],[16,3],[8,-37],[48,13],[59,-6],[51,-55],[46,4],[24,38],[52,13],[63,-47],[12,-68],[77,-59],[59,-20],[22,48],[19,143],[-38,41],[-71,5],[45,130],[-40,75],[-41,24],[-12,32],[-74,109],[77,83],[44,11],[57,55],[89,35],[63,11],[77,69],[25,129],[-9,42],[46,42],[139,-68],[54,99],[-19,95],[24,57]],[[64113,51068],[110,-62],[24,-37],[-9,-23],[44,-39],[156,-24],[84,78],[142,-40],[20,100],[49,84],[94,7],[11,230],[74,-10],[45,-40],[106,35],[119,-60]],[[58739,53647],[-11,-45],[30,-60],[48,-15],[4,-46],[159,23],[28,-28],[8,-46],[159,-71],[-28,-91],[-22,-48],[-25,-77],[-51,-56],[17,-52],[-6,-52],[57,13],[70,-23],[79,-5]],[[59255,52968],[57,-43],[36,-73],[43,-18],[-43,-51],[-1,-44],[75,-26],[29,-52],[-11,-62],[28,-55],[-56,-7],[-78,-66],[-40,-104]],[[59294,52367],[-66,54],[-80,-66],[-24,-58],[-63,-91],[-23,-90],[5,-50],[65,-86],[14,-56],[-28,-79],[-28,-25]],[[59066,51820],[-52,3],[-167,-37],[-42,118],[-45,7],[-15,57],[-83,42],[-109,87],[-64,14],[15,96],[-44,54],[27,77],[27,91],[-44,7],[-66,-56],[-4,-36],[-14,-48],[-155,-41],[-122,25],[-56,24],[50,93],[-32,71],[38,93],[-80,93],[-16,18],[-84,-18],[-74,24],[-41,-24],[-22,34],[2,102],[-23,30],[-55,11],[-17,30],[-67,-25],[-48,31],[-19,185],[-26,43],[-11,2],[-46,26],[-49,0],[-73,-62],[-27,9],[-85,106],[-42,15],[-8,89],[13,41],[-33,131]],[[57178,53452],[37,16],[30,16],[18,4],[15,7],[29,14],[231,122],[54,36],[103,5]],[[57695,53672],[1,-92],[69,-33],[24,39],[42,7],[145,-98],[74,7],[80,32],[38,24],[34,36],[12,13]],[[58214,53607],[5,5],[2,20]],[[58221,53632],[22,0],[75,-17],[-4,76],[60,28],[25,-4],[9,-45],[72,-8],[59,69],[40,-24],[4,-51],[33,-23],[90,64],[33,-50]],[[58527,53670],[22,-42],[27,16],[-27,31],[-22,-5]],[[61780,58581],[70,-8],[20,-88],[39,-46],[208,-17],[52,-61],[-9,-90],[-102,-186],[-49,50],[-50,-88],[-51,54],[20,44],[-4,37],[-36,0],[-79,-102],[10,-171],[-34,-111],[-60,-34],[-67,-125],[-93,-20],[-66,31],[77,-93],[-78,-97],[-1,-54],[-30,-45],[20,-108],[52,-39],[-45,-63],[-78,-32],[0,-78],[-21,-33],[105,-33],[-1,43],[51,21],[107,-72],[49,-107],[-45,-30],[-107,42],[-31,-43],[-69,43],[-98,-64]],[[61356,56808],[-30,-7],[-53,-13],[-26,40],[-61,22],[-264,40]],[[60922,56890],[26,238],[-17,214],[-20,41],[-81,41],[-87,104],[-15,-11],[-6,-54],[-78,53],[43,245],[-2,74],[72,-28],[36,65],[-42,126],[-84,26],[15,210],[58,20],[-61,144],[6,84],[30,92],[58,-82],[132,-21],[33,-64],[46,-14],[26,62],[-19,76],[162,199],[77,-113],[-47,-92],[-2,-42],[44,45],[74,-4],[18,46],[-59,26],[-11,178],[18,82],[-49,53],[-239,-91],[14,-29],[88,42],[19,-19],[-26,-61],[-4,-78],[-60,-81],[-44,-7],[-43,39],[-4,44],[33,36],[-4,27],[-58,-41],[-7,-81],[-15,-15],[-55,1],[-60,93],[59,146],[133,159],[409,58],[109,88],[194,294],[141,38],[138,77],[-21,-114],[39,-132],[2,-175],[-123,-306],[4,-192],[-55,-48]],[[63076,57766],[4,-82],[53,-93],[-1,-31],[-54,-28],[-38,70],[-13,-31],[-63,-14],[-64,-49],[-20,-70],[11,-45],[90,-47],[23,-68],[-140,-113],[0,-123],[-18,-56],[-39,-21],[-66,20],[-74,62],[-45,92],[-259,62],[-56,101],[18,80],[-28,140],[-68,124],[154,52],[93,100],[32,77],[85,17],[16,-20],[-13,-121],[32,-60],[17,-80],[50,76],[-4,58],[42,51],[-54,112],[107,77],[112,80],[133,-33],[49,-37],[-38,-120],[34,-109]],[[62810,57732],[-14,-1],[-14,-46],[-30,-3],[0,-41],[44,-16],[11,-4],[15,60],[-12,51]],[[61947,57489],[-26,-87],[6,-12],[76,42],[2,32],[15,47],[0,28],[38,-49],[22,-54],[-34,-37],[72,-114],[5,-125],[-32,-111],[-43,-65],[13,-14],[-14,-46],[-16,36],[-24,-35],[-30,11],[-9,60],[-152,56],[-49,-2],[6,-53],[-13,-11],[-22,38],[11,12],[-10,28],[19,27],[-5,22],[-73,45],[-10,0],[-46,42],[-22,103],[-26,12],[7,30],[-77,104],[67,44],[29,-32],[42,-1],[134,89],[74,8],[95,-68]],[[62500,56820],[28,-6],[64,31],[5,29],[44,-6],[9,63],[43,9],[109,-57],[15,8],[-12,25],[12,0],[40,-57],[11,-34],[-46,-77],[-44,-63],[-7,-117],[-47,77],[10,60],[-14,10],[-40,-74],[-85,12],[-103,-47],[-72,44],[-186,100],[-5,35],[41,8],[-6,46],[-19,35],[31,39],[79,21],[60,-33],[27,-35],[48,-23],[10,-23]],[[64325,57299],[68,-37],[14,5],[13,-19],[41,-28],[53,-25],[4,-52],[-21,-39],[7,-22],[-19,-27],[-68,10],[-43,23],[-81,27],[-36,30],[11,32],[-7,62],[4,28],[29,73],[31,-41]],[[62120,56837],[-54,-125],[-28,77],[9,47],[18,27],[-2,40],[66,72],[53,110],[8,-7],[-12,-87],[-58,-154]],[[62924,57045],[32,-30],[81,-2],[35,-14],[18,-44],[-24,-17],[-70,18],[-39,-14],[-56,-68],[-36,-2],[-19,35],[20,24],[-1,24],[33,1],[34,18],[7,25],[-19,27],[-11,-20],[-27,24],[11,23],[31,-8]],[[62246,59136],[-28,-31],[-4,-25],[-35,11],[-10,29],[-25,-7],[-13,18],[26,39],[45,9],[12,13],[85,6],[1,-17],[-51,-12],[-3,-33]],[[62026,57733],[-12,-30],[-37,2],[-15,51],[2,29],[34,29],[5,45],[24,-10],[13,-43],[-13,-29],[-1,-44]],[[60889,57057],[-28,-23],[-23,16],[-7,29],[16,87],[15,13],[41,-20],[-23,-48],[9,-54]],[[60925,58591],[8,-24],[18,-2],[3,-35],[-20,12],[-6,-36],[-18,-1],[-10,-20],[-28,55],[-29,33],[21,19],[17,-19],[44,18]],[[61844,56887],[35,-23],[29,8],[15,-23],[27,13],[11,-43],[-49,-22],[-47,38],[-28,45],[7,7]],[[60841,57321],[-25,-11],[-30,70],[-23,34],[25,16],[19,-5],[-1,-28],[25,-4],[8,-28],[-10,-13],[12,-31]],[[62515,58595],[-19,-4],[-21,30],[9,9],[43,4],[-12,-39]],[[61981,57930],[10,-67],[-24,1],[-10,37],[24,29]],[[63193,57587],[-11,-11],[-18,28],[5,31],[18,2],[6,-50]],[[62681,57729],[-6,-43],[-30,36],[18,12],[5,27],[13,-32]],[[62480,56926],[-29,-31],[-12,17],[17,38],[24,-24]],[[62548,56951],[-19,-30],[-23,40],[30,8],[12,-18]],[[61211,58783],[-10,-23],[-29,24],[28,29],[11,-30]],[[61583,57295],[5,-49],[-32,0],[0,22],[27,27]],[[60695,58308],[-21,-30],[-12,26],[12,36],[21,-32]],[[62315,57824],[-8,-33],[-32,40],[6,16],[34,-23]],[[60895,57226],[-23,-2],[-7,21],[12,17],[29,-8],[-11,-28]],[[62349,57154],[-30,0],[-3,35],[7,14],[13,-10],[13,-39]],[[61860,57701],[-7,-28],[-24,12],[18,51],[13,-35]],[[62294,57493],[-7,-40],[-29,7],[9,33],[27,0]],[[62324,57122],[-12,-35],[-23,45],[25,16],[10,-26]],[[61705,57093],[-11,-13],[-32,15],[12,35],[31,-37]],[[61356,56808],[1,-8],[11,-18],[27,17],[51,30],[155,-97],[29,34],[19,-10],[46,-136],[-52,-149],[90,-10],[39,-36],[3,-84],[33,62],[64,21],[207,-120],[117,71],[89,9],[0,44],[-40,25],[6,16],[20,50],[91,-24],[13,-24],[32,-61],[-81,-8],[-37,-49],[0,-141],[-24,-30],[-147,-96],[-8,-47],[44,-34],[36,-33],[143,57],[63,-72],[39,12],[62,-33],[17,42],[-44,12],[-7,23],[98,34],[68,113],[175,33],[73,13],[39,57],[47,31],[38,42],[35,-21],[29,22],[17,42],[-6,55],[33,36],[137,-72],[38,50],[66,-1],[88,-104],[-19,-14],[10,-19],[23,-9],[35,-15],[39,-8],[15,-32],[6,-8],[91,-81],[189,69],[60,-91],[-7,-38],[-50,-21],[58,-104],[13,13],[-2,63],[56,1],[3,52],[115,-89]],[[64073,56012],[-4,-60]],[[64069,55952],[-95,-6],[-58,-47],[71,-57],[94,-7],[28,-43]],[[64109,55792],[104,-347],[5,-16],[15,-51],[-32,-67],[-5,-119],[-116,-108],[11,-63],[-7,-60],[50,-18],[132,-118],[78,-49],[38,-44],[3,-84],[-45,-92],[46,-115],[63,-26],[-4,-113],[45,-48],[-19,-68],[-4,-80],[-54,-92],[100,-149],[8,-47],[-16,-32],[10,-49],[131,-56],[19,-94],[42,-87],[-13,-140],[-47,-172],[-41,-78]],[[64606,53110],[-30,-47],[-93,27],[8,62],[-39,-1],[5,62],[-62,49],[-45,-20],[-61,25],[-26,-61],[76,-60],[-6,-25],[-234,-98],[-74,-81],[-123,-7],[-66,-27],[-21,-70],[-28,-26],[-42,24],[-46,-53],[-34,1],[-39,-77],[-85,-5],[-55,-98],[-79,43],[-71,-47],[-73,-2],[-105,-85],[-41,-75],[-9,-67],[-91,130],[-48,2],[17,-31],[-9,-38],[31,-24],[29,-45],[3,-56],[34,-28],[1,-24],[139,-74],[8,-37],[37,-29],[-50,-113],[-38,-31],[74,-72],[53,-130],[27,-22],[0,-40],[103,-118],[88,-2],[51,-34],[106,-123],[19,-39],[115,-59],[29,-80],[50,-26],[36,19],[80,-73],[41,-9],[70,-97]],[[61390,49830],[-41,9],[-75,70],[-127,32],[-95,28],[-105,-27],[-38,63],[-21,-6],[8,-36],[-81,10],[-4,1],[28,23],[0,26],[-59,62],[-67,-22],[-61,-72],[4,-22],[50,-28],[67,18],[-8,-61],[-21,-5],[-28,26],[-61,-55],[-133,50],[-120,-57],[-75,3],[-18,31],[-118,-42],[-51,23],[-29,28]],[[60111,49900],[-42,86],[19,62],[-4,47],[55,173],[-24,63],[5,72],[0,5],[70,128],[38,74],[56,250],[87,100],[10,12],[85,84],[53,112],[41,37],[-103,34],[-98,46],[-174,14],[-65,46],[-29,62],[-70,0],[-48,-36],[-65,-1],[-56,39],[-32,-28],[-15,62],[-103,24],[-29,-50],[-52,18],[-4,44],[-82,111],[-14,85],[-65,50],[-51,4]],[[59405,51729],[12,77],[38,105],[45,52],[9,61],[-21,38],[-91,27],[-43,46],[-70,154],[10,78]],[[59255,52968],[-4,47],[40,51],[12,52],[-33,22],[-11,46],[-60,8],[-17,44],[15,25],[38,-12],[135,123],[-52,-2],[-7,61],[98,112],[-5,148],[-55,82],[1,53],[-84,92],[17,21],[-5,57],[58,25],[54,-15],[12,52],[138,-77],[9,31],[211,48],[32,65],[-71,61],[42,63],[58,5],[82,88],[45,17],[-17,49],[20,77],[-36,79],[-43,-10],[-130,48],[22,84],[-9,51],[173,3],[29,17],[17,147],[13,25],[68,139],[6,122],[8,124]],[[60069,55316],[35,78],[-151,39],[32,156],[46,7],[-11,41],[39,51],[74,43],[147,-9],[149,27],[111,-2],[23,-59],[24,-10],[29,-42],[9,-59],[-58,-25],[14,-48],[60,-47],[36,-4],[29,45],[-2,60],[-36,22],[36,67],[146,-83],[-32,61],[14,17],[-18,79],[41,126],[31,50],[46,16],[59,-54],[128,-3],[145,29],[-41,13],[-134,20],[-72,120],[77,26],[-21,65],[-45,13],[-22,52],[21,76],[-85,24],[-27,31],[31,60],[99,29],[34,44],[-48,29],[6,113],[-107,191],[-8,99]],[[63560,56586],[72,-92],[16,20],[-15,73],[75,1],[-11,-99],[58,-106],[-117,-16],[-80,-83],[-16,-1],[-27,12],[-34,14],[-13,32],[-27,12],[22,74],[-15,103],[65,146],[49,-2],[13,-53],[-15,-35]],[[60880,56670],[-46,0],[-46,21],[-4,14],[24,31],[55,6],[29,-14],[4,-22],[-16,-36]],[[60780,56875],[41,-16],[5,-13],[-27,-15],[-42,31],[-24,-27],[-6,10],[7,49],[24,59],[13,-14],[0,-48],[9,-16]],[[60934,56491],[-27,-5],[-20,33],[7,10],[50,21],[13,-3],[-8,-36],[-15,-20]],[[60787,56609],[-21,-8],[-42,59],[29,27],[12,-44],[22,-34]],[[59840,55676],[-41,-45],[-28,19],[-5,17],[60,18],[14,-9]],[[60816,56993],[-42,-27],[-5,9],[24,55],[22,-9],[1,-28]],[[60133,55758],[-66,-3],[-2,12],[11,9],[58,-1],[-1,-17]],[[59889,55728],[1,6],[76,8],[59,1],[-3,-8],[-133,-7]],[[60416,55825],[-8,-33],[-42,22],[8,14],[42,-3]],[[63418,56605],[8,-51],[-31,0],[8,42],[15,9]],[[60843,55942],[-16,-25],[-21,7],[22,51],[15,-33]],[[60744,56773],[-16,-47],[-16,25],[7,35],[25,-13]],[[60882,56540],[-19,-4],[-14,30],[28,23],[5,-49]],[[60252,55766],[-29,-1],[18,42],[24,1],[-13,-42]],[[62576,56097],[-28,-29],[-13,23],[28,33],[13,-27]],[[60373,55806],[-15,-23],[-18,18],[16,24],[17,-19]],[[59889,55709],[20,7],[2,-9],[-9,-18],[-8,4],[-6,11],[1,5]],[[59884,55482],[22,-61],[42,-34],[48,-15],[7,-40],[66,-16]],[[58221,53632],[-154,88],[-94,-50],[-69,60],[-84,5],[-55,85],[65,47],[151,1],[169,-163],[55,-3],[-10,59],[-100,74],[23,41],[-119,71],[-76,14],[16,36],[71,21],[37,54],[89,17],[6,52],[-22,62],[80,32],[23,26],[23,22],[114,119],[80,129],[47,102],[39,127],[36,173],[22,52],[45,138],[79,-68],[169,91],[114,76],[38,59],[21,55],[97,84],[19,7],[155,62],[171,14],[70,-13],[260,49],[55,-20],[7,-37]],[[57695,53672],[93,25],[200,-80],[86,50],[63,-46],[53,9],[24,-23]],[[58680,55187],[-23,-25],[-18,9],[-20,-23],[-4,37],[9,37],[21,35],[58,77],[11,-1],[24,-48],[-10,-55],[-23,-32],[-25,-11]],[[59029,55521],[-55,-27],[-19,3],[-53,-19],[-11,9],[30,35],[113,21],[61,16],[12,-17],[-45,-21],[-33,0]],[[59181,55578],[62,-13],[66,1],[59,-1],[-1,-13],[-58,-5],[-34,-7],[-48,8],[-49,-15],[-19,25],[22,20]],[[59536,55563],[-70,0],[-5,9],[10,20],[72,4],[65,5],[6,-7],[-78,-31]],[[58790,55395],[-39,-34],[-20,14],[4,9],[49,28],[6,-17]],[[58846,55424],[-46,-20],[-6,18],[40,28],[12,-26]],[[58732,55373],[-8,-28],[-25,9],[21,32],[12,-13]],[[66687,56663],[226,42],[144,102],[6,-4],[-199,-132],[3,-62],[84,1],[55,62],[77,38],[67,95],[288,1],[282,10],[420,20],[70,16],[604,138]],[[68814,56990],[24,42],[77,-3],[61,-64],[108,-18],[41,-8],[102,-74],[42,-78],[-3,-76],[20,-31]],[[69286,56680],[88,-238],[179,-341],[18,-34],[79,-95],[1,-77],[51,-92],[2,-72],[30,-85],[8,-104],[-72,-94],[-158,-103],[-89,-209],[-31,-71],[35,-49],[18,-3],[138,-20],[120,-80],[31,-72],[-23,-61],[31,-129],[-43,-63],[25,-122],[60,-84],[60,-90],[-7,-97],[42,-21],[33,-53],[73,-48],[118,-184],[95,-56],[-12,-28],[-57,-17],[-10,-33],[72,-76],[42,-122],[-24,-157],[-158,-68],[-87,-144],[-134,-182],[-13,-26],[-262,-528],[-14,-50],[37,-37],[46,-105],[18,-175],[109,-64],[14,-76],[-206,36]],[[69559,51981],[-92,1],[-242,66],[-82,109],[-79,29],[-34,-23],[-65,35],[-49,22],[-88,-41],[-45,10],[-72,10],[-49,-56],[-77,6],[16,-48],[-84,-82],[-86,52],[-61,37],[-69,-7],[-26,-38],[-69,21],[-61,-20],[-23,-49],[-59,-18],[-40,-45],[-25,-117],[-77,31],[-46,-31],[-71,-2],[16,67],[-29,111],[-88,-2],[-137,181],[-62,-80],[-61,-26],[-41,-114],[-103,-23],[-35,101],[-68,2]],[[67196,52050],[-48,141],[-116,47],[-39,85],[-11,81],[-142,14],[-24,-18],[-73,52],[-46,3],[-64,59],[-11,-21],[16,-31],[-91,-44],[-65,42],[-33,51],[-85,61],[82,67],[-27,87],[-20,6],[-44,-50],[-112,-27],[-159,106],[-178,48],[-18,-37],[91,-106],[13,-56],[-91,-43],[-88,-100],[-81,31],[-26,73],[-67,76],[-156,103],[99,101],[16,77],[-59,44],[-54,7],[-31,-34],[-54,24],[-48,-57],[-29,69],[-67,-9],[-39,62],[-33,-5],[-140,24],[-54,20],[-40,-22],[-67,105],[-11,66],[-68,34],[-93,0],[-17,-21],[19,-37],[-7,-81],[-100,-7]],[[64109,55792],[26,37],[160,-105],[11,30],[-40,58],[30,81],[-32,56],[-88,27],[-5,-38],[-39,-27],[-63,41]],[[64073,56012],[91,-3],[194,111],[9,-36],[51,61],[295,130],[74,21],[18,13],[67,19],[94,46],[149,53],[68,63],[90,134],[39,58],[101,46],[109,36],[187,151],[219,70],[163,63],[197,24],[47,-29],[7,-63],[91,-129],[24,-104],[34,-43],[84,-39],[112,-2]],[[66585,56908],[-1,-32],[-23,17],[-26,44],[6,8],[44,-37]],[[48742,45930],[80,-17],[127,66],[1,-58],[129,10],[58,-41],[3,-40],[96,4],[27,-50],[165,22],[47,88],[74,-46],[47,9],[51,-41],[50,-4],[34,29],[46,-58],[101,-6],[-2,-65],[21,-33],[-48,-100],[5,-67],[146,-43],[69,-96],[-122,-160],[-128,-69],[-166,-50],[-115,-129],[-89,3],[53,-179],[-34,-100],[1,-86],[-42,-70],[14,-63],[-44,-65],[20,-94],[-70,-63],[-64,2],[-54,-31],[-14,-50],[76,-165],[-53,-119],[-58,-46],[-57,-118],[-243,21],[-140,52],[19,-72],[110,-158],[-24,-97],[45,-84],[-17,-60],[56,-56],[-1,-55],[88,-32],[24,-74],[-97,-136],[-135,-84],[-46,-28],[-18,-89],[-58,-80],[-14,-70],[98,-274],[134,-11],[-95,-157],[-65,26],[-120,-29],[-59,-109],[-112,-84],[-88,-114],[-23,-69],[25,-109],[-10,-238]],[[48357,41471],[-123,4],[-305,-98],[-168,149],[-311,109],[-279,-36],[-18,41],[75,108],[140,224],[87,386],[0,59],[-35,55],[116,193],[20,218],[83,-20],[-1,94],[-28,25],[-30,-34],[-59,35],[-127,-35],[-125,11],[41,96],[-17,127],[17,30],[-73,11],[-98,59],[5,70],[82,126],[31,107],[93,149],[18,120],[232,148],[78,151],[170,256],[36,73],[-6,74],[151,274],[56,85],[29,97],[34,15],[1,47],[69,146],[25,145],[-20,285],[18,64],[6,136],[-14,137],[36,115]],[[48269,46102],[202,119],[197,-11],[122,39],[-2,-74],[44,-17],[10,-35],[-108,-92],[8,-101]],[[35510,46842],[22,-31],[44,-12],[34,7],[3,-24],[29,-17],[78,-8],[49,-16],[71,-49],[0,-28],[-19,-37],[-37,-23],[-24,5],[-28,26],[-93,12],[-76,44],[-22,0],[-24,51],[-40,28],[-51,11],[-60,133],[3,32],[67,19],[34,-44],[2,-48],[38,-31]],[[39949,39683],[51,-38],[58,-3],[61,-12],[14,-15],[32,-71],[60,-44],[-44,-39],[-59,-30],[-55,25],[-33,-1],[-53,40],[-124,130],[-19,86],[70,30],[20,-9],[21,-49]],[[34150,48245],[5,-38],[-47,15],[-51,38],[-50,-1],[-8,36],[-62,37],[-24,31],[-25,6],[-33,55],[8,59],[34,23],[30,-4],[55,-34],[32,-47],[8,-33],[31,-26],[18,-50],[79,-67]],[[34822,48267],[69,-59],[26,-12],[18,-65],[-15,-35],[-32,-12],[-15,-21],[-58,43],[-69,37],[-35,57],[7,63],[50,24],[54,-20]],[[34379,48225],[-39,11],[-54,93],[-49,42],[-15,35],[-24,21],[-58,87],[-7,64],[11,3],[99,-128],[25,-21],[48,-90],[69,-96],[-6,-21]],[[33810,48528],[-61,27],[-17,16],[11,35],[-15,45],[39,0],[42,13],[26,-29],[29,-61],[-26,-40],[-28,-6]],[[32617,50370],[4,-30],[18,-10],[0,-42],[-39,-39],[-31,-16],[-44,29],[22,72],[51,45],[19,-9]],[[35589,45866],[-11,-30],[-36,18],[-9,25],[-53,22],[3,42],[34,9],[67,-30],[-10,-20],[15,-36]],[[34464,48706],[-19,-3],[-37,38],[-4,50],[26,16],[32,-26],[2,-75]],[[40624,39673],[-49,-18],[-9,18],[24,26],[49,13],[18,-13],[-10,-34],[-23,8]],[[32768,50459],[-24,-1],[2,36],[19,18],[20,-20],[-17,-33]],[[40220,36891],[-8,0],[-7,6],[6,10],[8,-1],[2,-7],[-3,-2],[2,-6]],[[55561,54035],[8,-18],[13,-8],[4,-3],[15,14],[25,1],[15,21],[47,-29],[75,9],[17,3],[51,-37],[82,-43],[57,0],[42,22],[80,-31],[-39,-46],[8,-33],[90,51],[72,-34],[17,-44],[10,-26],[178,10],[101,-31],[-25,-49],[-21,-143],[-230,-96],[-45,-89],[-21,-6],[-44,10],[-49,10],[-85,-48],[-158,-21],[-99,-68],[-84,41],[-78,39],[-103,41],[-289,-6],[-72,-36],[-57,52],[-11,68],[-32,-49],[-24,47],[-40,-43],[-14,61],[-32,-50],[-112,109],[-60,52],[5,-17],[63,-76],[8,-21],[-6,-17],[-58,-23],[-66,-1],[-29,-30],[-63,25],[-11,3],[-32,-10],[-56,0],[-60,0],[-60,27],[34,-65],[-17,-51],[-241,68],[-71,-21],[-148,134],[-105,28],[-139,-8],[-39,-2],[-87,-36],[-43,43],[-63,-126],[-42,-81],[19,-49],[-88,-62],[-29,-68],[-34,-8],[-76,37],[-42,83],[-63,3],[-45,56],[-33,39],[9,42],[-9,51],[-26,-129],[-70,33],[-232,22],[-73,-86],[-121,-36],[-30,15],[-54,-129],[-76,-42],[-45,93],[-101,79],[-80,-45],[-57,19],[42,92],[82,28],[66,-17],[94,40],[172,132],[52,87],[134,39],[161,133],[51,138],[37,79],[90,-42],[64,25],[27,34],[32,111],[294,-16],[139,-42],[94,-52],[87,-2],[60,-1],[30,15],[36,85],[28,48],[106,81],[77,-11],[-9,31],[23,29],[104,112],[-83,-23],[-40,-46],[-228,-40],[-65,-65],[-12,-13],[-176,18],[-44,22],[-35,68],[-43,23],[-40,111],[-37,33],[-195,-35],[-50,47],[21,42],[86,-5],[57,51],[-78,-25],[-73,30],[-44,84],[-114,7],[-50,-10],[-54,-52],[-145,-15],[-103,131],[11,31],[46,29],[1,52],[-82,38],[-5,25],[123,48],[43,43],[108,-16],[133,72],[106,-3],[170,69],[89,87],[71,137],[74,26],[-77,7],[-21,60],[10,36],[35,36],[8,19],[-6,41],[-23,63],[18,38],[-8,57],[-39,19],[-101,-6],[-47,-21],[-18,-21],[-12,-32],[-15,-10],[-33,41],[-85,-14],[-8,13],[29,46],[48,38],[50,23],[34,1],[104,62],[18,26],[14,53],[74,46],[24,27],[39,14],[35,-7],[38,7],[89,29],[23,30],[115,-58],[85,18],[70,10],[98,-83],[43,-36],[-8,41],[-22,69],[-6,20],[11,5],[72,30],[50,-132],[100,-12],[-39,24],[-65,50],[-19,69],[-29,113],[25,50],[78,77],[29,23],[44,-13],[-10,17],[-86,17],[-19,40],[22,93],[28,40],[82,45],[-7,50],[65,63],[-10,43],[-6,25],[-68,-9],[-18,65],[-44,-56],[-40,-50],[-10,6],[-50,28],[18,30],[31,52],[5,25],[-9,24],[-42,-47],[-46,60],[-8,96],[-72,169],[38,95],[15,31],[85,86],[53,103],[49,10],[35,47],[46,-19],[27,-12],[11,34],[33,16],[-65,-8],[-208,47],[-41,-82],[-120,-5],[-116,-55],[-36,31],[-40,-8],[-45,70],[-71,47],[-17,-31],[11,-90],[-15,-39],[-29,-16],[-124,138],[-70,63],[-60,-20],[-11,-23],[6,-113],[-29,-14],[-21,116],[-55,138],[10,70],[32,28],[18,-16],[5,-74],[24,-10],[-3,78],[3,39],[47,78],[69,62],[23,20],[37,88],[61,69],[41,22],[26,13],[13,104],[-11,13],[-50,65],[-38,72],[31,57],[7,105],[22,58],[28,13],[72,-30],[90,-37],[68,-63],[-15,18],[-35,43],[-17,7],[-82,71],[-34,29],[-52,4],[6,69],[89,111],[-94,-111],[-74,-126],[-51,-34],[-29,-82],[-101,116],[14,138],[-38,-11],[-31,-85],[-7,-135],[-81,-119],[-94,-220],[-63,-56],[-62,29],[16,78],[135,280],[29,208],[92,197],[7,108],[131,158],[67,117],[1,2],[1,2],[0,3],[0,2],[-1,2],[-1,1],[-1,1],[-2,0],[-168,-53],[-121,80],[-9,87],[-37,72],[147,67],[15,95],[105,167],[1,2],[1,3],[0,2],[0,3],[-1,2],[-1,1],[-1,1],[-1,0],[-141,-46],[7,89],[-136,48],[-51,95],[-19,91],[-69,44],[-25,83],[98,83],[70,-24],[44,70],[36,24],[52,-105],[-1,-161],[45,5],[-17,-89],[11,-35],[68,-42],[189,53],[-128,28],[-22,45],[1,69],[18,51],[71,21],[-16,77],[24,55],[9,112],[40,17],[34,-43],[33,72],[55,-29],[118,17],[5,45],[-43,106],[56,32],[18,115],[94,28],[30,119],[55,101],[51,56],[141,-55],[15,-61],[70,42],[69,-64],[177,30],[83,-27],[127,18],[102,-25],[53,34],[78,-36],[47,-22],[-36,-88],[-2,-75],[-37,-63],[-24,-15],[-455,-278],[-79,-109],[68,-51],[-8,-38],[-207,-199],[-116,-8],[125,-30],[100,81],[68,-14],[85,24],[19,17],[29,1],[19,-30],[9,-2],[65,52],[71,8],[85,-50],[25,-15],[162,-12],[141,-50],[225,-17],[71,-34],[41,-90],[-10,-127],[-150,-169],[-47,-129],[-122,-207],[-120,-99],[-80,-152],[-131,-86],[-167,17],[-72,-42],[-64,-38],[60,16],[158,42],[40,-23],[-29,-67],[82,-56],[27,-48],[-59,-41],[-63,-20],[-80,29],[-106,-65],[-24,-30],[-10,-13],[-122,-22],[-86,47],[-55,8],[-55,65],[-29,11],[18,-15],[43,-70],[99,-53],[46,-16],[133,-37],[42,-42],[93,16],[49,56],[41,7],[65,-19],[129,-128],[107,-45],[47,-113],[74,-160],[9,-10],[88,-110],[7,-338],[12,-130],[34,-132],[-4,-80],[36,-140],[5,-6],[1,-1],[6,-6],[1,0],[3,-3],[5,-4],[1,-1],[1,-2],[0,-2],[0,-3],[0,-2],[-1,-3],[0,-4],[-4,-3],[0,-5],[5,-20],[9,-14],[-2,-2],[-1,-10],[0,-2],[0,-2],[0,-2],[-1,-1],[1,-2],[0,-2],[0,-9],[-4,-3],[-3,-5],[-18,-15],[-5,-2],[-12,5],[-8,7],[-5,0],[-3,-3],[-5,-14],[1,0],[0,-1],[4,14],[4,3],[3,-1],[6,-5],[2,-2],[7,-4],[6,-1],[5,0],[21,17],[6,-1],[-1,4],[4,9],[1,10],[8,2],[2,8],[4,-3],[7,-9],[15,-10],[7,0],[7,-4],[4,-3],[5,-8],[2,-2],[3,-3],[2,-3],[5,-3],[7,-6],[9,-5],[8,-5],[5,-2],[6,1],[3,2],[2,0],[1,-1],[9,-5],[11,-14],[13,-4],[12,0],[11,-7],[3,-5],[8,-4],[10,0],[0,-1],[119,-117],[64,-192],[87,-126],[35,-40],[-46,-66],[2,-56],[1,-59],[95,-268],[-94,-3],[-78,99],[-98,1],[-69,1],[-45,24],[-33,-8],[-15,-27],[43,17],[56,-34],[132,7],[151,-200],[42,-32],[37,-29],[68,-260],[-22,-105],[-108,-70],[-47,-53],[-30,-33],[22,-25],[77,-89],[14,-2],[65,-6],[115,136],[217,-25],[47,-6],[92,-36],[96,-41],[111,-115],[58,-73],[24,-100],[-9,-105],[-22,-117],[-137,-296],[-140,-110],[-167,18],[108,-28],[-9,-82],[-79,-52],[-70,26],[-96,-10],[-18,-50],[64,9],[8,-24],[-7,-45],[-15,-40],[-200,25],[157,-43],[-31,-60],[-26,-12],[-91,19],[-29,-16],[-38,24],[-84,-63],[-101,47],[-12,2],[-19,26],[-33,6],[-53,-1],[-53,8],[-18,5],[-26,-20],[-14,-3],[-11,-11],[-6,0],[-10,5],[-6,15],[-6,5]],[[52944,57992],[-11,-61],[57,-159],[36,-11],[11,-42],[-35,-54],[-79,-30],[-33,-33],[28,-21],[65,24],[105,-41],[5,-38],[19,-141],[-38,-82],[-25,-35],[-14,20],[-11,44],[29,45],[3,57],[-51,70],[-17,-33],[20,-63],[-13,-16],[-1,-65],[27,-55],[-18,-52],[-39,-25],[-114,26],[-36,-33],[-20,-54],[-17,-44],[-93,-48],[-105,92]],[[52579,57134],[-192,-12],[-28,32],[23,75],[8,26],[-66,45],[-11,8],[-9,116],[-64,100],[-111,-51],[-14,-35],[10,-68],[-41,-12],[-42,-48],[-56,-13],[-103,35],[-21,23],[-44,60],[-66,26],[-8,67],[-66,98],[-14,21],[-27,87],[82,46],[19,11],[75,-22],[101,46],[-18,13],[-52,36],[-19,44],[46,37],[46,-30],[108,14],[85,91],[19,65],[20,9],[25,57],[38,28],[50,4]],[[52262,58163],[52,-36],[62,3],[77,101],[103,-35],[75,16],[84,17],[187,-72],[10,-10],[24,-52],[-26,-86],[34,-17]],[[53503,61052],[-77,-106],[-24,-123],[-50,-20],[-13,-37],[-52,-27],[-50,12],[-17,-4],[1,-39],[-8,-11],[-48,41],[-8,-64],[-129,-51],[-24,56],[-23,-58],[-20,28],[35,32],[-3,27],[23,4],[106,57],[3,16],[-48,44],[-28,6],[-31,64],[6,8],[38,-3],[6,14],[-17,59],[26,65],[47,48],[66,-55],[12,56],[33,-21],[4,44],[144,41],[186,96],[18,-36],[-4,-55],[-33,-73],[-47,-35]],[[56307,62660],[1,-44],[48,25],[22,-89],[20,14],[20,-59],[-38,-9],[14,-38],[-63,-73],[46,-61],[4,-36],[-19,-13],[-15,47],[-34,-37],[-77,-205],[-39,17],[80,197],[-6,77],[-28,15],[-54,-39],[-81,86],[-5,22],[7,40],[9,4],[141,-25],[25,78],[-2,21],[-20,-47],[-26,15],[21,29],[-11,73],[-52,27],[1,16],[96,84],[44,1],[-29,-113]],[[53313,58937],[-189,-233],[-25,-17],[-49,36],[2,-141],[-55,-30],[-101,-29],[-20,17],[14,37],[30,28],[-17,60],[29,42],[-21,6],[-66,-63],[-48,-6],[71,144],[67,32],[-3,-47],[112,59],[6,-70],[42,55],[39,15],[41,76],[104,52],[43,57],[22,-6],[-28,-74]],[[53351,59334],[52,-56],[7,-38],[-78,-74],[-46,-10],[-15,35],[-36,-19],[-23,4],[-34,-16],[-21,10],[-28,-4],[-41,9],[-40,-11],[-53,33],[39,42],[89,-24],[38,8],[3,16],[-43,9],[44,63],[31,12],[1,17],[-80,2],[-1,27],[16,15],[-42,33],[21,63],[115,16],[53,-135],[72,-27]],[[52970,60568],[-10,-33],[-86,-135],[-27,9],[-6,-75],[-34,5],[-7,-53],[19,-48],[-50,-55],[-12,-121],[-42,-30],[2,34],[-19,7],[-22,34],[8,98],[49,136],[36,10],[4,15],[-22,30],[26,52],[6,57],[-46,28],[-6,31],[31,41],[44,-24],[27,19],[49,-5],[46,46],[5,-50],[37,-23]],[[53558,56192],[4,-61],[52,13],[33,-17],[-26,-39],[-82,-41],[-7,-17],[-78,-39],[-52,36],[-7,25],[-24,11],[7,18],[-23,45],[-32,4],[2,31],[-37,13],[4,24],[22,10],[37,-41],[27,78],[-5,28],[40,0],[49,9],[70,-29],[2,-37],[24,-24]],[[55293,61379],[12,-32],[47,17],[28,-35],[-3,-16],[-81,-52],[-62,-121],[-18,65],[48,56],[-7,74],[-99,-15],[-16,1],[-9,35],[-54,41],[25,110],[19,29],[63,7],[14,-11],[52,-64],[-10,-67],[51,-22]],[[53503,58270],[-64,-14],[-53,49],[-4,161],[35,46],[46,15],[38,-36],[12,-53],[-10,-168]],[[54829,53262],[-35,3],[-42,53],[-32,21],[-21,27],[-36,14],[22,28],[105,14],[24,22],[31,-6],[27,-32],[63,-23],[2,-47],[-49,-24],[-16,-40],[-43,-10]],[[56479,62711],[-31,-76],[-14,-6],[-19,16],[-12,-14],[-15,21],[-2,39],[7,25],[-3,35],[11,26],[26,17],[19,66],[52,-8],[3,-57],[-19,-27],[-13,-47],[10,-10]],[[55147,61265],[3,-29],[21,12],[15,-20],[-53,-34],[-11,-2],[-25,25],[-24,-16],[-11,42],[-15,21],[1,26],[-26,16],[24,40],[46,7],[14,-15],[-4,-21],[45,-52]],[[56611,62915],[4,-28],[-15,4],[-9,-44],[-28,-29],[-6,-21],[-17,11],[-16,-11],[-15,14],[17,52],[17,33],[-5,15],[45,40],[37,-19],[-9,-17]],[[53206,59805],[-26,-13],[-22,24],[-21,58],[57,33],[38,-42],[-26,-60]],[[52972,59496],[-33,-3],[-13,17],[35,37],[53,29],[43,4],[-9,-21],[-33,-40],[-43,-23]],[[52838,59483],[-15,-48],[-32,6],[-19,-36],[-19,3],[-15,20],[-4,43],[30,17],[30,-17],[10,12],[34,0]],[[52635,59964],[-18,-18],[-30,8],[-39,-13],[3,23],[34,35],[10,10],[47,23],[-5,-46],[-2,-22]],[[55302,61491],[-28,0],[-43,47],[0,19],[25,22],[10,-18],[39,-12],[-8,-14],[5,-44]],[[53047,58941],[-28,-36],[-27,7],[5,32],[17,12],[14,32],[58,32],[5,-14],[-42,-46],[-2,-19]],[[56530,62766],[10,-18],[27,-1],[1,-23],[19,-5],[-14,-34],[-11,21],[-21,5],[-6,-24],[-14,9],[-13,43],[22,27]],[[55359,61658],[-6,-26],[-10,13],[-31,-17],[-17,20],[3,40],[34,19],[2,-36],[25,-13]],[[55527,61627],[2,-31],[22,-1],[-12,-26],[-44,-16],[-13,28],[19,22],[-1,15],[27,9]],[[53547,60968],[-56,-22],[-7,26],[50,34],[26,1],[-13,-39]],[[53284,59758],[-19,-54],[-44,31],[6,18],[28,2],[20,27],[9,-24]],[[55401,61502],[-16,-5],[-5,35],[18,11],[3,42],[18,12],[17,-20],[-25,-31],[-10,-44]],[[55364,61432],[-21,-45],[-48,24],[22,31],[19,-17],[13,17],[15,-10]],[[51700,53259],[-26,-52],[-22,31],[-15,-8],[-12,24],[15,19],[60,-14]],[[55496,61429],[-33,-14],[-2,54],[-13,27],[11,19],[17,-32],[-5,-19],[22,-6],[3,-29]],[[53516,59305],[-21,-35],[-13,10],[-19,-10],[-8,22],[30,6],[39,31],[5,-26],[-13,2]],[[56471,62495],[-31,-23],[-6,28],[37,20],[0,-25]],[[55473,61568],[-37,-41],[-2,21],[7,16],[32,23],[0,-19]],[[55923,62378],[-20,-33],[-18,30],[33,21],[5,-18]],[[52580,59886],[-29,-8],[-7,27],[14,15],[20,-12],[2,-22]],[[52269,60912],[-9,-47],[-23,34],[11,23],[21,-10]],[[54129,53349],[-28,-34],[-12,11],[19,52],[21,-29]],[[53766,61810],[-14,-39],[-25,14],[24,34],[15,-9]],[[56416,62290],[-23,-15],[-4,23],[8,23],[19,-1],[0,-30]],[[55389,61700],[-19,-26],[-9,29],[20,38],[8,-41]],[[56023,61757],[-24,-7],[1,19],[11,25],[22,-6],[-10,-31]],[[55616,61661],[-19,-7],[-15,16],[18,25],[15,1],[1,-35]],[[52933,60688],[-17,-28],[-26,29],[21,17],[22,-18]],[[53070,60776],[-24,-24],[-14,32],[37,15],[1,-23]],[[55390,61594],[-29,0],[-6,20],[26,23],[9,-43]],[[53014,59848],[-28,0],[3,36],[28,1],[-3,-37]],[[52878,59465],[-19,-24],[-13,32],[28,29],[4,-37]],[[55602,61639],[-16,-57],[-17,29],[10,22],[23,6]],[[52863,58241],[-29,-4],[0,22],[16,23],[16,-11],[-3,-30]],[[53680,58566],[-4,-40],[-33,10],[14,31],[23,-1]],[[53216,58550],[-25,-48],[-3,50],[25,22],[3,-24]],[[52903,58250],[-35,-58],[-2,31],[16,37],[21,-10]],[[53016,59241],[-25,-30],[-13,34],[32,17],[6,-21]],[[53647,58522],[-14,-57],[-22,22],[-1,10],[4,7],[33,18]],[[56121,62541],[-21,-37],[-14,39],[11,15],[24,-17]],[[52491,59824],[-29,-6],[-3,17],[7,24],[20,0],[5,-35]],[[55338,61534],[-20,-51],[-10,46],[17,20],[13,-15]],[[55443,61418],[-21,2],[-4,16],[23,30],[9,-33],[-7,-15]],[[52914,59477],[-18,0],[-10,33],[32,15],[-4,-48]],[[79704,47276],[87,37],[194,156],[122,-56],[79,-153],[226,-114],[80,35],[45,125],[30,21],[227,-2],[78,-77],[86,-8],[92,28],[201,-41],[42,45],[23,76],[67,16],[48,-55],[73,-20],[160,30],[281,68],[59,75],[64,12],[114,133],[161,106],[65,5],[109,91],[157,-31],[69,31],[108,-4],[85,40],[95,-9],[54,36],[51,87],[32,53],[101,52],[85,94],[39,95],[140,119],[91,161],[77,95],[11,37],[36,125],[210,11],[64,112],[133,54],[253,41],[3,154],[141,65],[29,-79],[50,20],[137,-56],[133,-21],[-5,-37],[77,-49],[91,60],[84,-39],[-1,-31],[24,-28],[184,-61],[113,-124],[28,-91],[-20,-209],[186,-220],[-17,-56],[25,-19],[198,9],[251,139],[135,-8],[129,-78],[73,-22],[81,-24],[61,-58],[-63,30],[-14,6],[-50,12],[-63,14],[-47,-90],[52,-287],[-53,-63],[-154,-57],[-7,-54],[27,-16],[51,-38],[116,-96],[37,-150],[56,-58],[81,-34],[22,-100],[77,-89],[71,-179],[91,27],[46,-31],[-2,-366],[0,-24],[-1,-68],[195,-12],[93,1],[46,-28],[-1,-32],[19,-72],[67,-148],[20,-1],[28,6],[29,-8],[66,-19],[50,-15],[19,-15],[8,-16],[21,-99],[-77,-39],[-45,-22],[-123,-209],[-16,-72],[-42,1],[-66,61],[-5,121],[-27,40],[-35,12],[-17,1],[-122,-31],[-27,-51],[-57,-82],[-170,-78],[-150,-23],[-203,-6],[-138,-100],[-133,-20],[-35,-57],[-40,-200],[-128,-114],[-55,108],[-93,4],[-19,0],[-8,-13],[-75,-130],[-232,-193],[-75,-52],[-77,-41],[-41,-22],[-109,-51],[-40,-4],[-38,-4],[-143,-29],[-83,-44],[-24,-15],[-51,-45],[-29,-41],[-70,-77],[-45,-29],[-18,-22],[-35,-52],[-44,-66],[-21,-27],[-240,-252],[-399,-256],[-141,-18],[-226,-89],[-186,72],[-129,1],[-130,-45],[-86,-95],[-12,-20],[-21,-14],[-22,-20],[-21,-31],[-17,-17],[-71,-61],[-36,-14],[-14,-6],[-25,-20],[-50,-53],[-128,-95],[-183,-65],[-164,48],[-219,-17],[-14,-4],[8,-17],[1,-197],[5,-52],[20,-97],[138,-124],[11,-51],[-195,-103],[41,-185],[-97,-93],[-6,-123],[-210,23],[7,112],[-212,210],[50,131],[118,179],[48,84],[-52,143],[-133,73],[-67,-32],[-78,-151],[-94,-61],[32,-52],[-60,-140],[-101,-24],[-59,-55],[-370,62],[-78,30],[-42,-11],[-74,-20],[-55,-52],[-175,-261],[-82,-173],[-3,-113],[-20,-32],[-29,-37],[-89,14],[-91,-170],[-49,4],[-57,-56],[-152,-53],[-126,-44],[-53,-60],[-102,-27],[-93,-93],[-28,2],[-153,8],[-155,25],[-86,46],[-206,177],[-162,39],[-506,96],[-239,-25],[-172,-53],[-67,9],[-43,-45],[-19,-65],[50,-201],[-37,-147],[38,-85],[-45,-117],[-32,37],[-154,-2],[-49,-70],[-18,-8],[-122,-59],[-15,-49],[-148,-73],[-49,31],[-147,-6],[-41,23],[-47,-23],[-67,41],[-120,66],[-88,154],[2,59],[-24,26],[-101,14],[1,-60],[-56,-37],[-160,47],[-78,64],[-83,14],[-138,-62],[-6,-96],[-136,-163],[-22,11],[23,48],[-22,47],[35,52],[-13,30],[-236,-78],[-98,-102],[-138,-17],[15,61],[104,65],[283,86],[30,108],[63,70],[-18,20],[-437,-118],[-207,-20],[-30,42],[11,55],[148,49],[14,41],[18,51],[-146,121],[-16,18],[-107,-51],[-81,200],[-118,43],[115,101],[6,137],[-65,85],[-262,34],[-118,80],[-140,-57],[-212,84],[4,34],[61,39],[27,51],[-82,156],[17,72],[61,1],[49,-31],[121,-179],[152,37],[92,62],[-101,65],[-113,117],[0,58],[72,76],[54,126],[-133,40],[-33,109],[-68,70],[-101,85],[150,227],[6,58],[-49,25],[-182,-71],[-279,-145],[-69,-4],[-32,-2],[13,97],[12,87],[-43,173],[-1,29],[-3,94],[102,75],[33,97],[-2,68],[66,39],[128,200],[206,45],[46,61],[121,52],[54,-78],[140,-35],[180,50],[59,72],[-139,71],[19,48],[202,12],[6,-35],[-56,-64],[31,-27],[150,71],[121,29],[117,29],[115,-2],[92,51],[126,-1],[60,24],[56,76],[-57,31],[-58,-24],[-151,17],[10,41],[52,41],[59,67],[196,71],[141,92],[36,-13],[202,85],[54,5],[11,11],[-1,19],[-16,10],[-53,-22],[-152,-12],[-180,-71],[-35,41],[-244,92],[-50,43],[37,181],[111,63],[424,22],[14,9],[157,39],[32,8],[82,87],[61,-3],[310,-10],[154,30],[208,104],[50,107],[-20,98],[383,381],[50,45],[61,121],[190,175],[91,49],[17,10],[100,55],[90,90],[156,126],[622,146],[357,120],[16,5],[50,65],[40,110],[113,-41],[11,-75],[142,-130],[232,-45]],[[74487,46061],[18,-40],[11,-41],[-34,-25],[2,-44],[171,-206],[23,-9],[84,-48],[43,-11],[231,-60],[345,-18],[-47,-90],[-52,-141],[-27,-82],[-138,-32],[-41,36],[-34,-25],[-146,14],[-83,7],[-154,-92],[-35,-54],[-135,4],[-142,-69],[-114,-291],[-206,-195],[-156,-126],[-73,-146],[-117,-141],[-36,-104],[-63,-38],[-17,235],[320,290],[14,68],[-57,8],[-82,-26],[-27,-24],[-28,-29],[-55,9],[-27,-20],[-35,-2],[-41,-24],[-63,-7],[-47,-18],[-25,5],[-34,8],[-53,99]],[[73325,44566],[59,34],[58,144],[63,75],[-5,63],[-56,143],[-1,73],[185,149],[-73,220],[-185,68]],[[73370,45535],[-23,34],[8,57],[118,48],[15,64],[-16,30],[7,13],[30,40],[79,7],[140,70],[59,100],[77,1],[79,38],[222,-114],[93,69],[74,9],[34,45],[121,15]],[[73372,43990],[-71,-44],[-23,0],[-48,-24],[-28,18],[-32,3],[-1,28],[77,73],[41,15],[64,37],[24,-14],[9,-68],[14,-17],[-26,-7]],[[74510,44697],[-33,-21],[-44,2],[-22,36],[20,25],[52,26],[55,-9],[5,-15],[-33,-44]],[[73534,43697],[-20,-13],[-64,33],[4,11],[64,13],[16,-44]],[[74265,42578],[-1,-22],[-40,12],[-7,31],[10,30],[38,-51]],[[74446,44582],[-30,-18],[-15,13],[20,51],[25,-46]],[[74521,44611],[1,-41],[-34,1],[8,17],[-16,33],[41,-10]],[[75164,44774],[-22,-13],[-17,16],[9,37],[30,-15],[0,-25]],[[74046,43358],[-36,-17],[-21,30],[35,16],[22,-29]],[[73988,42453],[-24,-11],[-16,29],[40,33],[0,-51]],[[79395,47553],[-4,-11],[-40,-5],[-11,8],[3,18],[21,12],[31,-22]],[[49468,47640],[46,-8],[11,-55],[44,29],[41,-12],[72,-71],[42,-82],[10,-19],[147,-67],[77,10],[374,-105],[94,12],[82,-45],[114,2],[13,7],[73,36],[54,-64],[47,-55],[234,-63],[66,-69],[42,-16],[421,-160],[223,-33],[256,24],[31,-46],[150,36],[104,-98],[99,-39],[66,-56],[83,-34],[9,40],[64,40],[129,-4],[221,-160],[167,-55],[96,16],[147,25],[28,-29]],[[53445,46472],[32,-57],[49,3],[40,-47],[59,11],[72,-44],[-1,-55],[-32,-56],[-25,-42],[18,-39],[38,-10],[47,43],[49,-59],[183,-103],[123,-22],[28,-41],[104,-134],[106,-6],[69,33],[62,-62],[117,-117],[93,14],[59,8],[76,-57],[50,26],[80,-27],[128,-25],[19,97],[9,46],[126,-32],[47,-21],[51,-21],[50,-22],[55,-67],[63,-7],[67,-9],[55,-112]],[[55611,45459],[-12,-135],[10,-22],[53,-9],[50,18],[89,31]],[[55801,45342],[2,-12],[128,-53],[31,-45],[33,-47],[108,29],[74,12],[197,-98],[55,3],[57,49],[124,38],[99,-4],[112,-40]],[[56821,45174],[-3,-26],[0,-47],[83,-52],[-29,-47],[-75,-1],[-33,-41],[-1,-62],[46,-89],[0,-99],[-13,-40],[-323,-217],[-374,-140],[-93,-97],[-53,-56],[-338,-52],[-500,-101],[-39,-35],[-177,-158],[106,-88],[-7,-25],[-81,-42],[-117,-10],[-74,-81],[-111,-160],[-160,-142],[-65,-88],[-22,-12],[-38,-22],[-61,-105],[-149,-161],[-123,-201],[-17,-85],[28,-135],[29,-207],[99,-176],[95,-56],[54,-32],[28,-76],[-100,-47],[-99,-47],[-58,-70],[-204,-47],[-56,-82],[-71,-21],[-26,-111],[-92,-50],[-35,-126],[-102,-140],[-83,-110],[22,-49],[71,-54],[-10,-15],[-149,-24],[-111,33],[-68,-24],[-52,35],[-84,-2],[-144,-99],[-109,-38],[-35,-14],[-36,-44],[-78,-65],[-22,-40],[-11,-23],[-86,-183],[-111,-95],[-91,-77],[-47,3],[-106,120],[-155,5],[-78,-86],[-62,-19],[-106,37],[-47,47],[-157,33],[-32,5],[-91,13],[-121,-28],[-131,69],[-123,17],[-484,67],[-99,-92],[-123,-68],[-216,34],[-201,-45],[-72,-80],[-93,-135],[-10,3],[-48,18],[-46,-80],[-118,-25],[-139,96],[-76,101],[-89,39],[-105,237],[25,74],[-11,70],[-89,79],[-25,63],[9,50],[67,39],[-34,22],[-34,112],[-72,105],[-263,220],[-46,36],[-70,18],[-117,20],[-52,-9],[-15,-3],[-24,8]],[[48269,46102],[39,203],[130,123],[-50,56],[71,83],[-53,31],[-24,55],[41,25],[120,160],[-244,-84],[-2,73],[110,131],[-101,16],[-1,30],[-2,53],[-1,54],[-81,65],[36,92],[65,41],[10,22],[16,36],[151,14],[9,49],[85,20],[117,-52],[175,23],[49,-25],[46,25],[49,-54],[13,55],[-40,72],[38,69],[57,30],[144,77],[84,20],[21,-14],[4,-51],[118,15]],[[56623,42632],[41,-25],[81,33],[63,-38],[3,-56],[-130,-168],[-53,-110],[-36,-25],[-113,-61],[-68,82],[-130,43],[-19,119],[-29,38],[-72,3],[-72,-53],[-84,70],[-12,37],[310,218],[146,54],[116,0],[2,-44],[33,-21],[-13,-59],[36,-37]],[[38902,35571],[86,9],[12,-19],[46,-22],[70,4],[56,-26],[46,8],[25,-10],[92,37],[16,24],[37,16],[42,-4],[18,15],[74,-38],[59,1],[23,-40],[-11,-19],[-100,-12],[-19,-23],[-109,-38],[-21,-67],[-75,-72],[-16,-48],[-37,-18],[-86,-58],[-47,13],[-44,-8],[-50,24],[5,34],[-17,14],[7,31],[-21,33],[-27,103],[10,46],[-20,63],[-24,47]],[[41332,34661],[-36,-18],[-28,9],[-27,-12],[-93,13],[-90,1],[-59,-46],[-59,-33],[-124,72],[0,23],[60,-17],[49,-1],[56,11],[60,25],[37,24],[36,90],[39,24],[31,60],[46,22],[83,92],[1,18],[37,48],[5,38],[35,7],[79,-2],[30,-39],[-15,-128],[-37,-75],[-25,-15],[0,-59],[-91,-132]],[[40076,34947],[-24,-78],[24,-62],[-16,-14],[-1,-35],[-28,-38],[-1,-30],[-27,-4],[-33,-33],[-41,6],[-104,-21],[-42,35],[-14,-2],[-73,110],[-19,81],[15,54],[20,35],[27,-3],[83,38],[25,55],[55,1],[13,-27],[73,-19],[40,-41],[29,2],[-11,28],[36,19],[22,-16],[-28,-41]],[[57437,42627],[-31,-4],[-151,107],[-145,24],[-18,89],[35,28],[138,-1],[87,-9],[76,-75],[30,-120],[-21,-39]],[[41901,35339],[-22,-87],[-70,-41],[-168,-6],[-65,-38],[-65,34],[88,141],[189,39],[35,-29],[18,6],[63,132],[43,-100],[-46,-51]],[[38142,36274],[46,34],[45,13],[45,-40],[64,-19],[3,-51],[14,-53],[-54,-45],[1,-55],[-20,-40],[-31,-21],[-60,-62],[-23,22],[7,64],[-31,142],[-6,111]],[[55337,42147],[10,-22],[27,-1],[-6,-31],[10,-33],[-25,-34],[-34,-4],[-9,-33],[-56,-35],[-25,4],[-16,-24],[-4,-40],[-24,2],[-18,37],[-31,-4],[-21,18],[-20,-18],[-21,42],[19,34],[-12,21],[55,8],[8,52],[57,36],[13,-8],[35,20],[88,13]],[[38592,35355],[-38,10],[-49,58],[-14,45],[15,42],[38,43],[50,-5],[10,-19],[38,-17],[5,-19],[45,-46],[1,-57],[-101,-35]],[[37981,35367],[-62,-60],[-21,0],[-30,-60],[-17,-3],[-35,67],[-73,38],[-6,23],[16,29],[20,3],[44,-34],[69,13],[11,25],[63,4],[21,-45]],[[55247,41782],[11,-42],[-29,8],[-51,-34],[0,43],[4,28],[43,27],[22,-30]],[[54863,43599],[-58,-18],[-13,16],[63,30],[8,-28]],[[56407,42092],[-8,-47],[-37,6],[9,31],[36,10]],[[55334,41733],[-19,-34],[-38,27],[34,23],[23,-16]],[[41957,35593],[-31,-19],[-32,31],[46,18],[17,-30]],[[55988,45310],[-1,-52],[-36,20],[9,30],[28,2]],[[56632,42800],[-27,-15],[-28,17],[56,33],[-1,-35]],[[51471,39010],[-18,0],[-13,21],[18,26],[13,-47]],[[49699,39928],[-10,-12],[-23,46],[17,-3],[13,-17],[3,-14]],[[70676,47043],[169,56],[115,37],[151,-31],[67,24],[278,-48],[145,26],[110,81],[111,-13],[61,-18],[171,64],[218,-21],[71,-17],[100,41],[79,60],[65,35],[180,293],[153,101],[15,5],[250,98],[94,76],[237,45],[26,-39],[85,-41],[131,28],[29,31],[43,-41],[47,-14],[103,62],[88,-132],[164,-38],[246,38]],[[74478,47791],[50,-160],[12,-37],[-54,-155],[-114,5],[-108,-41],[-44,-94],[-15,-78],[-43,-63],[4,-35],[35,-300],[7,-109],[-96,-92],[-91,-136],[-15,-72],[18,-20],[86,18],[55,-21],[33,-52],[43,-15],[-4,-43],[31,-47],[148,-100],[71,-83]],[[73370,45535],[-136,1],[-32,-25],[-26,-21],[10,-57],[34,-13],[46,-59],[30,-107],[-26,-85],[-114,-63],[-28,-18],[-66,17],[-77,-55],[-98,-8],[-167,-107],[-67,11],[-41,36],[-203,48],[-58,-16],[-28,-41],[-51,39],[-79,5],[-86,109],[-141,-68],[-49,36],[-52,-50],[-26,7],[-57,-25],[6,-60],[-102,-12],[-156,-102],[-34,-21],[-95,10],[-102,-48],[-42,16],[-63,-83],[-188,-19]],[[71006,44707],[18,30],[-17,146],[-26,103],[36,96],[-139,184],[-18,78],[-69,11],[-53,8],[-24,4],[-126,60],[-129,129]],[[70459,45556],[61,45],[45,126],[-18,41],[-58,47],[-8,71],[8,90],[-47,75],[44,49],[159,48],[10,51],[8,39],[106,149],[4,36],[5,41],[-80,20],[-60,61],[-69,71],[-58,6],[-107,62],[-29,71],[-29,72],[-56,47],[-46,94],[6,188],[74,57],[48,29],[-4,99],[25,49]],[[70393,47390],[216,-77],[43,-9],[12,-33],[-87,-75],[-15,-105],[34,-36],[80,-12]],[[61371,49570],[-26,-82],[12,-76],[-24,-50],[86,8]],[[61987,49173],[-52,-169],[59,-63],[-16,-78],[-98,20],[-49,73],[-83,-26],[-34,-69],[-6,-66],[73,-49],[-28,-60],[35,-75],[-16,-31],[-58,1],[-67,136],[-225,-82],[-52,22],[-47,63],[-7,110],[-29,-18],[-73,20],[-28,-48],[20,-111],[-30,-92],[-60,-61],[-97,-125],[-6,-81],[44,-54],[-24,-53],[-86,-8],[15,39],[-30,79],[-61,43],[30,70],[-62,39],[-21,-13],[-64,26],[-100,116],[-18,51],[20,133],[-51,17],[-53,-33],[-22,-57],[-120,-80],[37,-72],[-7,-45],[-74,-50],[-30,-83],[-62,-18],[-20,-55],[-9,-10],[-200,65],[-113,-67],[-68,13],[-74,-43],[-51,4],[-42,52]],[[59697,48320],[-59,121],[-44,10],[6,61],[-58,38],[40,112],[-45,73],[29,73],[-197,35],[-138,-51],[-69,-75],[45,-61],[-8,-25],[-95,-68],[-126,-8],[21,70],[88,40],[13,60],[23,51],[-59,46],[56,132],[2,35],[204,155],[20,80],[3,91],[120,52],[151,145],[110,157],[-65,35],[18,63],[58,65],[69,-4],[37,-59],[89,-6],[7,0],[10,-6],[18,-3],[27,13],[16,14],[44,37],[30,59],[23,23]],[[79130,40495],[7,30],[69,-25],[47,17],[60,131],[92,53],[124,-1],[36,38],[12,92],[-21,115],[307,47],[241,102],[211,151],[154,166],[117,74],[9,-13],[-264,-400],[20,-94],[124,-103],[16,-41],[-138,-71],[-123,-31],[-49,-158],[-165,-142],[-191,-108],[-26,-41],[-8,-77],[-38,-3],[-75,53],[-120,-49],[-91,6],[-161,38],[-93,94],[-83,150]],[[72858,51194],[44,-42],[32,-37],[52,-12],[53,-95],[36,-38],[67,-11],[78,-115],[57,-43],[152,-68],[51,-128],[121,-145],[17,-126],[41,-75],[-12,-140],[-32,-68],[31,-75],[0,-53],[5,-91],[59,-182],[62,-104],[0,-59],[-24,-36],[103,-110],[44,-14],[86,-100],[250,-26],[39,24],[-16,38],[26,48],[83,-14],[163,179],[125,43],[150,-41],[67,-125],[-23,-18],[37,-41],[25,-266],[-10,-52],[-228,-94],[-74,-56],[-52,-88],[-154,-414],[89,-287],[0,-246]],[[70393,47390],[-11,56],[-98,34],[-69,121],[45,25],[32,67],[98,7],[2,25],[-39,33],[-198,67],[-75,-60],[-59,-165],[-28,-23],[-71,42],[-33,59],[-3,2],[-37,27],[-192,-3],[-31,-9],[-13,5],[-41,80],[-121,4],[-38,34],[19,44],[93,53],[-112,87],[55,121],[-26,59],[-164,22],[-57,62],[-107,-7],[-129,118],[-27,7],[-26,8],[19,43],[-3,19],[-35,48],[4,162],[-58,-27],[-43,32],[-77,90],[-145,68],[-85,120]],[[68509,48947],[51,45],[73,-4],[32,37],[82,-36],[49,32],[31,116],[25,1],[182,10],[49,63],[15,88],[55,33],[-35,74],[19,106],[74,46],[-2,37],[43,32],[-23,54],[14,60],[41,45],[28,105],[-13,40],[15,33],[59,75],[51,237],[53,43],[-16,111],[55,95],[33,8],[15,78],[50,84],[65,2],[24,61],[64,-20],[61,23],[121,184]],[[69949,50945],[22,19],[-5,40],[86,15],[20,78],[27,26],[51,-2],[81,-66],[94,-28],[18,46],[151,9],[63,-34],[93,37],[154,-32],[113,84],[101,16],[86,-90],[80,-13],[65,-74],[38,5],[95,42],[61,145],[45,36],[476,167],[51,36],[62,194],[120,56],[42,52],[109,15],[161,-87],[112,-106],[22,-60],[110,-136],[10,-60],[95,-81]],[[68127,48955],[72,-41],[43,20],[77,35],[190,-22]],[[70459,45556],[-68,39],[-139,-83],[-84,19],[-26,-30],[-45,1],[-100,-90],[-75,11]],[[69922,45423],[-28,73],[44,130],[22,34],[10,37],[33,114],[-25,44],[-63,-27],[-68,34],[-116,1],[1,120],[-121,16],[-41,88],[-42,4],[-50,92],[-139,5],[-38,22],[-50,87],[-130,-95],[29,-36],[25,-30],[-5,-86],[-98,-83],[13,-65],[-26,-36],[-79,-30]],[[68980,45836],[-25,71],[-198,65],[-84,75],[-83,4],[-73,29],[-64,25],[-109,97],[-67,73],[-146,65],[-18,50]],[[68113,46390],[13,37],[24,29],[115,10],[29,48],[-16,83],[-171,205],[150,29],[53,53],[-9,43],[-64,29],[-99,72],[-42,72],[-101,7],[-45,48],[7,87],[-17,71],[82,163],[25,217],[-126,8],[-93,-68]],[[67828,47633],[-18,50],[44,7],[46,50],[-39,23],[-18,142],[40,9],[26,52],[45,-9],[23,29],[88,-23],[-12,56],[-179,25],[-123,72],[2,66],[-7,38],[20,14],[6,36],[-95,41],[10,86],[-26,42],[31,27],[-42,22],[-34,57],[6,89]],[[67622,48634],[112,58],[22,68],[41,-31],[91,6],[-5,28],[79,41],[68,117],[97,34]],[[67196,52050],[-59,-30],[-116,-5],[-56,-100],[-34,-12],[-2,-50],[-40,-34],[-92,-58],[-38,-221],[-83,-34],[-25,-82],[-56,-16],[-82,-73],[-59,-41],[-61,14],[-33,-29],[-139,37],[-81,-113],[-51,-139]],[[68176,71280],[-121,-170],[19,-22],[109,6],[8,-128],[-33,-201],[157,-278],[277,-62],[196,-208],[165,-92],[13,-143],[-75,-234],[-75,-365],[43,-106],[172,-173],[131,-150],[97,-131],[133,-128],[113,-180],[75,-153],[5,-36],[-49,-6],[-69,-69],[51,-68],[-15,-64],[34,-137],[-8,-98],[109,-37],[7,-65],[2,-17],[-61,-78],[9,-50],[35,-81],[77,-81],[128,16],[16,-49],[42,-62],[-20,-95],[66,-126],[108,-46],[58,-25],[42,-18],[68,-114],[4,-32],[6,-51],[3,-23],[-40,-198],[-91,-101],[297,-202],[139,-21],[236,-109],[59,-97],[131,-80],[54,-63],[-34,-474],[-50,-151],[-89,-144],[-12,-81],[-106,-304],[-106,-322],[-69,-95],[-60,-234],[-138,-180],[-31,-86],[-6,-95],[-63,-26],[-163,-320],[-55,-134],[-33,8],[12,-68],[-49,-30],[-57,11],[-26,-37],[-30,25],[-99,11],[-59,-28],[-36,-48],[-2,-60],[-39,30],[-39,-9],[-55,-64],[-93,49],[-1,-61],[-21,-29],[-52,9],[-32,-39],[-58,0],[31,-85],[-31,-30],[-17,-3],[-33,48],[-5,-68],[-38,-28],[-83,39],[12,-63],[-50,46],[-33,-70],[-89,-20],[-75,-103],[-116,-7],[-61,-72],[-62,-129],[-89,56],[-126,-85],[-36,-69],[-174,-50],[-47,-40],[-10,-40],[-35,46],[-69,-86],[-53,-11],[-7,18],[37,64],[-39,56],[-22,-53],[-63,-4],[-3,34],[35,42],[-1,87],[-49,-62],[-39,82],[-34,-115],[-46,-54],[-41,30],[-57,-6],[-25,36],[4,111],[31,71],[-28,95],[-21,-24],[-26,-131],[-38,-51],[-86,106],[-20,143],[-65,-17],[17,-86],[-11,-27],[-45,10],[-87,164],[-4,88],[-88,-105],[-123,-7],[-3,27],[47,73],[-55,101],[-12,70],[-56,30],[-19,38],[18,97],[28,15],[-10,55],[27,4],[13,48],[-35,120],[28,109],[-35,78],[25,26],[-20,46],[22,31],[-28,47],[35,21],[-86,165],[-23,19],[-1,38],[-35,73],[-46,30],[-32,106],[8,137],[-43,126],[-56,11],[-52,121],[-41,39],[42,46],[-49,63],[13,154],[-11,41],[84,47],[-18,47],[36,11],[6,96],[48,23],[-52,98],[3,76],[51,-17],[97,50],[25,112],[116,-55],[30,14],[-5,49],[-65,86],[3,37],[26,93],[21,-60],[25,-2],[16,142],[47,70],[-12,67],[-27,-31],[-12,41],[49,43],[4,44],[55,-38],[-18,40],[28,11],[46,-71],[5,-18],[9,5],[2,72],[118,98],[-3,95],[-1,31],[85,-6],[-9,41],[18,118],[181,365],[55,275],[50,67],[90,53],[46,8],[77,-33],[17,19],[-6,29],[-47,61],[54,43],[-34,61],[-62,57],[-3,94],[-34,84],[-7,119],[-62,71],[-60,28],[-95,42],[-71,-19],[-40,22],[-20,-28],[-8,10],[12,35],[-21,28],[-109,30],[-38,-20],[-21,35]],[[67262,67874],[-53,105],[-83,122],[-28,69],[-78,26],[-52,86],[-7,78],[-23,63],[53,125],[-4,55],[-24,127],[25,44],[-6,33],[-226,287],[0,34],[-16,46],[47,34],[10,40],[-26,97],[-103,3],[-31,25],[25,124],[-42,79],[-30,142],[40,79],[-6,32],[-110,71],[-53,84],[-47,-13],[-26,85],[-27,35],[-17,20],[-54,35],[-243,81],[-91,-8],[-63,69],[-182,86],[-37,55],[-111,80],[-26,9],[-52,17],[-15,27],[-5,44],[-42,42],[-88,21]],[[65335,70669],[56,55],[116,-29],[2,50],[-35,91],[78,106],[115,-16],[158,-164],[156,-194],[53,-103],[48,20],[95,-28],[84,10],[73,-29],[128,86],[33,109],[38,27],[159,-72],[117,-27],[46,-10],[73,-52],[51,76],[-7,125],[16,61],[57,73],[52,18],[21,94],[-66,244],[1,129],[-20,129],[8,81],[-16,81],[87,168],[29,104],[94,40],[97,-9],[140,184],[82,36],[69,-80],[164,-117],[288,-82],[98,-150],[-6,-90],[-64,-190],[20,-90],[53,-54]],[[66371,62478],[68,-28],[46,23],[1,-41],[30,-1],[50,-68],[-2,-49],[-23,-42],[-79,24],[35,-115],[56,9],[33,75],[-5,14],[15,83],[27,14],[23,-21],[0,-36],[-34,8],[-12,-45],[3,-88],[-22,-28],[6,-58],[-36,-3],[-94,87],[-8,-23],[-90,6],[-42,72],[-71,-26],[-6,78],[22,41],[23,-17],[12,32],[29,-2],[-5,55],[8,50],[42,20]],[[66647,65227],[-59,-61],[-60,25],[-44,75],[44,114],[25,-23],[51,4],[4,-49],[26,-35],[13,-50]],[[67725,67155],[-20,-35],[-60,-3],[-28,23],[-14,12],[-14,27],[13,24],[16,28],[69,25],[51,-14],[4,-16],[-43,-10],[26,-61]],[[67286,62418],[40,10],[53,32],[38,-13],[13,25],[40,-55],[-38,-38],[-25,10],[9,-48],[-31,-2],[-3,22],[18,20],[-29,23],[-33,-45],[-23,-12],[-34,3],[-2,39],[7,29]],[[66705,62137],[5,-27],[-50,9],[-5,9],[40,77],[42,24],[6,-32],[26,-26],[-12,-25],[-52,-9]],[[66842,62406],[10,-38],[-11,-3],[-30,0],[-22,-42],[-16,14],[21,152],[17,-7],[-6,-49],[28,-19],[9,-8]],[[67254,62326],[-46,-14],[-15,23],[9,35],[17,14],[44,-3],[3,-15],[-12,-40]],[[67049,62386],[32,21],[37,-15],[21,32],[4,-44],[-36,-26],[-20,14],[-30,3],[-8,15]],[[66969,62769],[33,46],[14,-36],[-1,-42],[-39,9],[-7,23]],[[67058,62530],[3,74],[16,-19],[18,25],[8,-52],[-45,-28]],[[66945,63722],[-33,-18],[-17,23],[15,15],[-6,25],[33,-5],[8,-40]],[[66762,65345],[8,-18],[-3,-16],[-30,12],[-6,-32],[-13,7],[-2,36],[15,17],[31,-6]],[[66589,64964],[-25,-6],[-13,40],[17,36],[14,-18],[7,-52]],[[66953,62528],[-2,-32],[-20,-4],[2,28],[-11,-3],[-17,20],[12,33],[17,-12],[19,-30]],[[66672,65042],[-17,-24],[-20,36],[20,10],[0,40],[19,-10],[-2,-52]],[[66969,62104],[-2,-22],[-17,0],[-22,-11],[-17,14],[33,36],[25,-17]],[[66937,62641],[-3,-55],[-22,49],[-2,40],[19,-6],[8,-28]],[[69729,63096],[-6,-18],[-36,56],[12,32],[14,-52],[16,-18]],[[69492,63064],[4,-40],[-30,19],[-2,26],[28,-5]],[[69464,63026],[3,-22],[-29,-5],[-8,10],[7,24],[27,-7]],[[66259,62414],[-9,-52],[-15,17],[-5,31],[29,4]],[[67158,61997],[7,14],[32,-10],[0,-24],[-18,-2],[-21,22]],[[66578,64741],[-6,-24],[-17,10],[-6,29],[17,8],[12,-23]],[[67601,62218],[1,21],[25,3],[5,-18],[-19,-28],[-12,22]],[[66775,65469],[-9,-29],[-17,16],[-4,22],[15,9],[15,-18]],[[66452,65423],[9,-43],[-27,11],[-1,30],[19,2]],[[66613,62453],[5,-28],[-35,9],[-3,14],[18,14],[15,-9]],[[66642,62109],[-1,-43],[-24,8],[9,45],[16,-10]],[[67040,62485],[7,27],[14,-19],[3,-41],[-13,0],[-11,33]],[[66487,62089],[-2,-30],[-25,-1],[-7,12],[4,18],[30,1]],[[67212,62617],[11,29],[20,-27],[-12,-30],[-19,28]],[[67678,62252],[-2,20],[30,0],[-3,-47],[-25,27]],[[66803,62258],[-11,-22],[-28,36],[13,18],[26,-32]],[[67179,62620],[17,47],[16,-15],[-12,-38],[-21,6]],[[67192,62420],[4,51],[19,-21],[4,-30],[-27,0]],[[69361,62957],[2,-27],[-20,2],[-15,25],[13,15],[20,-15]],[[67210,62542],[-2,33],[27,-2],[4,-33],[-29,2]],[[67016,65647],[-11,-31],[-21,38],[16,15],[16,-22]],[[67656,62207],[-8,-17],[-16,35],[13,31],[8,-7],[3,-42]],[[66171,62303],[-9,-54],[-21,38],[21,25],[9,-9]],[[67682,62155],[-1,23],[21,5],[9,-21],[-16,-29],[-13,22]],[[66867,62623],[8,-55],[-24,19],[-2,40],[18,-4]],[[69225,62798],[-22,-18],[-14,2],[4,32],[23,4],[9,-20]],[[66960,63312],[-12,-18],[-14,11],[7,37],[20,-4],[-1,-26]],[[66920,62444],[-13,-13],[-15,43],[23,14],[5,-44]],[[66224,62300],[-1,-26],[-21,2],[-4,15],[4,35],[22,-26]],[[66309,62455],[2,-32],[-24,-3],[-1,34],[11,13],[12,-12]],[[67849,62293],[-11,-17],[-21,57],[12,11],[20,-51]],[[66736,65487],[6,-47],[-27,22],[4,28],[17,-3]],[[66438,64954],[-8,-18],[-26,37],[7,24],[27,-43]],[[69500,63021],[-5,-34],[-20,19],[1,17],[24,-2]],[[67117,62457],[-1,2],[9,11],[10,-24],[-9,-6],[-9,17]],[[67117,62457],[-7,-14],[-8,10],[0,10],[8,6],[7,-12]],[[69346,62193],[14,50],[37,-17],[35,44],[245,-43],[63,38],[61,-29],[107,-34],[5,1],[195,56],[224,7],[52,30],[31,65],[85,-47],[16,-38],[-20,-69],[-81,-64],[-29,-288],[-120,-199],[-8,-13],[22,-41],[168,-313],[6,-133],[102,-122],[18,-73],[23,-2],[21,-11],[0,-54],[76,-29],[8,-34],[-114,-58],[-6,-51],[17,-50],[-56,-58],[14,-59],[-19,-45],[24,-49]],[[70562,60461],[-54,18],[-83,-3],[-108,33],[-170,-145],[-44,39],[-99,7],[-69,97],[-89,35],[-7,56],[-15,13],[-63,-13],[-87,46],[-34,-12],[-225,108],[-10,-12],[20,-39],[-4,-22],[-59,63],[-41,-7],[-26,-40],[-92,-86],[-30,7],[-34,-41],[-84,-24],[-32,-77],[-41,-5]],[[68982,60457],[15,171],[-19,157],[16,83],[-15,40],[-84,16],[-55,-98],[-63,-38],[-189,78],[-150,199],[-11,72],[30,70],[-84,59],[-28,63],[-29,138],[10,155],[82,52],[69,68],[12,61],[13,-5],[8,-46],[49,9],[-6,66],[66,8],[58,114],[192,35],[4,86],[91,-31],[60,9],[36,35],[103,6],[40,47],[-8,67],[68,-8],[5,62],[78,-64]],[[68455,60283],[2,-24],[-10,0],[-20,1],[-6,17],[2,20],[18,-8],[14,-6]],[[68764,60647],[-19,-21],[-11,17],[0,33],[28,7],[2,-36]],[[68025,60538],[-14,-26],[-18,14],[6,42],[26,-30]],[[67676,60689],[-47,-10],[-9,23],[46,28],[10,-41]],[[67944,60994],[70,-32],[65,47],[59,6],[178,-89],[15,-6],[9,-15],[-17,-15],[-53,-3],[-31,-85],[-42,-19],[-23,-69],[-75,-43],[2,-42],[-109,-4],[-100,-70],[-18,-199],[-57,-73],[-25,15],[-7,38],[23,85],[39,28],[5,56],[-183,101],[39,85],[-52,99],[2,39],[44,-7],[20,-21],[35,-40],[3,46],[29,59],[45,-11],[6,59],[63,27],[41,53]],[[68199,61032],[-21,-8],[-17,8],[3,26],[18,5],[17,-31]],[[68307,60969],[-9,-2],[-47,32],[-31,4],[-13,19],[26,26],[1,46],[50,-6],[41,-5],[49,-84],[-67,-30]],[[68281,61414],[-42,-37],[-64,10],[-24,29],[14,22],[89,2],[27,-26]],[[68129,61305],[25,-69],[-50,-7],[-54,-80],[-43,15],[-19,-88],[-42,-23],[-41,9],[-51,128],[-28,29],[-107,-16],[-45,31],[2,11],[146,41],[72,147],[35,-6],[33,-57],[102,-14],[13,-24],[52,-27]],[[68739,62055],[2,-18],[-25,3],[-17,19],[9,38],[31,-42]],[[68958,62174],[-7,-36],[-23,20],[-2,30],[32,-14]],[[69392,51263],[18,27]],[[69410,51290],[57,18],[97,-136],[89,0],[89,-114],[134,26],[42,-58],[-5,-51],[36,-30]],[[67622,48634],[-45,-11],[-22,-30],[-79,15],[-55,-111],[-87,-70],[-350,10],[-28,-17],[-152,53],[-55,71],[-136,-4],[-60,43],[-103,157],[-142,57],[-62,75],[-16,28],[-181,104]],[[66049,49004],[-141,139],[7,49],[-35,33],[-37,40],[9,58],[-18,28],[-134,0]],[[66284,50496],[55,11],[67,-22],[81,-82],[170,-108],[123,-5],[477,73],[72,60],[56,11],[-58,53],[-11,88],[37,75],[57,17],[52,27],[142,-1],[147,60],[23,94],[64,55],[196,-78],[78,41],[53,83],[103,44],[67,191],[27,69],[130,58],[48,12],[207,-37],[192,93],[105,-50],[76,-99],[67,-33],[129,61],[76,6]],[[65082,38841],[9,36],[-10,49],[26,3],[31,-35],[15,10],[53,-24],[69,-55],[-8,-43],[-34,-17],[-79,16],[-64,43],[-8,17]],[[65080,38970],[-56,-22],[-60,19],[-3,28],[38,17],[60,-18],[21,-24]],[[73325,44566],[-17,49],[-60,38],[-233,-23],[-59,-12],[-171,40],[-114,-20],[-27,11],[-4,28],[-58,-7],[-152,-164],[-131,-18],[-71,64],[-45,-2],[-62,-35],[-55,-121],[-96,-92],[-69,-31],[-135,30],[-71,-33],[-35,-75],[49,-42],[102,-71],[-22,-51],[29,-60],[49,-24],[64,10],[8,-71],[-48,22],[-23,-35],[-45,40],[-88,-35],[-14,-39],[78,-95],[156,-52],[38,-90],[-36,-70],[-115,59],[-51,86],[-73,58],[-15,12],[-183,23],[-62,-65],[-249,84],[-80,16],[-71,89],[92,60],[-19,79],[-15,11],[-29,4],[-29,-16],[-8,-13],[4,-28],[-43,-31],[-27,-45],[-34,2],[-8,-37],[-44,-37],[54,-94],[-39,-213],[39,-101],[65,-42],[36,-45],[30,-37],[33,-25],[61,-45],[78,-166],[151,-85],[215,-237],[-21,-61],[-140,-70],[-15,45],[44,-14],[37,53],[-51,90],[-135,42],[-96,-83],[16,-75],[108,-71],[50,-86],[-25,-56],[-137,-89],[-121,-8],[-24,-30],[158,-49],[200,-7],[64,-82],[71,32],[94,-22],[8,-57],[36,-35],[-18,-28],[184,18],[22,44],[-35,41],[-315,184],[-135,18],[-75,-36],[-25,22],[158,150],[121,48],[87,-50],[68,-94],[79,-45],[86,-22],[150,-39],[178,14],[99,-111],[17,-126],[79,-149],[76,-41],[158,2],[18,-117],[-17,-40],[-17,-22],[-23,14],[-27,17],[-29,-5],[-33,-25],[-13,16],[-49,63],[-63,7],[-48,115],[-31,43],[-27,-8],[-82,110],[-264,-40],[-11,-2],[-14,-20],[19,-30],[16,-4],[12,-3],[202,-18],[97,-63],[3,-46],[-39,-58],[38,-92],[1,-21],[1,-27],[76,-160],[-18,-101],[-62,-13],[-66,94],[-118,56],[-44,55],[-21,17],[-3,1],[-78,-1],[-23,-39],[-60,-49],[-25,7],[-7,25],[40,25],[-19,32],[89,35],[16,24],[-60,15],[-69,-56],[-29,-24],[-21,-7],[-125,-43],[-117,-68],[14,-42],[109,-31],[-18,-75],[35,-11],[13,-79],[32,-25],[82,-28],[21,-7],[12,13],[-15,60],[24,13],[19,-6],[14,-60],[5,-25],[77,8],[-14,-31],[28,-46],[-57,-35],[-104,-36],[-88,-90],[-54,37],[-30,86],[-108,39],[-145,12],[38,-154],[138,-196],[70,-97],[37,-74],[69,-137],[1,-159],[117,-166],[-46,-9],[-115,39],[-139,149],[-45,82],[-57,10],[-96,-62],[-40,-178],[25,-107],[-10,-46],[-90,61],[-38,178],[-109,152],[-85,42],[-16,40],[-20,44],[-55,-5],[-61,-43],[-6,-18],[-2,-86],[24,-76],[-24,-47],[-118,36],[-42,-51],[-30,171],[-16,20],[-94,122],[-3,52],[-1,19],[63,126],[-13,70],[-124,149],[-178,80],[-62,105],[-122,60],[6,60],[84,68],[54,122],[8,100],[150,-21],[37,-5],[52,49],[40,109],[62,41],[106,2],[174,-94],[134,-23],[205,-32],[194,-91],[59,30],[-49,47],[9,31],[152,32],[58,51],[-18,51],[-42,3],[-95,18],[-70,-25],[-102,30],[-20,35],[-58,27],[-37,39],[-40,-14],[-6,-60],[-21,-11],[-53,74],[-76,49],[-23,-96],[-98,-7],[-40,-28],[-88,40],[-94,-1],[-70,-36],[-34,0],[-32,-48],[-101,0],[-37,-25],[-49,-35],[-33,47],[-96,29],[-56,-86],[-50,-27],[-43,16],[-57,163],[-58,32],[-34,94],[-64,36],[-43,69],[-73,-9],[-27,45],[23,108],[118,23],[87,-41],[57,20],[15,-3],[-13,88],[-16,21],[-25,31],[-55,-43],[-92,43],[-85,-9],[-23,-51],[20,-36],[-31,-30],[-47,94],[-178,128],[-5,53],[-10,-3],[-89,1],[-37,23],[-68,103],[8,71],[-71,23],[-2,82],[-126,46]],[[69674,44029],[110,31],[53,14],[37,-11],[110,67],[115,-17],[75,63],[73,13],[78,176],[84,63],[54,-12],[58,48],[91,-34],[183,34],[44,60],[33,-12],[16,-6],[11,167],[72,31],[35,3]],[[72955,39279],[175,54],[101,66],[190,20],[56,24],[67,-61],[229,39],[102,-16],[109,63],[72,7],[23,-53],[2,-110],[56,-24],[184,140],[57,-2],[31,-1],[56,72],[48,-58],[-6,-107],[-58,-83],[-37,-4],[-140,-15],[-300,-102],[-600,-181],[-61,148],[-122,-12],[-159,52],[-71,-27],[-356,-3],[-132,-21],[-54,-9],[-56,38],[-14,75],[11,160],[71,2],[16,0],[16,135],[105,-104],[107,8],[71,67],[43,9],[28,-37],[-14,-51],[69,-16],[85,-82]],[[74056,43056],[-138,-81],[-180,8],[-43,38],[-145,29],[-85,64],[21,65],[163,75],[37,66],[44,19],[74,9],[50,-30],[-7,-60],[128,-77],[81,-125]],[[75732,40599],[-13,-44],[-40,5],[-45,-40],[-48,-126],[-43,-47],[-18,-7],[-50,40],[13,74],[-13,76],[-38,8],[-20,35],[45,44],[16,83],[35,34],[9,28],[56,43],[63,59],[40,29],[60,23],[13,32],[16,-9],[1,-38],[16,-13],[-22,-51],[-18,-109],[-2,-44],[-27,-17],[-9,-71],[23,3]],[[73737,42570],[26,-27],[23,9],[21,2],[12,-12],[4,-128],[32,-90],[-19,-31],[-10,-14],[13,-36],[-7,-21],[-43,-23],[-10,-48],[-71,28],[-17,22],[-37,15],[3,26],[27,33],[26,1],[21,52],[-11,42],[-23,10],[-11,32],[-29,22],[-48,12],[-33,43],[8,32],[107,51],[46,-2]],[[69726,41606],[-19,-26],[26,-37],[28,21],[131,-142],[-9,-45],[-69,-5],[-54,32],[-25,3],[-29,-30],[-60,20],[-24,65],[7,14],[-41,68],[-11,-14],[19,-39],[7,-59],[-34,-12],[-46,26],[12,37],[-4,33],[20,19],[5,56],[25,25],[4,-21],[38,-17],[30,33],[-1,79],[-11,42],[34,0],[18,-55],[11,-1],[22,-70]],[[69001,42922],[45,-8],[10,-15],[-14,-34],[-59,-38],[21,-53],[48,-19],[-2,-65],[29,-71],[44,-8],[29,-17],[26,24],[45,-68],[-3,-17],[-87,23],[-14,11],[-57,11],[-31,19],[-19,35],[-9,48],[-35,38],[-50,25],[-19,43],[-38,4],[1,31],[-18,1],[-19,30],[22,44],[91,8],[36,33],[27,-15]],[[74615,41902],[-142,-101],[-77,47],[-98,-36],[-22,32],[20,47],[81,58],[225,17],[32,-56],[-19,-8]],[[73020,43760],[-31,-65],[-7,-31],[25,-61],[-15,-24],[-59,39],[-2,49],[-18,15],[-27,-18],[-6,-96],[-58,30],[-41,-9],[-9,32],[5,37],[-26,40],[2,25],[57,30],[18,-10],[51,22],[29,-11],[23,-38],[48,68],[36,29],[21,-37],[-16,-16]],[[72446,44274],[-87,-60],[-32,18],[-11,17],[-50,3],[-15,39],[20,88],[51,44],[82,-26],[42,-123]],[[73082,41628],[-20,-62],[-229,167],[1,46],[12,10],[35,25],[24,-14],[21,-12],[18,-33],[84,-12],[54,-115]],[[71758,43518],[37,-55],[-32,-2],[-58,-2],[-105,28],[-35,-16],[-34,4],[4,31],[-43,58],[-28,27],[8,31],[-6,50],[17,0],[16,-30],[26,-4],[37,-29],[17,-29],[33,-27],[32,-12],[110,-22],[4,-1]],[[70047,41085],[-3,-16],[-51,0],[-24,-68],[-25,-4],[-159,147],[2,46],[38,42],[53,-57],[58,-10],[111,-80]],[[73635,40969],[-64,-51],[-37,31],[-58,99],[78,95],[23,28],[21,-19],[53,-46],[-16,-137]],[[69755,41955],[5,-24],[44,19],[13,-6],[-34,-38],[-21,3],[-28,-32],[-49,-12],[-23,20],[-10,-37],[-16,1],[-5,84],[20,98],[30,53],[29,23],[32,-40],[2,-50],[30,-52],[-19,-10]],[[75146,39833],[-8,-38],[-31,-4],[-29,14],[22,43],[-17,58],[-32,16],[-15,23],[35,53],[-6,21],[24,64],[-12,68],[36,31],[-31,30],[23,33],[13,-5],[9,-79],[-9,-37],[12,-30],[-28,-78],[-1,-42],[47,-29],[18,-24],[-1,-34],[27,-8],[-46,-46]],[[75001,41167],[-152,-132],[-58,-10],[-33,-79],[-30,11],[-8,42],[63,65],[70,81],[92,53],[53,-15],[3,-16]],[[71894,39937],[1,-15],[-34,0],[-15,-36],[9,-55],[-46,0],[-37,11],[-31,35],[-11,28],[15,18],[-7,38],[-27,26],[16,54],[20,10],[49,-60],[38,-15],[60,-39]],[[74113,41741],[-27,-50],[-51,-52],[-78,-32],[-29,-39],[-59,-11],[8,55],[33,58],[62,24],[41,-1],[64,65],[34,10],[2,-27]],[[72686,42550],[0,-19],[-54,-13],[-19,15],[-18,-19],[-17,16],[17,18],[-4,24],[-66,8],[-33,25],[10,30],[-17,28],[25,33],[73,-35],[6,-53],[69,-26],[28,-32]],[[73414,41095],[-17,-62],[17,-13],[-18,-66],[-39,-30],[-50,8],[-23,38],[17,57],[21,34],[37,22],[30,-5],[3,29],[22,-12]],[[73304,41456],[-32,-19],[-108,46],[-72,49],[14,21],[36,7],[28,-27],[97,10],[40,-15],[-3,-72]],[[72912,40643],[-11,-36],[18,-33],[-6,-25],[-43,-25],[-98,-25],[-17,5],[5,77],[41,1],[0,-21],[46,-13],[13,18],[-32,11],[-21,21],[10,12],[43,-9],[36,39],[-14,39],[24,26],[34,-10],[-4,-34],[-24,-18]],[[73140,44227],[-63,-41],[-31,-5],[-83,50],[19,34],[48,25],[69,-3],[36,-21],[5,-39]],[[72598,41305],[-13,-4],[-3,29],[-3,23],[-13,4],[11,75],[36,35],[52,-21],[-9,-49],[-38,-60],[-20,-32]],[[73913,40857],[-49,-32],[-43,5],[11,26],[44,11],[23,26],[-13,16],[78,60],[3,35],[34,14],[26,-30],[-50,-30],[-26,-31],[-38,-70]],[[73568,40655],[-22,-13],[-91,64],[4,55],[25,10],[24,-30],[62,-28],[-11,-21],[9,-37]],[[74753,41193],[-44,-28],[-34,28],[-10,88],[90,-27],[10,-11],[-12,-50]],[[71917,42748],[11,-23],[36,16],[-4,-37],[-24,-22],[-44,1],[-17,9],[-58,84],[15,4],[48,-24],[37,-8]],[[72730,41149],[-21,-30],[-23,10],[8,34],[-3,53],[-22,4],[20,43],[22,10],[1,-24],[33,-11],[16,-20],[-31,-69]],[[73129,41290],[-15,-20],[-49,-28],[-5,30],[-17,-4],[2,32],[21,23],[-10,48],[38,-5],[4,-52],[28,3],[3,-27]],[[71989,41365],[-28,-33],[-20,38],[-24,9],[-17,29],[50,22],[63,3],[-24,-68]],[[73450,41368],[-50,-14],[-14,47],[-16,16],[32,20],[83,-5],[2,-27],[-24,-9],[-13,-28]],[[73025,40794],[-20,-12],[-31,55],[-24,42],[5,21],[28,-1],[51,-50],[13,-13],[-22,-42]],[[72842,40969],[-18,-20],[-67,18],[3,19],[5,31],[48,23],[19,-9],[5,-30],[5,-32]],[[72074,42900],[43,-105],[-36,-6],[-21,20],[-32,-3],[26,90],[20,4]],[[74624,41315],[-25,-11],[-32,14],[-1,27],[-30,9],[-19,24],[40,18],[24,-8],[7,-23],[36,-50]],[[73693,40396],[-30,-34],[-27,17],[11,39],[-20,32],[13,25],[47,-38],[6,-41]],[[75098,40817],[68,-73],[-22,-17],[-37,40],[-26,-19],[-24,14],[0,26],[41,29]],[[75004,39739],[-61,-63],[-29,9],[30,64],[57,23],[3,-33]],[[74329,40730],[0,-49],[-48,-6],[-29,54],[14,17],[63,-16]],[[69759,41661],[-12,-2],[-27,53],[-24,27],[37,23],[7,-23],[36,-20],[-17,-58]],[[71751,42764],[21,-42],[-38,7],[-13,-25],[-30,-5],[-20,17],[35,29],[8,29],[37,-10]],[[75461,41020],[5,-52],[-27,13],[-27,-7],[-15,46],[21,32],[43,-32]],[[72834,43297],[-40,-75],[-19,36],[0,31],[16,29],[43,-21]],[[71990,40993],[-35,-27],[-17,11],[61,55],[40,23],[16,-15],[-24,-13],[-1,-24],[-40,-10]],[[69822,41614],[-23,-22],[-21,11],[-20,39],[29,13],[3,21],[23,-16],[9,-46]],[[73374,40618],[-50,-17],[12,45],[35,32],[28,-11],[-25,-49]],[[73411,42499],[2,-52],[-34,2],[-26,36],[32,29],[26,-15]],[[73631,40497],[-14,-33],[-25,4],[-13,-42],[-22,0],[5,44],[20,25],[49,2]],[[73954,40444],[-33,-19],[-45,13],[23,43],[52,-21],[3,-16]],[[74358,41428],[-22,-5],[-16,12],[-3,54],[21,26],[17,-10],[-10,-37],[13,-40]],[[74963,40890],[-7,-29],[-46,-3],[-9,38],[32,20],[30,-26]],[[73275,40915],[-9,-21],[-32,2],[-4,33],[22,34],[19,3],[4,-51]],[[72876,38780],[-2,-33],[-30,2],[-28,23],[21,21],[39,-13]],[[72166,42955],[-18,-21],[-25,24],[4,29],[35,2],[4,-34]],[[74514,41485],[7,-23],[-61,6],[-10,20],[8,11],[56,-14]],[[74357,40735],[-11,-2],[-11,65],[49,-24],[-27,-39]],[[73193,40573],[-19,-32],[-38,37],[23,20],[34,-25]],[[69921,41910],[-47,-14],[11,38],[34,16],[2,-40]],[[74250,41704],[-6,-32],[-48,-1],[-10,22],[64,11]],[[72504,41778],[11,-49],[-40,-1],[11,51],[18,-1]],[[76869,40922],[-12,-33],[-27,12],[-1,36],[17,7],[23,-22]],[[70801,40248],[0,-33],[-19,-3],[-27,48],[25,5],[21,-17]],[[72693,40621],[-11,-44],[-37,37],[19,22],[29,-15]],[[72464,41495],[-12,-61],[-21,5],[17,78],[16,-22]],[[73835,41171],[-1,-50],[-44,16],[16,29],[29,5]],[[75332,40656],[23,-40],[-52,-9],[-9,8],[38,41]],[[68655,42909],[-25,-7],[-18,20],[6,26],[39,-12],[-2,-27]],[[69784,41848],[-21,-47],[-23,21],[1,33],[43,-7]],[[70022,41776],[-27,-13],[-13,19],[8,28],[22,12],[10,-46]],[[71912,40980],[-43,-12],[-10,17],[37,36],[16,-41]],[[74626,40570],[-22,-26],[-30,36],[35,20],[17,-30]],[[73612,40832],[-37,-17],[-9,25],[32,36],[14,-44]],[[72119,39605],[-16,-23],[-36,39],[32,21],[20,-37]],[[74414,39574],[5,-50],[-43,16],[13,37],[25,-3]],[[72234,42739],[-28,-44],[-21,28],[22,32],[27,-16]],[[74492,41548],[-15,-23],[-40,14],[7,34],[48,-25]],[[74862,41191],[-19,-6],[-21,25],[10,17],[41,0],[-11,-36]],[[72977,40673],[21,-40],[-38,-7],[-17,30],[34,17]],[[73335,41352],[-3,-33],[-29,2],[-4,19],[9,38],[27,-26]],[[73893,42532],[-21,-23],[-31,26],[11,17],[33,2],[8,-22]],[[74642,41687],[-12,-36],[-27,1],[-19,17],[36,22],[22,-4]],[[72228,43053],[-6,-40],[-37,19],[1,31],[42,-10]],[[74286,41727],[-28,-15],[-26,32],[9,28],[45,-45]],[[69305,42383],[-25,-21],[-38,48],[10,10],[53,-37]],[[73665,39513],[2,-34],[-51,18],[13,31],[36,-15]],[[71884,41339],[-29,-31],[-20,12],[14,35],[24,4],[11,-20]],[[72922,41477],[7,-44],[-50,7],[11,28],[32,9]],[[73749,40934],[-3,-34],[-30,-6],[-12,20],[16,26],[29,-6]],[[71783,40909],[3,-28],[-32,-4],[-16,21],[1,21],[44,-10]],[[73247,40561],[3,-37],[-34,0],[-21,30],[52,7]],[[73652,40879],[-3,-20],[-27,2],[-9,20],[-1,20],[18,13],[22,-35]],[[65335,70669],[-115,-52],[49,-98],[24,-105],[-19,-128],[-43,-105],[52,-95],[-53,-90],[-174,40],[-167,38],[-142,-13],[-85,46],[-96,-45],[9,-126],[39,-194],[-58,-214],[-132,58],[-98,43],[-15,-2],[-30,-65],[-131,-130],[-54,-247],[-19,-87],[-25,-48],[-84,-26],[-17,-69],[130,-212],[12,-153],[-113,-137],[-56,-136],[-77,-177],[-27,-35],[-10,-14],[-46,-73],[37,-126],[8,-65],[-152,-125],[-10,-2],[-190,-39],[38,-222],[18,-76],[-22,-114],[-5,-132],[14,-225],[-12,-27],[-36,-78],[-10,-92],[-240,-520],[193,-118],[15,-115],[6,-40],[4,-29],[7,-59],[-37,-102],[-18,-52],[-7,-18],[-86,13],[-237,39],[-4,0],[-2,-1],[-121,-55],[-38,-17],[-60,-54],[-59,-110],[-31,-52],[-119,-204],[21,-119],[-57,-126],[-30,-66],[32,-82],[68,-167],[-42,-103],[19,-144],[-19,-141],[90,-256],[22,-60],[-52,-515],[129,-150],[76,-6],[135,-182],[-9,-111],[-47,-101],[-8,-49],[-10,-37],[-202,-51],[46,-108],[38,-147],[107,-216],[2,-100],[-42,-91],[20,-117],[-17,-93],[-68,-119],[-79,-75],[-56,-1],[-43,-2],[-25,-21],[-37,-33],[44,-47],[4,-84],[-61,-57],[-39,-23],[-10,-38],[62,-232],[9,-95],[-18,-34],[-5,-104],[-41,-138],[-22,-46],[-64,-21],[-22,12],[-3,53],[0,35]],[[62404,60793],[-19,49],[0,21],[-28,44],[-21,7],[-51,-19],[-30,47],[-24,-34],[-74,55],[5,-74],[38,-7],[13,-60],[-17,-23],[-94,75],[-7,27],[26,20],[0,31],[-10,14],[-31,-10],[-32,49],[-4,14],[3,59],[-5,39],[-29,-13],[-17,88],[-22,20],[18,46],[22,8],[-27,149],[-31,89],[28,94],[21,15],[22,-72],[22,51],[-3,42],[-8,9],[-50,27],[-20,-37],[-43,-28],[-6,-53],[49,-142],[-10,-78],[-60,-14],[-20,126],[-37,35],[-8,-21],[30,-32],[7,-76],[-12,-40],[-33,-18],[37,-59],[51,-26],[15,-156],[-18,-36],[2,-52],[-22,-32],[23,-22],[-26,-50],[-51,76],[-60,-111],[-75,6],[-6,-41],[-20,-14],[-61,-7],[-16,71],[-117,-103],[-48,-84],[-73,-73],[-94,-30],[12,-54],[-154,-201],[-83,-59],[-114,-136],[-64,-24],[-70,-93],[-40,6],[-34,-34],[-46,16],[-10,-54],[-125,-3],[-115,-71],[-185,55],[-55,-23],[-69,55],[-153,33],[-8,47],[36,67],[-58,15],[-59,72],[-71,20],[-202,143],[-101,128],[-50,138],[56,269],[47,-4],[32,-53],[105,-7],[-23,119],[34,81],[-24,67],[23,41],[45,22],[-56,167],[-36,19],[-32,-118],[-72,-63],[-48,11],[-70,-73],[-20,57],[-20,9],[-63,-88],[-15,55],[14,112],[51,118],[-17,66],[135,146],[-3,-133],[-38,-68],[47,46],[13,90],[18,26],[110,-32],[47,101],[-68,27],[-3,69],[146,160],[146,301],[-53,-14],[-79,-95],[-34,-94],[-56,-80],[-86,-68],[-52,-70],[-36,-8],[-33,-70],[-54,-26],[-79,-99],[-7,189],[123,157],[107,30],[34,53],[-38,114],[-93,-57],[-91,104],[-53,-50],[-42,25],[1,108],[49,81],[-67,317],[51,26],[122,-51],[-7,33],[-45,48],[-115,45],[-25,68],[143,90],[161,-25],[216,65],[227,-63],[149,76],[56,-23],[76,-82],[23,34],[-209,163],[-42,-85],[-39,-27],[-239,57],[-238,-65],[-133,103],[-35,57],[-1,71],[-18,45],[128,135],[-20,65],[-62,68],[4,58],[32,72],[-73,7],[0,59],[78,132],[100,23],[-3,47],[-37,57],[11,43],[42,-20],[84,-141],[11,120],[61,146],[146,91],[28,-15],[7,-49],[-81,-124],[44,-67],[67,131],[82,49],[80,-37],[29,74],[77,40],[83,-26],[52,-112],[24,-13],[1,39],[-43,80],[-68,65],[-212,-27],[-38,36],[66,116],[161,39],[146,-3],[202,-61],[20,114],[-85,50],[-115,12],[-22,117],[87,90],[166,94],[106,15],[4,-26],[-24,-57],[1,-29],[106,-41],[81,-116],[7,18],[-92,160],[-3,40],[49,19],[107,-153],[38,-23],[-4,65],[-67,82],[-39,88],[-71,50],[173,90],[57,71],[101,63],[57,-6],[72,32],[45,-65],[-24,-65],[6,-16],[59,53],[-21,46],[5,38],[-16,35],[10,21],[73,28],[149,87],[100,-182],[-17,-101],[104,5],[-15,60],[47,46],[275,-4],[-37,162],[67,68],[110,50],[67,65],[-12,82],[-57,11],[26,97],[-28,5],[-55,-52],[-26,-117],[-48,-91],[-303,-199],[-88,-5],[-50,96],[11,90],[-111,-14],[4,72],[144,147],[12,104],[-1,21],[46,29],[13,8],[41,97],[73,84],[34,40],[14,37],[-9,36],[7,20],[53,33],[34,65],[74,0],[31,51],[47,-17],[10,57],[52,46],[29,-11],[-6,-67],[16,-18],[110,210],[-17,16],[-74,-35],[-63,65],[-153,12],[-34,30],[-9,44],[49,40],[76,-1],[85,-44],[87,29],[102,70],[78,121],[27,1],[1,-29],[5,-34],[-16,-10],[29,-9],[51,111],[70,-61],[35,15],[-35,158],[-63,-26],[-26,17],[19,146],[33,77],[71,-52],[39,14],[-8,39],[-50,48],[-16,45],[76,232],[-44,70],[40,64],[70,51],[65,200],[19,2],[-9,-40],[9,-16],[66,72],[-2,31],[-50,76],[10,86],[43,29],[56,37],[-51,71],[26,120],[74,13],[32,69],[-14,78],[4,31],[127,85],[49,107],[67,26],[67,62],[207,33],[153,-59],[-2,36],[-20,39],[-108,56],[-121,-47],[-139,18],[101,195],[106,83],[83,-65],[69,4],[-59,65],[-21,55],[22,72],[62,50],[3,23],[-11,22],[-42,9],[-111,-106],[-62,-12],[-11,130],[71,66],[-34,25],[1,27],[30,31],[27,-5],[20,34],[18,-26],[-11,-41],[9,-26],[212,51],[7,28],[-31,24],[-99,24],[-39,-24],[-15,43],[28,70],[41,20],[70,-20],[74,99],[31,-33],[34,-126],[40,-68],[40,145],[-7,63],[-40,77],[16,84],[90,53],[114,-27],[65,14],[65,64],[-131,41],[-129,-46],[-129,-45],[-18,17],[-16,60],[-49,-76],[-110,-88],[-115,23],[-85,-73],[-40,12],[-55,-97],[-45,51],[-43,-44],[-108,-39],[33,131],[76,69],[97,21],[110,81],[64,149],[36,183],[-2,70],[-35,23],[10,97],[103,194],[62,47],[14,-32],[-5,-58],[-67,-195],[29,-78],[21,-100],[32,-39],[22,-26],[35,99],[51,27],[73,-50],[61,-113],[162,64],[54,98],[-45,21],[-9,50],[77,36],[70,168],[101,79],[-1,152],[26,123],[53,2],[78,-117],[45,35],[-73,124],[-23,40],[-83,9],[-44,71],[35,95],[36,44],[106,18],[5,80],[19,38],[-24,105],[-31,53],[26,82],[71,-73],[58,22],[57,-34],[60,4],[37,-43],[59,16],[-22,-105],[-103,-35],[-86,-64],[-14,-48],[21,-35],[61,69],[126,26],[51,-242],[17,64],[-2,110],[10,65],[70,155],[46,16],[29,-97],[12,-185],[-11,-143],[-6,-79],[7,-25],[27,32],[21,80],[43,111],[-17,120],[0,163],[15,24],[33,-39],[8,28],[-52,122],[-93,59],[-5,56],[27,49],[55,7],[42,-59],[101,-274],[99,173],[226,-124],[-54,177],[-55,40],[-96,24],[-74,81],[63,77],[88,-36],[76,76],[55,-23],[45,-65],[46,54],[132,-19],[124,-166],[58,9],[5,22],[-29,70],[-20,127],[85,267],[-49,133],[-6,84],[31,19],[60,-30],[36,-53],[27,-79],[27,-15],[12,126],[71,52],[-19,41],[-52,29],[-21,33],[14,40],[47,12],[-3,89],[6,30],[97,0],[121,-50],[11,108],[-29,66],[-3,28],[87,95],[65,-18],[41,-59],[33,-21],[-3,-26],[-81,-40],[-39,-60],[62,-42],[14,-30],[-16,-97],[-86,-204],[24,-126],[-18,-239],[27,-54],[46,3],[53,153],[0,147],[79,212],[32,171],[86,176],[30,-1],[22,-46],[14,-82],[-6,-91],[32,-83],[28,-107],[14,-9],[93,60],[15,126],[-5,94],[40,130],[-2,22],[-18,26],[-62,28],[-9,35],[9,32],[68,21],[5,64],[21,30],[73,-19],[87,31],[128,-96],[-13,-97],[-68,-77],[23,-61],[42,-8],[22,-33],[-5,-63],[-37,-81],[5,-31],[140,51],[-14,251],[26,92],[44,40],[102,-18],[83,-102],[84,46],[68,-21],[69,29],[64,-44],[30,-70],[90,20],[165,-65],[39,-55],[2,-54],[-101,-87],[-60,-126],[-60,-62],[-367,-44],[-10,-25],[121,-61],[135,-18],[100,-76],[45,13],[66,-90],[25,12],[21,92],[84,-43],[41,32],[106,-5],[60,-97],[16,-86],[-107,-45],[-165,58],[37,-84],[1,-102],[-19,-43],[-62,-39],[-43,-83],[-77,-50],[-2,-25],[23,-76],[1,-88],[-29,-84],[-50,13]],[[64018,70008],[12,-1],[0,16],[-30,55],[-13,-10],[-4,-35],[-10,-14],[44,-11],[1,0]],[[59408,60935],[-8,-44],[-22,36],[14,26],[16,-18]],[[59502,61001],[46,-28],[23,7],[13,-43],[-44,9],[4,-33],[-16,-23],[-15,10],[-13,56],[-19,13],[21,32]],[[59674,60990],[-33,-37],[-9,21],[31,34],[11,-18]],[[59635,61000],[-39,-11],[-12,18],[21,15],[4,32],[32,-20],[-6,-34]],[[61962,60973],[-19,-27],[-15,33],[25,22],[9,-28]],[[59655,61113],[-17,-28],[-30,-5],[-17,18],[10,19],[26,-11],[12,27],[16,-20]],[[59181,61171],[-17,-15],[-13,21],[5,28],[20,-6],[5,-28]],[[59589,61565],[-13,-32],[-22,16],[8,31],[27,-15]],[[59301,61713],[-12,1],[-9,20],[16,33],[15,-40],[-10,-14]],[[59308,61881],[-1,-54],[-26,23],[17,48],[10,-17]],[[59398,61843],[-9,-14],[-17,10],[-11,-25],[-30,-8],[-8,21],[43,18],[-1,31],[11,16],[-7,37],[11,19],[31,-42],[-13,-63]],[[59343,61969],[22,-40],[-13,-28],[-15,45],[-24,-9],[-10,25],[17,13],[23,-6]],[[59286,62307],[-18,-56],[-8,11],[-31,-11],[-3,20],[35,17],[11,34],[14,-15]],[[59258,62341],[-9,-32],[-44,109],[12,57],[16,-30],[25,-104]],[[59207,62486],[-16,-10],[-14,29],[21,27],[9,-46]],[[59205,62568],[-29,-10],[2,45],[27,-15],[0,-20]],[[59230,62675],[-27,-11],[-11,24],[33,15],[5,-28]],[[59214,62818],[-22,-28],[-15,59],[20,44],[6,0],[11,-75]],[[59301,62995],[54,-34],[21,12],[6,-66],[-22,-14],[-66,-49],[-60,4],[1,42],[31,10],[0,35],[9,16],[26,44]],[[59282,63009],[-15,-38],[-22,13],[18,33],[19,-8]],[[59238,63075],[-19,1],[-2,24],[38,36],[10,-26],[-27,-35]],[[59298,63106],[-20,0],[-4,25],[28,23],[-4,-48]],[[59426,63274],[-1,-34],[-32,5],[2,22],[31,7]],[[59363,63290],[-5,-34],[-18,8],[-4,25],[12,17],[15,-16]],[[59326,63354],[-23,-27],[0,40],[20,26],[3,-39]],[[59307,63398],[-24,-6],[-7,21],[14,33],[17,-48]],[[59336,63441],[-11,-18],[-19,26],[28,30],[2,-38]],[[59620,63922],[-22,-18],[-13,36],[7,16],[28,-34]],[[59625,63998],[2,-42],[-23,5],[-9,21],[30,16]],[[59690,64046],[-19,-5],[-10,15],[14,31],[17,-25],[-2,-16]],[[59730,64107],[-10,-38],[-19,29],[13,29],[16,-20]],[[59890,64159],[-28,-9],[7,45],[19,-7],[2,-29]],[[59961,64193],[-27,-6],[10,38],[-25,23],[31,37],[11,-92]],[[59995,64304],[-5,-23],[-29,17],[-3,14],[26,6],[11,-14]],[[60490,64309],[-41,0],[-9,14],[24,16],[27,-12],[-1,-18]],[[60049,64356],[-2,-31],[-35,32],[9,15],[28,-16]],[[60187,64331],[-24,-8],[-8,12],[20,29],[11,-1],[1,-32]],[[60016,64324],[-6,-12],[-39,37],[21,24],[1,-19],[23,-30]],[[60096,64361],[-29,-1],[-6,16],[5,12],[31,-3],[-1,-24]],[[60321,64394],[-6,-26],[-113,-37],[-10,15],[18,21],[-5,30],[14,9],[15,-13],[72,16],[15,-15]],[[60124,64422],[-20,-29],[-14,20],[16,45],[18,-36]],[[60333,64483],[-32,-46],[-42,25],[13,44],[49,2],[12,-25]],[[60632,64826],[-24,-14],[-9,14],[18,28],[18,-14],[-3,-14]],[[60895,65011],[4,-45],[13,-1],[1,-28],[-17,-20],[-7,42],[-9,-1],[-5,-41],[-28,18],[-1,-23],[-43,-8],[-21,57],[-55,-22],[4,24],[-13,22],[-2,36],[74,37],[13,37],[48,-20],[44,-64]],[[61441,65268],[-10,-29],[-22,19],[19,31],[13,-21]],[[62158,65372],[-37,-39],[-12,8],[20,45],[26,0],[3,-14]],[[61116,65270],[-7,-45],[63,28],[81,-36],[20,44],[39,-5],[3,-23],[-20,-31],[23,-43],[-17,-79],[-25,32],[-270,-86],[-51,30],[1,63],[53,36],[-1,17],[-32,8],[11,26],[30,13],[-4,-48],[5,-10],[72,50],[-16,50],[-75,11],[-1,17],[53,24],[66,89],[44,0],[8,-11],[3,-87],[-56,-34]],[[62200,65391],[-10,-25],[-20,25],[20,22],[14,-6],[-4,-16]],[[61442,65387],[-22,-25],[-4,8],[1,18],[1,16],[13,12],[11,-29]],[[61637,65570],[-25,-4],[-2,40],[8,6],[12,10],[8,-10],[12,-16],[-13,-26]],[[61349,65614],[-3,-21],[-24,10],[9,45],[18,-34]],[[62045,66109],[-8,-12],[-5,18],[5,15],[8,-21]],[[62029,66114],[-14,-4],[-13,16],[8,23],[12,9],[7,-44]],[[62016,66303],[-14,-41],[-17,14],[21,42],[10,-15]],[[61912,66339],[-22,-27],[-12,26],[22,21],[12,-20]],[[62148,66547],[-16,-26],[-18,32],[8,16],[26,-22]],[[62378,66595],[-25,-22],[-7,19],[-11,-15],[-25,-8],[-14,31],[25,37],[45,13],[19,17],[4,-50],[-11,-22]],[[62509,66743],[-8,-11],[-26,10],[0,23],[17,2],[17,-24]],[[62482,66844],[-15,-13],[-8,39],[23,12],[0,-38]],[[62534,66937],[-10,-22],[-12,12],[-11,-23],[-6,28],[17,16],[9,4],[13,-15]],[[62538,67013],[1,-41],[-34,18],[4,15],[29,8]],[[62371,67073],[-11,-17],[-15,6],[2,24],[13,18],[11,-31]],[[62542,67114],[-14,-11],[0,26],[18,38],[7,-17],[-11,-36]],[[62529,67192],[-26,-39],[-1,36],[18,22],[9,-19]],[[62458,67119],[-30,-17],[-43,31],[15,55],[54,39],[31,-23],[3,-36],[-15,-30],[-15,-19]],[[62365,67239],[-27,-6],[-6,13],[37,26],[-4,-33]],[[62504,67256],[-14,-15],[-11,35],[22,17],[3,-37]],[[62667,67283],[-29,-21],[-5,14],[32,36],[2,-29]],[[62518,67299],[-15,-6],[-2,32],[3,23],[13,-9],[1,-40]],[[62650,67329],[-16,-9],[-9,17],[23,41],[2,-49]],[[62567,67337],[3,-46],[-13,12],[-4,31],[10,33],[18,18],[1,-30],[-15,-18]],[[62610,67332],[-11,-10],[-3,37],[11,26],[9,-15],[-6,-38]],[[62539,67428],[-15,-42],[-9,32],[12,33],[12,-23]],[[62602,67478],[-39,-22],[-5,10],[5,16],[33,23],[6,-27]],[[62548,67507],[-8,-47],[-18,14],[9,31],[17,2]],[[62483,67569],[1,-46],[-19,7],[-4,27],[22,12]],[[62542,67534],[-11,-1],[4,50],[14,-10],[5,-20],[-12,-19]],[[62600,67628],[-6,-16],[-24,11],[17,38],[13,-33]],[[62770,67655],[-5,-20],[-27,2],[-9,27],[7,13],[34,-22]],[[62671,67549],[-46,-32],[-23,15],[18,55],[43,50],[-9,42],[26,27],[16,1],[23,-107],[-48,-51]],[[62570,67715],[-28,-14],[2,32],[27,6],[-1,-24]],[[62790,67714],[-26,-4],[-19,42],[36,31],[0,19],[25,-46],[-16,-42]],[[62672,67791],[-6,-43],[-20,7],[15,44],[11,-8]],[[62740,67805],[-15,-17],[-10,9],[12,32],[19,2],[-6,-26]],[[62600,67855],[-10,-38],[-18,25],[1,21],[27,-8]],[[62673,67851],[-15,-48],[-6,15],[2,48],[19,-15]],[[62807,67869],[-30,-7],[4,61],[12,11],[31,-25],[-17,-40]],[[62768,68058],[8,-28],[13,0],[0,-33],[-17,-2],[-9,34],[5,29]],[[62817,68034],[-5,0],[-23,18],[21,37],[7,-55]],[[62719,68000],[-3,-13],[-31,51],[-5,18],[24,34],[9,-28],[-7,-23],[13,-39]],[[62886,68064],[-7,-14],[-13,43],[17,26],[3,-55]],[[62851,68044],[-20,-10],[-2,54],[-15,63],[50,16],[-13,-123]],[[62881,68258],[-1,-50],[-20,48],[4,18],[17,-16]],[[63031,68316],[-3,-18],[-23,0],[-43,-14],[-4,7],[5,15],[24,11],[44,-1]],[[62999,68383],[-24,-20],[-3,14],[1,22],[15,10],[11,-26]],[[63124,68524],[-19,-1],[2,24],[23,13],[-7,18],[7,22],[14,-6],[2,-29],[-22,-41]],[[63188,68638],[4,-42],[-19,0],[-2,38],[17,4]],[[63114,68638],[-2,-34],[-17,22],[-13,-20],[-9,9],[1,27],[17,15],[4,-15],[19,-4]],[[63169,68695],[-13,-6],[9,59],[15,-17],[-11,-36]],[[63139,68843],[-11,-13],[-16,15],[8,39],[19,-41]],[[63163,68866],[-13,-24],[-10,2],[0,30],[12,15],[11,-23]],[[63299,68850],[-28,-11],[-6,12],[31,43],[15,8],[13,-16],[-9,-27],[-16,-9]],[[63210,68897],[-11,-26],[-11,8],[3,38],[15,-3],[4,-17]],[[62462,68914],[-12,-15],[-10,13],[-2,43],[20,-25],[4,-16]],[[63409,69003],[-15,-22],[-10,5],[-1,18],[19,24],[7,-25]],[[62647,69055],[-17,-14],[-12,20],[6,17],[16,1],[7,-24]],[[63545,69105],[-17,-16],[-7,49],[21,-8],[3,-25]],[[62677,69075],[-20,-8],[-7,13],[25,35],[2,-40]],[[63413,69282],[-1,-38],[-20,16],[6,35],[15,-13]],[[62918,69545],[-13,-100],[-29,-25],[-24,9],[-23,-61],[-24,-8],[-4,-38],[-71,-80],[-13,7],[5,61],[6,9],[31,107],[42,80],[21,-8],[5,-39],[22,39],[37,-2],[-8,42],[7,24],[33,-17]],[[63112,69742],[20,-54],[21,64],[56,-39],[-2,-29],[-39,-28],[-35,-51],[-53,-3],[-6,-55],[-18,-24],[-20,21],[-8,-45],[-41,36],[-14,-3],[-9,-64],[-26,29],[19,63],[-8,57],[27,17],[-12,36],[14,26],[69,1],[40,52],[25,-7]],[[63892,69797],[-30,-3],[-8,9],[10,15],[22,1],[6,-22]],[[64141,70212],[-32,-19],[-19,6],[3,35],[21,9],[-1,15],[14,48],[16,26],[35,-59],[28,-17],[-3,-18],[-17,-15],[-45,-11]],[[64041,70326],[-19,-16],[-8,28],[17,18],[10,-30]],[[63887,70328],[-2,-12],[-20,6],[-4,15],[10,26],[16,-35]],[[64031,70400],[-19,-24],[-8,24],[4,14],[20,2],[3,-16]],[[63881,70423],[84,-27],[4,33],[19,-24],[8,-20],[-1,-40],[-8,-14],[-43,-2],[-73,70],[10,24]],[[63564,70255],[-11,-72],[34,-57],[-127,-145],[-29,18],[-1,-16],[16,-14],[-1,-16],[-46,-38],[-64,46],[6,31],[69,1],[-12,59],[90,78],[0,28],[-30,9],[-19,-38],[-72,-53],[-32,2],[-29,-47],[-50,-11],[-16,58],[13,79],[21,42],[25,-28],[24,42],[18,-39],[6,51],[20,11],[38,-68],[3,66],[-23,53],[0,28],[32,-5],[31,-72],[6,49],[-22,92],[29,34],[21,-14],[10,-62],[35,-10],[12,-55],[25,-17]],[[63958,70429],[-21,-8],[-13,13],[4,39],[10,13],[1,22],[13,-12],[6,-28],[0,-39]],[[64262,70466],[-13,-9],[-12,10],[0,32],[12,41],[12,11],[36,6],[5,-19],[-7,-21],[-20,-17],[-13,-34]],[[64353,71012],[53,-68],[-3,-42],[24,-13],[10,-44],[-34,-55],[20,-129],[-122,-34],[-47,19],[-97,-170],[-31,45],[-79,2],[5,38],[61,45],[-16,55],[25,45],[-46,48],[-10,70],[104,44],[-12,49],[32,41],[46,-2],[-2,53],[40,-28],[26,40],[53,-9]],[[65185,71242],[-7,-33],[-16,8],[4,34],[19,-9]],[[64555,71291],[-37,-5],[-5,8],[12,33],[23,-4],[7,-32]],[[68329,72085],[-12,-13],[-9,27],[-22,20],[1,33],[22,-15],[2,-20],[18,-32]],[[65587,71557],[1,-27],[-31,17],[1,16],[29,-6]],[[65363,71517],[-21,-23],[-6,10],[16,41],[11,-28]],[[64521,71440],[1,-28],[-20,16],[4,40],[15,-28]],[[64982,71530],[2,-21],[-26,9],[-5,11],[3,15],[26,-14]],[[65563,71631],[-4,-30],[-38,15],[-4,7],[11,28],[35,-20]],[[65341,71560],[-13,-12],[-25,41],[12,33],[10,-8],[3,-34],[13,-20]],[[65420,71625],[-20,-20],[-10,14],[7,20],[16,1],[7,-15]],[[64528,71491],[-7,-21],[-12,11],[-5,28],[18,3],[6,-21]],[[64797,71551],[-10,-16],[-15,10],[1,25],[13,2],[11,-21]],[[65437,71697],[-1,-24],[-33,23],[2,14],[32,-13]],[[66041,71820],[-17,-4],[-13,14],[1,14],[21,2],[8,-26]],[[64845,71607],[-4,-15],[-26,-3],[-39,9],[-10,15],[13,34],[29,-16],[37,-24]],[[64649,71652],[-9,-39],[-13,28],[4,26],[18,-15]],[[64718,71594],[-23,-9],[-35,36],[24,52],[-7,27],[12,9],[9,27],[22,-32],[11,-51],[-7,-19],[4,-23],[-10,-17]],[[64842,71770],[20,-40],[24,13],[16,-78],[17,39],[43,-50],[15,34],[13,-15],[-2,-30],[16,-17],[2,-16],[-34,-42],[-65,-1],[-42,94],[-56,50],[13,59],[20,0]],[[66684,72094],[-8,-24],[-18,6],[1,34],[16,17],[9,-33]],[[65044,71746],[-9,-2],[-14,38],[-11,31],[6,8],[30,-35],[8,-10],[-10,-30]],[[65534,71924],[-12,-60],[-16,9],[-14,86],[31,-7],[11,-28]],[[65836,72035],[20,-38],[31,-10],[14,-17],[22,-27],[2,-16],[-13,-5],[-54,-18],[-80,11],[-44,14],[-23,33],[35,40],[16,-10],[42,36],[23,-29],[9,36]],[[65416,71936],[-4,-35],[-14,25],[6,38],[12,-28]],[[66057,72216],[35,-58],[-75,-171],[-60,-24],[-24,50],[-42,5],[-7,1],[-21,54],[-3,28],[10,16],[21,36],[23,7],[26,40],[35,-43],[-9,56],[44,29],[-14,47],[6,6],[42,-9],[13,-70]],[[66752,72521],[-15,-25],[-12,8],[-4,15],[19,22],[12,-20]],[[67147,72723],[-1,-26],[-22,14],[6,31],[17,-19]],[[65965,72460],[-32,-106],[-30,-25],[-11,-85],[-38,-56],[-91,-18],[-38,-43],[-100,-30],[-11,23],[3,73],[-58,8],[-5,8],[4,23],[91,14],[5,49],[42,24],[35,-44],[38,-9],[7,31],[-29,69],[56,-1],[6,35],[16,-3],[-5,-52],[25,-21],[26,53],[-25,53],[-7,45],[65,-33],[21,56],[40,-38]],[[66210,72580],[-12,-27],[-8,17],[5,42],[15,-32]],[[66411,72752],[-20,-7],[-14,21],[8,26],[19,-9],[7,-31]],[[66112,72766],[7,-31],[-13,-20],[18,-58],[22,7],[22,-4],[4,-17],[-35,-21],[-8,-19],[-42,11],[-16,46],[-10,1],[-5,34],[18,13],[-8,40],[17,-11],[2,21],[13,13],[14,-5]],[[66328,72802],[-15,-45],[-33,25],[4,22],[15,5],[-5,26],[30,-18],[4,-15]],[[56088,73104],[-29,-26],[-24,-84],[-23,-9],[-94,-2],[-50,6],[-45,-8],[-30,-13],[-49,-38],[-43,-14],[-24,-14],[-14,5],[-5,37],[14,11],[15,-4],[12,16],[48,25],[28,-4],[27,10],[12,15],[37,-5],[23,6],[21,19],[6,17],[34,36],[41,25],[44,10],[16,-5],[14,12],[34,-9],[4,-15]],[[64095,75572],[-23,-26],[-67,61],[-23,40],[3,24],[71,32],[45,-35],[8,-26],[-14,-70]],[[63202,77484],[3,-27],[-18,11],[-5,22],[2,8],[18,-14]],[[65102,77748],[-12,-8],[-6,11],[-2,24],[9,66],[14,38],[34,118],[36,36],[4,-23],[-15,-22],[-12,-36],[-1,-20],[-25,-57],[-15,-73],[-8,-16],[-1,-38]],[[64351,78482],[-9,-5],[-6,16],[-1,25],[12,-10],[4,-26]],[[64905,79829],[-2,-15],[-9,6],[-2,16],[-56,30],[-6,20],[-11,12],[-17,36],[-1,15],[11,22],[24,-7],[15,-30],[16,-11],[14,-18],[27,-18],[17,0],[10,-29],[-7,-22],[-23,-7]],[[61863,79543],[15,-8],[14,5],[11,-22],[1,-15],[-17,-15],[-3,-28],[17,-13],[6,-15],[-1,-28],[15,-3],[0,-22],[11,-21],[2,-26],[30,2],[5,-33],[11,-19],[29,-37],[42,-4],[-3,-40],[19,-35],[6,-28],[24,-43],[-1,-18],[15,-38],[1,-21],[-40,21],[-7,-4],[-14,12],[-9,31],[1,30],[-32,31],[-20,51],[-21,16],[-20,21],[-14,21],[-28,-16],[-26,32],[-12,56],[0,19],[-7,4],[-4,23],[-20,41],[0,15],[-16,22],[-13,47],[-11,11],[-17,39],[-7,24],[7,29],[-1,31],[-6,20],[6,18],[11,-10],[27,-5],[22,-14],[24,-28],[1,-16],[-12,-14],[2,-19],[7,-14]],[[65163,80207],[51,4],[4,8],[20,-32],[26,-6],[43,4],[29,18],[24,19],[8,-17],[-6,-10],[-19,-7],[-22,-30],[6,-16],[-33,0],[-28,6],[-30,23],[-29,-2],[-25,-22],[1,-13],[-24,4],[-19,-16],[-28,-45],[-4,-29],[-8,15],[-34,-4],[-6,9],[-2,9],[18,19],[10,42],[33,12],[13,13],[-2,33],[33,11]],[[65440,80317],[-4,-20],[-10,-2],[-14,22],[-1,8],[23,6],[6,-14]],[[63542,80144],[0,-22],[-13,0],[-6,-19],[-11,16],[2,20],[-4,34],[21,-1],[11,-28]],[[63506,80234],[24,-23],[1,-16],[-14,14],[-16,7],[-18,-2],[-24,-15],[-11,-1],[-12,17],[2,13],[-6,33],[10,4],[45,-19],[19,-12]],[[63416,80268],[-12,-3],[-4,28],[15,-4],[1,-21]],[[61915,80561],[2,-25],[-10,1],[-6,14],[3,12],[11,-2]],[[61945,80539],[-9,-3],[-4,16],[2,12],[14,-2],[-3,-23]],[[62453,80730],[-11,-11],[-3,27],[11,8],[3,-24]],[[62788,80772],[72,-127],[31,51],[56,-9],[81,-73],[44,-70],[8,-22],[3,-38],[-14,-119],[19,-148],[27,39],[10,112],[10,36],[76,-21],[70,-137],[9,-75],[1,-67],[5,-15],[49,-64],[93,2],[37,-2],[93,-121],[8,10],[-5,57],[8,38],[74,6],[27,-47],[3,-15],[-23,-32],[2,-37],[117,-82],[93,-27],[20,-67],[-3,-77],[6,-29],[118,-38],[73,-136],[15,-125],[-32,-35],[1,-29],[90,-2],[116,44],[56,-44],[23,-101],[69,-95],[86,-64],[63,23],[50,-34],[6,-56],[26,-66],[-9,-49],[4,-55],[-52,-42],[-29,-89],[-138,-221],[-30,27],[-18,184],[-37,68],[-36,24],[-129,-122],[-176,-64],[-16,85],[34,71],[15,265],[-132,123],[-17,37],[72,114],[-3,17],[-126,-19],[-21,85],[-35,77],[-68,74],[0,35],[113,93],[-1,22],[-25,33],[-37,8],[-36,-50],[-108,-53],[-28,-107],[-121,-61],[8,-119],[32,-104],[8,-75],[-14,-63],[-63,-33],[-17,-52],[0,-77],[23,-152],[-14,-193],[-82,-47],[-32,-87],[-32,-323],[0,-118],[-8,-64],[20,-121],[-4,-68],[-70,-82],[-80,-4],[-27,35],[-36,106],[-130,60],[-32,55],[29,85],[-2,15],[-104,3],[-43,38],[-37,76],[-124,55],[-88,157],[-21,123],[13,67],[51,31],[86,-35],[98,19],[-2,19],[-45,31],[-15,35],[0,15],[160,145],[-1,16],[-61,14],[-162,-97],[-102,-4],[-48,-27],[-27,20],[-23,47],[-27,162],[53,86],[50,-23],[30,42],[128,31],[66,96],[46,20],[17,61],[39,46],[62,20],[70,-15],[45,30],[-5,27],[-68,49],[13,193],[-25,7],[-44,-118],[-60,-66],[-73,-28],[-36,31],[-19,46],[16,106],[-4,27],[-12,8],[-59,-92],[-62,-7],[-10,-102],[25,-64],[3,-34],[-61,-15],[-13,-74],[-18,-26],[-37,-10],[-38,-56],[-153,-4],[-53,120],[-73,103],[-26,78],[-61,64],[-51,95],[-14,48],[-6,77],[-45,74],[11,40],[80,-8],[0,16],[-32,83],[11,142],[-32,-12],[-45,-72],[-44,0],[-64,182],[-11,127],[-17,76],[12,68],[-4,74],[4,47],[17,-5],[36,-85],[21,-6],[4,17],[-7,59],[3,31],[41,28],[23,50],[34,-16],[49,-117],[25,-15],[10,20],[-13,71],[8,46],[72,-50],[190,95],[17,-21],[9,-52],[-28,-75],[-114,-21],[-55,-94],[1,-17],[113,10],[5,-19],[-11,-43],[2,-32],[64,-16],[36,-60],[22,-75],[12,-14],[11,62],[-31,116],[-2,76],[72,195],[43,15],[44,-44],[56,-107],[69,-220],[49,-103],[15,-106],[36,-1],[72,-139],[44,-37],[-9,62],[-110,290],[-96,419],[4,73],[38,28],[-2,70],[6,48],[43,43],[24,-14]],[[64743,81152],[-11,-10],[-8,7],[-27,8],[-15,14],[-21,40],[-21,28],[-3,10],[1,19],[10,18],[37,-9],[30,-22],[28,-12],[15,-12],[14,-28],[-1,-10],[-18,-16],[-10,-25]],[[65417,81397],[-64,-41],[-17,16],[-3,22],[129,171],[18,23],[17,-4],[11,-18],[-24,-54],[-67,-115]],[[63557,81094],[-6,-7],[-7,20],[0,19],[8,-3],[5,-29]],[[63577,81171],[-8,-11],[-6,13],[4,23],[6,-1],[4,-24]],[[63099,81075],[14,-19],[0,35],[4,0],[5,-28],[-4,-3],[1,-36],[-24,-11],[-9,-13],[-8,26],[-19,2],[-5,10],[-28,2],[0,55],[7,15],[25,15],[8,0],[13,-13],[13,-2],[7,-35]],[[63984,81360],[-6,-2],[-9,22],[-2,18],[10,-8],[7,-30]],[[63398,81171],[114,-131],[137,48],[9,-20],[16,-70],[41,-20],[64,-80],[8,72],[-28,159],[-31,97],[18,28],[28,-15],[4,92],[80,-62],[21,-81],[-7,-110],[7,-29],[12,-16],[46,46],[40,-19],[4,115],[52,28],[-4,34],[-17,66],[1,17],[49,-50],[30,-65],[13,14],[25,39],[35,-46],[45,6],[126,-58],[41,33],[109,-4],[100,-90],[2,-59],[16,-54],[1,-27],[-138,-286],[4,-26],[23,-47],[9,-34],[-14,-97],[-61,-80],[-98,-12],[-72,-129],[-73,-25],[-170,57],[-46,55],[-144,-60],[-136,-17],[-184,70],[-60,51],[-12,30],[39,60],[117,-17],[-3,57],[54,59],[59,16],[0,61],[-11,17],[-336,-119],[-113,-11],[-100,91],[-29,78],[5,29],[35,28],[-1,30],[-63,31],[-28,58],[34,65],[56,13],[99,-40],[-2,32],[-33,71],[-15,62],[20,10],[48,-47],[31,-4],[3,46],[-9,41],[-35,41],[-11,44],[14,37],[45,34],[42,-75],[53,-36]],[[63363,81269],[-10,-2],[-4,12],[1,19],[8,-4],[5,-25]],[[63261,81383],[-5,-22],[-8,23],[5,24],[8,-25]],[[64076,81590],[12,-32],[-8,0],[-8,11],[-4,16],[8,5]],[[63487,81468],[-22,-26],[-13,25],[0,10],[11,11],[19,9],[5,-29]],[[63422,81475],[-14,-77],[-23,25],[-3,8],[0,9],[24,5],[-2,44],[19,19],[9,-11],[3,-19],[-13,-3]],[[63398,81485],[-11,-7],[-23,39],[3,15],[21,-19],[10,-28]],[[67828,47633],[-125,-8],[-52,40],[4,71],[-87,82],[-98,-4],[-24,-26],[-55,34],[-112,15],[-34,-51],[-38,-8],[-93,49],[-100,-100],[-126,61],[-101,-23],[-169,48],[-35,-35],[-59,10],[-134,54],[-19,30],[-70,-79],[-190,17],[-84,-121],[-27,-95],[-30,-13],[-136,80],[-88,110],[-107,-2],[-38,-53],[10,-175],[-22,-52],[35,-79],[-23,-33],[16,-33],[47,-45],[57,1],[84,-74],[16,-67],[55,-56],[18,-51],[60,-101],[10,-106],[-24,-24],[47,-8],[227,-194],[356,-347],[19,-12],[81,-52],[83,-16],[8,-81],[44,-82],[107,-109],[39,-21],[97,-49],[52,-84],[1,-25],[-76,-38],[-42,9],[-129,113],[-84,57],[-82,39],[-194,162],[-291,79],[-55,37],[-46,-8],[-22,-43],[-60,9],[-109,-34],[-27,16],[-62,55],[-15,85],[-60,17],[-42,62],[-110,28],[-5,46],[-50,35],[-138,67],[-133,212],[7,68],[118,32],[-73,75],[-133,118],[-58,7],[5,40],[-83,129],[-26,78],[1,167],[-26,78],[-46,77],[-132,73],[-7,-16],[46,-91],[76,-105],[-52,-23],[-79,62],[-78,16],[-22,41],[48,65],[11,117],[-144,63],[-23,-17],[-50,-172],[-40,-89],[-4,-82],[-57,-24],[-63,-132],[-64,-2],[-71,132],[-100,109],[-99,381],[67,-19],[28,-8]],[[64146,47894],[83,12],[65,-28],[70,30],[17,54],[74,-25],[4,-1],[136,3],[102,60],[56,138],[96,-128],[84,-56],[51,15],[26,40],[153,-77],[47,1],[78,59],[-41,107],[53,64],[-63,55],[22,40],[47,32],[108,59],[69,-5],[13,135],[2,44],[-10,35],[-53,22],[-19,53],[29,71],[77,2],[14,24],[-4,24],[53,23],[85,38],[62,86],[129,-6],[-48,103],[87,55],[149,-48]],[[67665,45404],[13,-67],[15,-13],[47,-42]],[[67740,45282],[-67,32],[-13,6],[-112,54],[-34,30],[-5,33],[-107,26],[-192,123],[-57,-12],[-177,42],[-195,90],[-41,1],[-22,-62],[-114,3],[-131,-38],[-100,22],[20,57],[120,-14],[129,33],[-3,40],[138,3],[138,-43],[23,-21],[46,-2],[81,-31],[12,6],[38,30],[79,-5],[75,-84],[231,-149],[107,-2],[58,-46]],[[64727,47456],[-9,-98],[48,-183],[19,-36],[-24,-18],[-54,51],[-15,-1],[1,-36],[-5,-9],[-24,24],[-8,19],[28,61],[-58,149],[-13,24],[1,21],[9,9],[32,-32],[20,9],[-36,115],[-22,21],[-29,38],[-3,14],[13,24],[4,19],[9,10],[25,-17],[40,-133],[51,-45]],[[66463,45964],[-120,-20],[-116,21],[-34,23],[-2,65],[219,-5],[83,-24],[11,-35],[-41,-25]],[[66383,45884],[1,-21],[268,-11],[1,-17],[-273,-18],[-123,18],[-63,3],[-9,23],[30,23],[45,0],[31,-19],[25,39],[33,1],[34,-21]],[[65041,47060],[-78,80],[-7,34],[112,-61],[24,-36],[-38,-7],[143,-92],[61,-83],[-53,-11],[-164,176]],[[64920,47326],[64,-55],[27,-43],[-19,-6],[-37,38],[-33,20],[-28,-11],[-33,29],[19,8],[12,40],[27,16],[-1,33],[20,-17],[-18,-52]],[[66088,45710],[-20,-22],[-21,4],[-72,-19],[-22,45],[8,14],[69,15],[40,0],[18,-37]],[[67061,45524],[14,-29],[-41,0],[-168,35],[-6,8],[16,23],[38,-12],[147,-25]],[[65306,46457],[-25,-7],[-47,36],[-51,69],[9,9],[104,-70],[10,-37]],[[65390,46471],[-1,-40],[-22,-6],[23,-48],[-38,7],[-45,61],[34,16],[14,-10],[14,25],[21,-5]],[[66073,46067],[29,-23],[11,9],[38,-46],[-15,-8],[-55,28],[-61,16],[-14,14],[14,11],[53,-1]],[[65305,46600],[-10,-10],[-56,49],[-22,29],[-37,23],[11,14],[51,-36],[44,-22],[19,-47]],[[66591,45496],[-23,-41],[-59,0],[-28,26],[47,21],[63,-6]],[[65699,46306],[-9,-23],[-43,2],[1,-28],[-22,-22],[-22,27],[25,27],[3,33],[67,-16]],[[64825,46973],[-29,-19],[-11,39],[-46,47],[4,17],[35,-20],[23,-42],[24,-22]],[[65183,46576],[-12,-16],[-61,79],[23,13],[50,-76]],[[65001,46888],[-18,-12],[-25,24],[-3,48],[34,-14],[-8,-17],[20,-29]],[[67284,45516],[-10,-17],[-59,30],[18,20],[51,-33]],[[64929,46930],[-15,-28],[-39,27],[17,22],[37,-21]],[[64797,47445],[-21,-6],[-37,35],[15,21],[43,-50]],[[65078,46757],[-13,-20],[-42,36],[27,17],[28,-33]],[[67151,45509],[-7,-33],[-52,23],[10,16],[49,-6]],[[65016,46781],[-22,-19],[-26,49],[21,11],[27,-41]],[[64719,47079],[-43,-11],[13,53],[13,1],[17,-43]],[[65163,46687],[-11,-8],[-30,29],[41,30],[0,-51]],[[66001,46110],[2,-33],[-45,-4],[-8,22],[51,15]],[[65929,45611],[-30,-8],[12,61],[26,-20],[-8,-33]],[[65506,46330],[-18,-31],[-34,24],[17,25],[35,-18]],[[64980,47418],[-12,-22],[-49,36],[1,18],[60,-32]],[[65219,46633],[-3,-39],[-48,47],[16,11],[35,-19]],[[66191,45084],[-44,-8],[-16,18],[47,23],[13,-33]],[[65188,46853],[-15,-20],[-29,14],[-11,25],[42,-2],[13,-17]],[[64617,47167],[-21,-21],[-4,19],[16,20],[9,-18]],[[64606,47132],[-8,-18],[-14,15],[13,14],[9,-11]],[[64146,47894],[-3,3],[-4,2],[-14,3],[-5,1],[-8,2],[-1,1],[-10,8],[3,9],[-5,11],[1,2],[5,3],[0,4],[-2,5],[-1,2],[0,2],[0,3],[1,2],[1,2],[2,1],[1,1],[5,3],[0,2],[-4,1],[1,4],[9,4],[9,-6],[7,0],[5,0],[6,3],[1,6],[8,-2],[3,3],[4,3],[9,3],[10,-1],[7,-2],[9,7],[0,5],[5,2],[-5,1],[0,2],[2,3],[6,2],[0,3],[-14,10],[-1,1],[-1,2],[-1,3],[0,2],[0,3],[0,3]],[[64187,48031],[78,-4],[44,47],[-79,96],[-137,60],[0,11],[-11,41],[29,108],[-71,-5],[-27,25],[6,20],[-3,29],[85,81],[15,41],[-149,49],[-28,58],[33,61],[98,81],[53,4],[16,82]],[[69559,51981],[-5,-71],[-39,-44],[-34,-118],[-1,-164],[-89,-133],[19,-161]],[[67262,67874],[-128,-59],[-55,26],[-97,-70],[-76,29],[22,-75],[-55,-19],[-84,51],[-101,61],[4,-97],[-123,49],[-2,-97],[34,-123],[7,-102],[-37,42],[-12,-26],[-24,15],[-24,-51],[-59,-1],[29,-66],[-66,-82],[-85,3],[0,-27],[24,-5],[21,-53],[-20,-78],[11,-90],[8,-53],[-15,-46],[-71,-76],[-1,-67],[-42,-69],[59,-50],[16,-55],[1,-54],[110,-65],[27,-78],[27,-36],[-63,-104],[-27,-45],[-20,-33],[-72,-116],[-6,-58],[-6,-52],[-4,-37],[-27,-70],[-42,-128],[-36,-53],[-33,26],[-19,-106],[-43,34],[-8,-60],[-100,-17],[-20,-46],[-42,-24],[-43,-71],[-4,-82],[-34,-4],[-40,62],[-44,31],[-7,-30],[21,-89],[-85,25],[-9,-116],[-59,-134],[-118,-49],[-34,-50],[-38,8],[-41,-120],[10,-127],[-30,-39],[-55,-10],[-45,-161],[-25,17],[-5,89],[-48,8],[10,-34],[30,-14],[-16,-34],[24,-99],[-14,-54],[-119,-146],[-88,22],[13,-62],[-23,-36],[1,-36],[84,-95],[-30,-86],[-37,-265],[39,-111],[45,-40],[3,-36],[-117,28],[-4,-102],[-29,-51],[26,-102],[-5,-51],[39,-72],[-3,-118],[22,-137],[19,-26],[-16,-64],[85,-122],[-11,-110],[48,-36],[124,-5],[-5,-56],[19,-24],[26,-22],[52,51],[78,24],[33,-72],[61,-71],[76,-66],[39,-3],[23,13],[-25,139],[13,6],[25,-24],[25,-98],[31,0],[54,-80],[-10,-52],[24,-6],[1,-22],[-47,-11],[-18,-41],[83,-5],[40,27],[94,-173],[70,-91],[17,-121],[-114,-93],[-53,-198],[-76,4],[-59,-68],[36,-37],[49,29],[90,-19],[46,-62],[4,-60],[-12,-13],[-27,44],[-78,-27],[-80,28],[7,-61],[49,-85],[-1,-47],[-50,17],[-78,-46],[-4,-57],[-59,-64],[-40,-102],[-64,65],[-38,93],[-29,-64],[-43,-5],[25,-53],[-129,-174],[-97,-6],[5,-55],[-63,-52],[-117,-9],[2,-31],[95,-81],[-47,-85],[40,-141],[-43,-13],[58,-123],[-38,-88],[-50,-43],[66,-29],[2,-127],[-27,-72],[9,-75],[-21,-67],[31,-6],[9,-137],[-93,-195],[3,-76],[29,-24],[15,-82],[-41,-104],[-19,-265],[-56,-85],[-80,-282],[6,-56],[-93,-185],[-25,12],[-4,-37],[-62,16],[-18,30],[30,13],[2,37],[-69,1],[-10,26],[-72,-63],[-62,-10],[-11,38],[-112,-23],[-211,-13],[47,-110],[-21,-34],[-54,-7],[-38,25],[-8,32],[-99,-104],[-57,-123],[-3,-118],[84,-152],[-86,-158],[-61,-7],[-83,39],[-98,-9],[-213,-91],[-267,38],[-1,25],[50,23],[-22,129],[67,94],[-68,71],[-15,71],[-53,46],[-42,104],[-95,152],[-31,106],[144,-17],[6,44],[-94,132],[40,40],[97,-10],[11,98],[-16,59],[-32,36],[-65,10],[-81,150],[-114,102],[-94,229],[-38,56],[-30,173],[-23,7],[11,-37],[-8,-26],[-60,47],[-11,144],[-50,115],[-52,22],[29,70],[-41,27],[-11,48],[1,29],[36,27],[18,102],[-5,81],[-43,-20],[23,-37],[-11,-41],[-86,-62],[-39,114],[-55,75],[3,74],[32,49],[-42,59],[-77,39],[2,44],[27,47],[-30,80],[13,92],[-39,67],[16,94],[-53,92],[1,88],[31,62],[59,27],[28,-15],[47,-90]],[[66274,60048],[49,-67],[-29,-30],[11,-52],[-34,17],[-4,-56],[-64,5],[-11,-111],[22,-25],[3,-47],[-13,-20],[3,-22],[23,-47],[48,-16],[3,-16],[-57,-49],[-40,-65],[19,-64],[-135,-107],[-27,-82],[10,-82],[-61,-66],[-45,-5],[30,105],[25,39],[-4,16],[-28,-4],[-4,56],[-31,26],[-16,67],[-25,30],[26,88],[-49,157],[22,61],[69,87],[58,155],[60,34],[45,76],[36,-17],[21,-39],[26,68],[68,2]],[[65151,58339],[-44,-63],[-43,313],[93,311],[56,64],[67,203],[26,183],[32,52],[41,-16],[-23,-55],[8,-86],[-62,-198],[-5,-75],[-13,-80],[-33,-48],[-100,-505]],[[66347,60132],[43,-12],[32,14],[24,-20],[-20,-19],[-24,5],[-57,-42],[18,-21],[-17,-50],[-25,22],[-20,36],[15,27],[-1,33],[32,27]],[[66343,65698],[-15,-72],[-34,91],[19,44],[30,-63]],[[65446,64935],[14,-17],[13,10],[-1,-90],[-15,-11],[-11,63],[-12,32],[12,13]],[[64642,58172],[29,-13],[33,15],[7,-32],[-11,-18],[-31,23],[-6,-19],[-45,-2],[-5,10],[29,36]],[[66366,60468],[-37,-5],[-29,53],[38,2],[35,-16],[-7,-34]],[[66063,61476],[7,-19],[-6,-36],[-26,36],[-26,-18],[-1,39],[25,19],[10,-22],[17,1]],[[66453,67188],[14,-68],[-29,15],[-15,54],[3,9],[27,-10]],[[66044,61682],[-34,-58],[-27,9],[13,43],[23,3],[13,18],[12,-15]],[[65193,60334],[-20,-25],[-26,62],[-8,39],[34,-20],[1,-38],[19,-18]],[[66756,67498],[12,-53],[-25,12],[3,29],[-24,27],[2,23],[18,-5],[14,-33]],[[66127,61853],[18,-37],[-2,-13],[-25,7],[-15,-40],[-16,30],[16,35],[11,-11],[13,29]],[[67142,67781],[-2,-29],[-14,-22],[-30,15],[-2,18],[25,5],[10,19],[13,-6]],[[66829,67676],[-5,-31],[-40,31],[15,33],[30,-33]],[[65998,61458],[-13,-8],[-16,50],[-31,5],[6,24],[38,4],[-4,-26],[20,-49]],[[66765,67681],[-7,-13],[-26,3],[-14,33],[0,16],[8,1],[39,-40]],[[62543,59567],[-17,-10],[-17,24],[20,14],[-1,21],[19,9],[11,-25],[-15,-33]],[[65985,61585],[-41,-15],[-6,8],[7,34],[20,11],[20,-38]],[[66583,67374],[2,-15],[-36,8],[-5,17],[3,19],[14,-3],[22,-26]],[[66716,67543],[-5,-39],[-29,19],[8,27],[26,-7]],[[65790,61004],[0,-49],[-39,0],[3,18],[36,31]],[[62527,59748],[-21,-43],[-19,42],[9,18],[31,-17]],[[66708,67432],[-20,-4],[-16,29],[30,11],[6,-36]],[[62202,60680],[-5,-18],[-31,25],[18,35],[18,-42]],[[65427,60738],[-16,-32],[-17,27],[21,32],[12,-27]],[[66219,61594],[-17,-25],[-18,16],[23,38],[12,-29]],[[66791,67531],[8,-29],[-39,19],[4,20],[27,-10]],[[65731,60904],[-1,-29],[-28,35],[12,35],[17,-41]],[[66423,67137],[-1,-23],[-29,19],[6,31],[24,-27]],[[62292,60205],[13,-49],[-23,1],[-10,37],[20,11]],[[66704,67617],[4,-36],[-9,0],[-19,34],[15,14],[9,-12]],[[62611,59491],[-13,-35],[-17,41],[11,27],[19,-33]],[[66012,61535],[-15,-14],[-17,33],[26,20],[6,-39]],[[66618,67396],[1,-27],[-21,1],[2,51],[18,-25]],[[67033,67762],[-1,-43],[-17,9],[-3,37],[21,-3]],[[66403,67200],[-16,-11],[-15,49],[29,-14],[2,-24]],[[65283,60663],[3,-41],[-20,0],[-8,14],[16,39],[9,-12]],[[66517,67308],[-10,-22],[-28,30],[12,14],[26,-22]],[[63152,57843],[-17,-2],[-18,29],[3,14],[36,-15],[-4,-26]],[[66649,67411],[3,-29],[-27,0],[4,37],[20,-8]],[[67281,67767],[0,-23],[-21,20],[3,50],[18,-47]],[[66739,67621],[-15,-14],[-14,24],[8,19],[14,-4],[7,-25]],[[62525,59512],[-12,-37],[-26,5],[16,39],[22,-7]],[[65095,63033],[-5,-29],[-18,22],[-4,20],[10,14],[11,-5],[6,-22]],[[66195,61510],[0,-38],[-27,32],[13,36],[14,-30]],[[62273,60630],[-4,-55],[-16,6],[-3,41],[23,8]],[[65164,64067],[-15,-39],[-18,24],[6,23],[27,-8]],[[65208,60404],[-14,-39],[-11,36],[10,41],[15,-38]],[[65090,63400],[-21,-14],[-14,37],[34,1],[1,-24]],[[65070,64243],[13,-41],[-27,4],[-5,12],[7,25],[12,0]],[[65985,61433],[-12,-25],[-26,23],[20,26],[18,-24]],[[66101,61857],[-13,-2],[-9,35],[13,20],[13,-15],[-4,-38]],[[65915,61085],[-25,-17],[-4,37],[22,17],[7,-37]],[[66313,65540],[-21,-4],[-8,11],[1,20],[16,13],[12,-40]],[[66078,61510],[-19,-8],[-20,19],[28,28],[11,-39]],[[65101,58818],[-22,-18],[-17,19],[27,34],[12,-35]],[[65897,61044],[-5,-39],[-11,18],[-23,-7],[-1,25],[40,3]],[[66174,61439],[-14,-36],[-18,21],[22,40],[10,-25]],[[65214,60208],[-11,-40],[-25,2],[16,43],[20,-5]],[[62365,60049],[-16,-29],[-26,36],[13,12],[29,-19]],[[65555,64992],[-19,-8],[-12,27],[19,23],[12,-42]],[[66726,67475],[-4,-13],[-13,8],[-5,11],[4,24],[18,-30]],[[55832,52015],[-31,3],[-30,39],[-6,4],[-12,8],[-81,-20],[-78,6],[-35,9],[-13,8],[-11,16],[-31,21],[-10,15],[-1,14],[21,43],[39,62],[18,41],[32,26],[76,22],[35,20],[137,60],[70,9],[49,-2],[98,22],[16,4],[44,-4],[32,7],[81,30],[92,63],[30,13],[100,114],[69,-5],[-39,104],[18,43],[45,-3],[-10,21],[-25,13],[-11,23],[25,109],[12,25],[-7,28],[5,115],[32,69],[-2,92],[41,11],[50,44],[32,14],[184,33],[61,9],[235,39]],[[59066,51820],[44,-50],[65,-42],[64,0],[73,42],[93,-41]],[[59697,48320],[-53,-55],[-97,-28],[-19,-47],[23,-78],[97,-61],[9,-125],[63,-41],[46,-69],[-40,-66],[-7,-82],[-94,-28],[-76,-67],[-67,20],[-97,-36],[30,-81],[40,-22],[11,-97],[70,-53],[92,-17],[15,-90],[24,-31],[-2,-26],[-49,2],[-31,-28],[-12,-66],[-52,-53],[38,-88],[-27,-72],[90,-126],[236,-115],[204,43],[31,-108],[-148,-179],[12,-82]],[[59957,46268],[-64,-31],[-1,2],[-18,-15],[0,-3],[-2,-2],[4,-4],[-179,-66],[-38,-71],[-23,-8],[-22,-63],[-44,38],[-41,-51],[-63,-56],[-68,-12],[-89,-93],[26,-51],[-36,-62],[-124,-24],[-13,-3],[-64,-39],[-83,5],[-58,-39],[-107,39],[-102,-19],[-86,82],[-29,29],[-56,-8],[-41,37],[-119,17],[-3,63],[0,20],[1,21],[-22,28],[-180,-11],[-77,101],[-55,-18],[-1,-51],[-30,-14],[-158,34],[-17,23],[7,34],[-31,32],[-211,27],[-63,36],[-20,61],[-24,4],[-123,-35],[-263,-178],[-122,-15],[-95,-51],[-36,-42],[-90,-106],[-43,-195],[-3,-42],[-16,-218],[17,-27],[41,-70],[21,-34]],[[55801,45342],[24,30],[25,31],[-169,95],[-70,-39]],[[53445,46472],[5,13],[78,11],[122,117],[20,31],[40,58],[90,242],[70,224],[94,304],[53,121],[74,66],[-18,37],[-50,18],[-4,33],[176,662],[39,25],[34,-22],[151,-273],[24,94],[-16,95],[-38,75],[-238,237],[-2,158],[-65,104],[0,72],[88,-66],[25,-98],[-24,-76],[47,-1],[9,42],[49,44],[28,106],[-35,106],[-51,41],[78,83],[10,43],[29,10],[-70,9],[-31,-36],[-275,200],[-78,67],[-8,56],[-6,33],[-51,117],[-45,66],[-60,87],[6,44],[88,81],[41,39],[-28,47],[-11,18],[-87,63],[35,115],[-73,-8],[-106,52],[-24,100],[50,61],[-7,56],[-68,44],[-135,-20],[-69,95],[-127,21],[-23,30],[-90,118],[-89,30],[-18,50],[9,70],[-67,-51],[-121,43],[-93,89],[-171,-31],[-61,18],[-42,144],[-74,98],[183,79],[-26,51],[-99,43],[-15,47],[28,20],[121,-33],[18,21],[-81,69],[-155,16],[-20,65],[57,117],[217,64],[238,2],[68,-46],[83,5],[70,-45],[80,57],[-5,53],[14,13],[249,6],[29,1],[102,-137],[53,-148],[59,-89],[161,89],[77,16],[81,-85],[51,3],[155,62],[24,-14],[6,-68],[98,-20],[67,4],[91,16],[-66,120],[31,200],[0,200],[-91,224],[-3,56],[-10,225],[44,-15],[107,-38],[161,11],[61,-30],[18,-52],[-32,-97],[71,-204],[31,53],[78,0],[91,-50],[241,-57],[111,-65],[90,4],[120,65],[30,16],[100,11],[69,7],[66,25],[7,-10],[38,-46],[16,-3],[16,8]],[[110737,465],[35,-7],[25,-58],[76,-46],[43,4],[11,-28],[-33,-83],[7,-59],[-33,-44],[-127,-84],[-185,-52],[-65,7],[-57,-15],[-46,20],[-8,55],[-33,28],[-33,11],[-5,31],[58,61],[10,71],[36,11],[72,80],[55,36],[92,26],[50,24],[55,11]],[[99885,2649],[-22,-56],[-26,26],[23,47],[25,-17]],[[99683,2655],[15,-39],[41,21],[71,1],[2,-26],[-47,-66],[39,-13],[-47,-83],[20,-21],[-34,-25],[-47,-12],[-11,48],[29,6],[12,34],[-54,18],[10,14],[-9,61],[-25,-10],[-37,23],[47,74],[25,-5]],[[2389,34250],[230,-855],[61,-53],[50,-218],[82,-202],[108,-186],[-33,-360],[13,-159],[-66,-91],[-118,13],[-54,-50],[-199,-41],[-312,-177],[-160,-18],[-30,-75],[-310,-211],[-13,-54],[-55,-45],[-118,-35],[-173,51],[-79,-28],[-89,79],[-51,95],[-128,101],[43,30],[-40,134],[-170,65],[-131,203],[-21,87],[-154,35],[-38,-24],[-94,54],[-65,-13],[-35,94],[-96,77],[-23,85],[-70,86],[-20,142],[-31,45],[62,-37],[51,41],[94,-23],[241,126],[87,120],[63,203],[154,28],[163,176],[-35,126],[7,129],[-37,71],[-25,178],[-4,161],[47,65],[-26,73],[60,142],[-17,70],[94,163],[82,297],[110,104],[453,81],[48,54],[25,55],[56,29],[93,-104],[195,-398],[168,-210],[180,-301]],[[1470,48007],[-40,7],[6,49],[40,-19],[-6,-37]],[[1360,47744],[-54,-30],[-28,16],[18,36],[0,49],[-47,63],[-11,34],[-29,6],[-11,37],[31,53],[63,-36],[-2,44],[-27,47],[-8,86],[12,73],[26,29],[-2,53],[13,43],[36,12],[46,-40],[23,-100],[13,-25],[-7,-151],[2,-48],[-31,2],[14,-27],[-2,-71],[-12,-51],[6,-23],[-28,-35],[-4,-46]],[[1698,49435],[-24,-32],[-28,83],[26,5],[26,-56]],[[1874,49177],[-24,24],[-14,48],[21,54],[31,13],[41,-10],[12,-50],[-6,-64],[-24,-25],[-37,10]],[[2251,49344],[-34,1],[-10,41],[25,8],[24,-25],[-5,-25]],[[2102,49521],[-5,-50],[-49,36],[-44,47],[-75,52],[-34,75],[-11,47],[-26,-25],[-39,-101],[-22,-36],[-79,-10],[-62,52],[10,19],[2,60],[15,56],[40,70],[8,30],[31,29],[18,66],[29,27],[32,6],[26,-17],[3,-43],[29,-98],[-2,-51],[34,-19],[49,22],[21,-17],[6,52],[26,58],[68,-7],[10,-79],[-18,-46],[-30,-38],[-4,-43],[30,-59],[13,-65]],[[2157,52274],[-42,48],[32,25],[34,-9],[5,-25],[-29,-39]],[[61247,44407],[-1,-134],[-46,-94],[5,-44],[-46,-51],[-40,-126],[-27,-14],[-61,28],[-4,37],[-125,54],[-94,79],[-3,43],[56,31],[9,30],[-127,58],[54,79],[12,71],[-25,22],[-94,-16],[-4,30],[-9,24],[92,82],[-28,49],[-73,38],[-5,90],[70,34],[-48,68],[-33,3],[8,34],[66,83],[12,40],[98,81],[144,45],[88,75],[121,-25],[28,255],[58,21],[36,-153],[-17,-155],[46,-124],[5,-67],[5,-329],[-86,-168],[-17,-84]],[[59149,45536],[-27,-1],[-6,24],[10,21],[29,-8],[-6,-36]],[[59033,45574],[-7,-40],[-36,24],[21,34],[22,-18]],[[54188,49072],[-25,-12],[-34,17],[-25,38],[33,15],[41,-25],[10,-33]],[[54090,49159],[-4,-37],[-68,21],[-9,34],[32,17],[23,-29],[26,-6]],[[53591,49692],[-22,-10],[-42,48],[16,7],[41,-22],[7,-23]],[[53731,49905],[-20,-41],[-18,64],[8,10],[30,-33]],[[53688,49961],[-33,-26],[-21,33],[3,34],[35,-3],[16,-38]],[[53196,50353],[-26,-20],[-46,23],[-39,22],[-5,38],[15,20],[38,-28],[63,-55]],[[53196,50523],[-19,-11],[-12,67],[19,3],[12,-59]],[[53015,50707],[-34,-16],[-18,33],[26,12],[26,-29]],[[52136,51678],[-39,-11],[-3,19],[17,23],[33,-13],[-8,-18]],[[52579,57134],[63,-108],[-36,-16],[-12,3],[-68,39],[-17,-20],[-19,-75],[42,-72],[-26,-197],[22,-33],[25,-36],[2,-46],[-44,-59],[-11,-60],[-53,-43],[43,-69],[-12,-64],[12,-96],[-23,-108],[8,-49],[-100,-123],[-22,-62],[-61,-79],[-27,-104],[-122,-141],[-41,-15],[36,-103],[-31,-45],[-113,19],[-120,82],[-59,-48],[-35,65],[-33,-58],[-49,-13],[-170,41],[-140,-7],[-18,-12],[4,-49],[-22,-33],[-77,-22],[-64,20],[-128,-75],[-147,2],[-109,-71],[-190,-54],[-373,-9],[-198,78],[71,134],[-222,25],[-3,41],[52,86],[-103,41],[-93,99],[35,58],[171,59],[30,36],[-179,96],[-11,34],[20,31],[118,34],[162,-42],[113,165],[137,54],[134,-20],[-141,130],[160,128],[77,140],[64,64],[179,16],[32,43],[-24,62],[-352,95],[-5,75],[-58,21],[-21,65],[-84,62],[10,105],[123,55],[68,102],[92,22],[28,33],[-36,64],[-100,29],[-77,116],[14,21],[46,-4],[56,-60],[26,14],[16,57],[-15,52],[7,49],[-4,26],[-56,1],[51,89],[71,-24],[92,44],[214,-77],[58,-63],[24,-110],[101,94],[205,-81],[28,28],[2,77],[201,72],[50,45],[17,57],[-190,53],[-61,100],[202,99],[35,130],[119,108],[140,21],[18,3],[61,-29],[123,35],[32,-112],[-6,-84],[30,36],[25,122],[119,84],[152,-145],[-174,-132]],[[50551,56609],[-21,-15],[-22,14],[1,23],[-27,13],[22,28],[25,-23],[22,-40]],[[51587,58271],[-8,-31],[-38,17],[28,38],[18,-24]],[[50485,56704],[-11,-31],[-38,37],[18,16],[31,-22]],[[50501,57371],[-30,-11],[-13,22],[35,24],[8,-35]],[[49823,55345],[-22,-5],[-5,29],[17,22],[17,-11],[-7,-35]],[[52554,56426],[-33,-19],[-13,36],[28,7],[18,-24]],[[50334,57251],[-23,-33],[-21,11],[18,38],[26,-16]],[[50391,57288],[-30,0],[2,21],[8,23],[25,-16],[-5,-28]],[[50439,56735],[-18,-34],[-28,45],[11,8],[35,-19]],[[48564,68485],[-46,24],[-74,53],[-153,31],[25,67],[35,40],[10,49],[65,70],[19,-49],[-4,-57],[23,-28],[150,-2],[44,-8],[60,63],[77,11],[14,64],[78,46],[70,7],[90,-32],[-95,57],[-151,11],[42,83],[59,71],[-109,47],[0,91],[57,136],[-16,57],[-282,180],[-215,28],[-27,47],[8,76],[81,31],[73,-46],[114,-6],[44,-28],[47,12],[21,-39],[156,18],[35,-42],[87,-1],[186,-126],[77,59],[20,16],[-5,38],[-122,1],[-22,10],[-79,116],[41,37],[131,40],[102,42],[-4,51],[-79,30],[-37,123],[-60,46],[-43,-3],[-26,41],[-177,-1],[-226,44],[-99,203],[49,29],[76,-56],[31,44],[26,80],[24,18],[80,-104],[27,-81],[27,-4],[53,68],[-54,78],[-4,92],[65,23],[42,89],[141,71],[83,-68],[46,-173],[65,-33],[3,-80],[38,-45],[33,52],[13,84],[-59,183],[48,30],[57,-11],[18,31],[-15,42],[-87,36],[-2,46],[30,40],[39,12],[160,-89],[33,-184],[59,-95],[16,-161],[46,-137],[-23,-103],[-51,-64],[-110,-16],[-25,-23],[-2,-46],[40,-110],[-37,-216],[-8,-66],[42,49],[25,30],[47,10],[53,75],[53,46],[17,15],[76,22],[42,-61],[98,9],[54,77],[73,220],[65,63],[52,-3],[26,-29],[25,-347],[36,-44],[65,36],[45,123],[60,67],[192,41],[66,-27],[37,-80],[-1,-131],[33,-134],[2,-116],[44,82],[20,186],[17,50],[25,29],[106,-41],[61,-150],[55,-34],[186,102],[47,-14],[55,-65],[128,12],[61,61],[71,168],[153,-21],[66,-143],[-16,-151],[51,-84],[238,45],[-58,-98],[-71,-76],[12,-67],[77,-39],[15,-39],[-22,-68],[-75,-80],[-22,-47],[134,-56],[32,-115],[143,-202],[-16,-81],[-43,-70],[-18,-29],[-21,-182],[7,-34],[-79,-64],[-59,17],[-16,-70],[-32,-66],[-150,-89],[-98,35],[-31,-46],[-90,-57],[-22,-66],[-34,-46],[-84,-13],[-141,-80],[-160,60],[-267,-34],[-415,-176],[-390,78],[-74,-18],[-140,-90],[-110,-23],[-237,32],[-161,77],[-84,87],[-122,131],[-144,87],[-68,157],[-45,104],[-134,208],[-173,41],[-56,62],[-90,20]],[[49057,67805],[-27,-9],[1,28],[8,10],[25,-13],[-7,-16]],[[52335,69491],[-28,-2],[0,19],[32,15],[-4,-32]],[[50846,69720],[-22,-15],[-4,25],[20,26],[6,-36]],[[51205,70141],[-16,-14],[-6,35],[17,24],[5,-45]],[[70113,58906],[36,-41],[106,-33],[229,-177],[136,2]],[[70620,58657],[17,-93],[-25,-84],[22,-90],[-6,-54],[163,-17],[-14,-47],[-32,-102],[-189,-85],[-16,-117],[-152,-108],[-37,-87],[-7,-65],[45,-187],[-34,-98],[-2,-17],[-11,-132],[98,-39],[52,-105],[-65,-42],[-56,9],[-16,90],[-55,35],[-124,-75],[-70,-123],[-66,12],[-60,-30],[-16,-43],[33,-85],[-50,-59],[-18,36],[-40,-9],[-90,-117],[-46,-10],[-93,40],[-96,-53],[-56,22],[-50,-27],[-9,-40],[-163,19]],[[68814,56990],[-68,96],[-23,107],[18,54],[-12,85],[45,53],[7,43],[-38,74],[-122,59],[-39,77],[-63,-33],[-150,-16],[-56,-38],[-38,41],[-87,1],[-109,49],[-11,4],[-13,10],[-87,0],[-74,76],[-53,-47],[-59,213],[-46,86],[-24,-174],[-22,-121],[-27,3],[24,84],[4,23],[-1,218],[-87,430]],[[67603,58447],[70,27],[11,77],[126,156],[85,23],[140,95],[13,30],[56,24],[279,-11],[116,21],[28,35],[34,12],[34,-59],[40,-18],[41,61],[29,12],[32,13],[126,-19],[101,51],[24,-25],[120,12],[90,-54],[70,56],[75,-15],[46,26],[20,14],[20,81],[118,95],[157,-213],[75,9],[52,-23],[185,31],[31,-49],[66,-16]],[[70562,60461],[93,39],[14,-24],[6,-79],[93,-31],[92,-37],[21,-35],[3,-111],[-22,-49],[7,-90],[29,-40],[-20,-76],[5,-53],[84,47],[39,-31],[34,3],[-7,-80],[63,-55],[41,-65],[49,-15],[5,-58],[55,-53],[13,-64],[49,-71],[-9,-123],[-77,-74],[-62,-140],[-59,-75],[4,-139],[-180,-42],[-83,34],[-68,-47],[-38,-106],[-37,-41],[-62,4],[-17,-27]],[[67603,58447],[-64,139],[-44,287],[8,158],[-18,138],[76,91],[67,132],[-26,225],[92,289],[175,89],[240,174],[25,-92],[42,-62],[192,-135],[86,-28],[25,-41],[92,-188],[41,-36],[93,-14],[81,-46],[154,69],[80,94],[91,130],[19,70],[-77,264],[-8,68],[-34,78],[-29,157]],[[68980,45836],[-51,-17],[-32,-72],[-99,8],[-30,-21],[1,-44],[56,-48],[-5,-96]],[[68403,44808],[-50,34],[-105,37],[-32,90],[-64,78],[-42,15],[-40,40],[-69,71],[-83,-1],[-61,77],[-68,5],[-10,21],[-17,36],[-26,1],[4,-30]],[[67665,45404],[60,36],[16,70],[-12,52],[-70,72],[4,165],[27,51],[71,38],[6,99],[2,52],[48,89],[15,11],[70,53],[30,-7],[24,-31],[24,-32],[27,21],[4,17],[9,44],[-97,134],[5,23],[185,29]],[[69269,44955],[87,1],[25,73],[-16,71],[14,60],[204,148],[30,-1],[22,0],[43,-68],[67,9],[27,118],[52,15],[14,32],[84,10]],[[64187,48031],[31,21],[-16,57],[-119,100],[-28,-11],[-23,-61],[-63,8],[-190,26],[-31,-48],[25,-32],[-8,-32],[-193,-84],[-139,-80],[-12,11],[26,34],[-37,25],[-110,-29],[-146,-131],[-31,-97],[6,-31],[42,-9],[18,-47],[46,10],[27,-53],[-32,-65],[30,-81],[68,4],[43,-51],[-15,-68],[-38,-17],[1,-71],[-75,36],[-26,-77],[3,-82],[14,-35],[18,-151],[72,-234],[48,-58],[214,-176],[40,-7],[261,-191],[159,-105],[93,-10],[50,-49],[17,-16],[20,-68],[78,-168],[54,-134],[32,-79],[54,-161],[73,-183],[108,-155],[58,-55],[23,-22],[50,-33],[46,-29],[108,-118],[129,-59],[22,-64],[40,-32],[70,-24],[88,-30],[73,-57],[34,-8],[197,-9],[134,30],[73,-3],[180,36],[40,13],[34,1],[23,-7],[62,-43],[18,-99],[-178,-160],[-15,-41],[31,-92],[71,-55],[389,-155],[402,-119],[239,-145],[87,-58],[390,-136],[73,-110],[111,-58],[139,-119],[91,-154],[-59,-153],[-12,-167],[-139,24],[-106,64],[-42,56],[-18,122],[-76,105],[-43,39],[-70,7],[-179,-16],[-103,29],[-109,49],[-14,64],[-91,38],[-78,-29],[-92,-101],[-142,-279],[-25,-61],[19,-98],[-80,-149],[35,-127],[73,-36],[110,3],[89,-73],[110,-36],[99,-77],[-19,-113],[25,-53],[-8,-99],[53,-80],[-10,-81],[-39,-41],[-157,8],[-188,-115],[-50,-83],[41,-255],[-57,-109],[-119,-73],[-104,-148],[-27,-126],[-43,-84],[-241,-29],[-87,71],[-20,201],[122,82],[72,209],[-5,44],[-63,56],[8,36],[107,73],[100,6],[54,90],[-9,103],[-98,115],[-10,40],[-14,35],[-4,22],[-4,30],[-5,32],[-59,197],[-101,118],[-52,117],[-61,219],[-89,107],[-46,20],[-159,-69],[-173,129],[-150,61],[-9,39],[28,126],[-90,170],[-76,71],[-164,-60],[-60,4],[-98,-46],[9,44],[83,78],[-10,37],[-130,82],[-71,-33],[-63,17],[-29,-31],[-24,98],[-212,299],[-102,25],[-54,-38],[-193,64],[-159,-68],[-107,138],[-108,31],[-115,36],[-128,161],[-154,100],[-49,127],[-63,57],[-120,86],[-64,5],[-75,112],[-73,125],[-134,80],[-111,27],[-79,-31],[-44,13],[-9,41],[41,34],[-10,77],[-136,155],[-128,70],[-16,93],[-44,51],[-123,-13],[-24,19],[25,122],[-2,71],[0,42],[-18,75],[-18,26],[-17,23],[-96,158],[-13,68],[-3,18],[-30,222],[-80,153],[-87,65],[-44,0],[-70,56],[-18,-9],[10,-36],[-15,1],[-213,154],[-160,110],[-64,-19],[-86,66],[-207,46],[-88,-40],[-111,-72],[-53,-109],[-94,-51],[-95,-181],[-127,-81],[-201,-60],[-97,5]],[[63358,46377],[52,17],[11,27],[-5,42],[-64,-35],[6,-51]],[[63408,44466],[11,-7],[45,6],[-11,36],[-20,-8],[-25,-27]],[[63765,38426],[-1,-29],[-28,0],[-29,22],[29,15],[29,-8]],[[63956,38751],[-33,-16],[-20,27],[21,18],[28,-7],[4,-22]],[[63270,39575],[-43,-14],[-52,60],[-2,13],[21,23],[47,-12],[30,-24],[-1,-46]],[[63502,40697],[-24,-34],[-20,22],[8,17],[36,-5]],[[63457,40685],[-35,-6],[-17,26],[36,23],[16,-43]],[[63255,40759],[12,-52],[-30,8],[-18,38],[36,6]],[[63487,40755],[-33,-14],[-16,25],[23,34],[26,-45]],[[65701,40693],[-27,-50],[-27,-170],[-17,-27],[-38,-64],[7,-123],[23,-45],[87,-32],[-23,-76],[30,-56],[53,-29],[-5,-39],[29,-32],[-109,-97],[-41,-82],[19,-155],[-32,-19],[-65,38],[-98,17],[-126,-15],[-172,57],[-133,193],[-114,70],[-124,15],[-105,-11],[-119,47],[-154,110],[-80,13],[-132,78],[-96,94],[-107,8],[-69,46],[-34,22],[-158,-18],[-38,22],[-35,51],[-91,50],[-37,88],[20,72],[31,143],[98,58],[56,43],[22,54],[97,-125],[82,3],[65,48],[-2,53],[29,38],[76,-3],[81,41],[35,-26],[27,-70],[107,-2],[32,-59],[125,-55],[203,66],[143,-8],[244,37],[95,38],[86,79],[94,26],[175,-25],[96,70],[199,87],[69,-10],[-67,-184],[-160,-268]],[[65479,41215],[-25,-6],[-33,32],[9,16],[39,-18],[10,-24]],[[65434,41358],[7,-73],[-54,26],[4,35],[43,12]],[[64997,41365],[-10,-43],[-40,23],[17,26],[33,-6]],[[65365,41407],[2,-44],[-62,21],[7,22],[53,1]],[[65157,41389],[-33,-32],[-26,34],[19,16],[40,-18]],[[64109,41468],[-34,-35],[-28,12],[35,37],[27,-14]],[[65638,41640],[-25,-43],[-31,22],[32,30],[24,-9]],[[60408,41808],[-25,-18],[-22,17],[2,22],[-22,12],[5,15],[63,23],[-1,-71]],[[64799,43241],[-47,-19],[-3,20],[1,19],[40,1],[9,-21]],[[64583,43390],[-31,-17],[-54,11],[6,45],[68,-11],[11,-28]],[[60418,43601],[-16,-18],[-37,8],[21,42],[32,-32]],[[60476,43685],[-9,-27],[-36,3],[-12,34],[34,12],[23,-22]],[[61490,43264],[53,-143],[-35,-97],[-83,-100],[-23,-73],[15,-64],[57,-83],[-25,-98],[-32,-397],[-51,-267],[-13,-103],[-34,-34],[-60,7],[-10,1],[-142,89],[-127,-26],[-42,-62],[16,-73],[-20,-54],[-79,-70],[-37,-33],[-100,43],[-71,-30],[-14,59],[-64,93],[-34,2],[-45,-84],[-42,64],[2,49],[69,7],[-50,107],[23,72],[-16,157],[52,129],[2,132],[33,-9],[35,150],[-32,31],[-56,-16],[-21,41],[13,97],[54,57],[-16,72],[13,108],[-60,61],[6,60],[-74,169],[-105,19],[34,70],[-35,57],[54,132],[-16,74],[23,5],[63,-103],[114,-29],[246,99],[149,168],[85,37],[41,75],[39,11],[152,-103],[73,-9],[1,-75],[38,-50],[-5,-60],[58,-66],[56,-193]],[[61309,43797],[-20,-28],[-23,26],[-37,-6],[-9,20],[22,25],[43,-32],[24,-5]],[[61228,43820],[-36,-30],[-13,24],[14,33],[35,-27]],[[65648,44813],[-56,-50],[-12,17],[22,28],[13,-1],[11,35],[22,-29]],[[61921,44846],[-35,-12],[-9,24],[10,23],[30,-10],[4,-25]],[[62344,44863],[-9,-19],[-33,42],[3,29],[18,-6],[21,-46]],[[61760,45098],[-16,-31],[-32,23],[26,33],[22,-25]],[[61981,45318],[4,-36],[-20,-15],[20,-40],[-38,-4],[-17,40],[-45,-5],[-5,-16],[-33,11],[-2,-20],[-70,5],[-24,49],[14,17],[44,9],[41,-22],[19,35],[44,-7],[17,-17],[39,69],[21,-24],[-9,-29]],[[61572,45536],[-29,-43],[-15,21],[27,51],[17,-29]],[[61628,45920],[-17,-45],[-28,16],[10,32],[35,-3]],[[63301,47852],[-14,-38],[-39,26],[17,19],[36,-7]],[[63337,47846],[-15,-14],[-15,31],[39,21],[12,22],[40,9],[6,-37],[-67,-32]]],"transform":{"scale":[115.83948979869646,116.20666059566123],"translate":[-2823672.4431,-3076194.6608999996]},"objects":{"NUTS_RG_10M_2021_3035":{"type":"GeometryCollection","geometries":[{"arcs":[[0,1,2,3,4,5]],"type":"Polygon","properties":{"NUTS_ID":"AL","LEVL_CODE":0,"CNTR_CODE":"AL","NAME_LATN":"Shqipëria","NUTS_NAME":"Shqipëria","MOUNT_TYPE":0,"URBN_TYPE":0,"COAST_TYPE":0,"NAME_ENGL":"Albania","NAME_FREN":"Albanie","ISO3_CODE":"ALB","SVRG_UN":"UN Member State","CAPT":"Tirana","EU_STAT":"F","EFTA_STAT":"F","CC_STAT":"T","NAME_GERM":"Albanien"},"id":"AL"},{"arcs":[[6,7,8,9,10,11,12,13,14,15]],"type":"Polygon","properties":{"NUTS_ID":"AT","LEVL_CODE":0,"CNTR_CODE":"AT","NAME_LATN":"Österreich","NUTS_NAME":"Österreich","MOUNT_TYPE":0,"URBN_TYPE":0,"COAST_TYPE":0,"NAME_ENGL":"Austria","NAME_FREN":"Autriche","ISO3_CODE":"AUT","SVRG_UN":"UN Member State","CAPT":"Vienna","EU_STAT":"T","EFTA_STAT":"F","CC_STAT":"F","NAME_GERM":"Österreich"},"id":"AT"},{"arcs":[[16,17,18,19,20,21,22,23],[24]],"type":"Polygon","properties":{"NUTS_ID":"BE","LEVL_CODE":0,"CNTR_CODE":"BE","NAME_LATN":"Belgique/België","NUTS_NAME":"Belgique/België","MOUNT_TYPE":0,"URBN_TYPE":0,"COAST_TYPE":0,"NAME_ENGL":"Belgium","NAME_FREN":"Belgique","ISO3_CODE":"BEL","SVRG_UN":"UN Member State","CAPT":"Brussels","EU_STAT":"T","EFTA_STAT":"F","CC_STAT":"F","NAME_GERM":"Belgien"},"id":"BE"},{"arcs":[[[25,26,27]],[[28],[29]],[[30]],[[31]],[[32]],[[33]],[[34]],[[35]],[[36]],[[37]],[[38]],[[39]],[[40]],[[41]],[[42]],[[43]],[[44]],[[45]],[[46]],[[47]],[[48]],[[49]],[[50]],[[51]],[[52]],[[53]],[[54]],[[55]],[[56]]],"type":"MultiPolygon","properties":{"NUTS_ID":"DK","LEVL_CODE":0,"CNTR_CODE":"DK","NAME_LATN":"Danmark","NUTS_NAME":"Danmark","MOUNT_TYPE":0,"URBN_TYPE":0,"COAST_TYPE":0,"NAME_ENGL":"Denmark","NAME_FREN":"Danemark","ISO3_CODE":"DNK","SVRG_UN":"UN Member State","CAPT":"Copenhagen","EU_STAT":"T","EFTA_STAT":"F","CC_STAT":"F","NAME_GERM":"Dänemark"},"id":"DK"},{"arcs":[[[57,58,59,60,61,-15,62,63,64,-18,65,66,-27]],[[67]],[[68]],[[69]],[[70]],[[71]],[[72]],[[73]],[[74]],[[75]],[[76]],[[77]],[[78]],[[79]],[[80]],[[81]],[[82]],[[83]],[[84]]],"type":"MultiPolygon","properties":{"NUTS_ID":"DE","LEVL_CODE":0,"CNTR_CODE":"DE","NAME_LATN":"Deutschland","NUTS_NAME":"Deutschland","MOUNT_TYPE":0,"URBN_TYPE":0,"COAST_TYPE":0,"NAME_ENGL":"Germany","NAME_FREN":"Allemagne","ISO3_CODE":"DEU","SVRG_UN":"UN Member State","CAPT":"Berlin","EU_STAT":"T","EFTA_STAT":"F","CC_STAT":"F","NAME_GERM":"Deutschland"},"id":"DE"},{"arcs":[[[85,-66,-17,-24,86]],[[-22,87]],[[88]],[[89]],[[90]],[[91]],[[92]],[[-25]],[[93]],[[94]]],"type":"MultiPolygon","properties":{"NUTS_ID":"NL","LEVL_CODE":0,"CNTR_CODE":"NL","NAME_LATN":"Nederland","NUTS_NAME":"Nederland","MOUNT_TYPE":0,"URBN_TYPE":0,"COAST_TYPE":0,"NAME_ENGL":"Netherlands","NAME_FREN":"Pays-Bas","ISO3_CODE":"NLD","SVRG_UN":"UN Member State","CAPT":"Amsterdam","EU_STAT":"T","EFTA_STAT":"F","CC_STAT":"F","NAME_GERM":"Niederlande"},"id":"NL"},{"arcs":[[[95,96,97,98,99,-61,100,-59,101]],[[102]]],"type":"MultiPolygon","properties":{"NUTS_ID":"PL","LEVL_CODE":0,"CNTR_CODE":"PL","NAME_LATN":"Polska","NUTS_NAME":"Polska","MOUNT_TYPE":0,"URBN_TYPE":0,"COAST_TYPE":0,"NAME_ENGL":"Poland","NAME_FREN":"Pologne","ISO3_CODE":"POL","SVRG_UN":"UN Member State","CAPT":"Warsaw","EU_STAT":"T","EFTA_STAT":"F","CC_STAT":"F","NAME_GERM":"Polen"},"id":"PL"},{"arcs":[[[103,104,105]],[[106]],[[107]],[[108]],[[109]],[[110]],[[111]],[[112]],[[113]],[[114]],[[115]],[[116]],[[117]]],"type":"MultiPolygon","properties":{"NUTS_ID":"PT","LEVL_CODE":0,"CNTR_CODE":"PT","NAME_LATN":"Portugal","NUTS_NAME":"Portugal","MOUNT_TYPE":0,"URBN_TYPE":0,"COAST_TYPE":0,"NAME_ENGL":"Portugal","NAME_FREN":"Portugal","ISO3_CODE":"PRT","SVRG_UN":"UN Member State","CAPT":"Lisbon","EU_STAT":"T","EFTA_STAT":"F","CC_STAT":"F","NAME_GERM":"Portugal"},"id":"PT"},{"arcs":[[[118]],[[119,120,121]],[[122]],[[123]],[[124]],[[125]],[[126]],[[127]],[[128]],[[129]],[[130]],[[131]],[[132]],[[133]],[[134]],[[135]],[[136]],[[137]],[[138]],[[139]],[[140]],[[141]],[[142]],[[143]],[[144]],[[145]],[[146]],[[147]],[[148]],[[149]],[[150]],[[151]],[[152]],[[153]],[[154]],[[155]],[[156]],[[157]],[[158]],[[159]],[[160]],[[161]],[[162]],[[163]],[[164]],[[165]],[[166]],[[167]],[[168]],[[169]],[[170]],[[171]],[[172]],[[173]],[[174]],[[175]],[[176]],[[177]]],"type":"MultiPolygon","properties":{"NUTS_ID":"UK","LEVL_CODE":0,"CNTR_CODE":"UK","NAME_LATN":"United Kingdom","NUTS_NAME":"United Kingdom","MOUNT_TYPE":0,"URBN_TYPE":0,"COAST_TYPE":0,"NAME_ENGL":"United Kingdom","NAME_FREN":"Royaume-Uni","ISO3_CODE":"GBR","SVRG_UN":"UN Member State","CAPT":"London","EU_STAT":"F","EFTA_STAT":"F","CC_STAT":"F","NAME_GERM":"Vereinigtes Königreich"},"id":"UK"},{"arcs":[[[178]],[[179,180,181]],[[182]],[[183]],[[184]],[[185]],[[186]],[[187]],[[188]],[[189]],[[190]],[[191]]],"type":"MultiPolygon","properties":{"NUTS_ID":"TR","LEVL_CODE":0,"CNTR_CODE":"TR","NAME_LATN":"Türkiye","NUTS_NAME":"Türkiye","MOUNT_TYPE":0,"URBN_TYPE":0,"COAST_TYPE":0,"NAME_ENGL":"Türkiye","NAME_FREN":"Turquie","ISO3_CODE":"TUR","SVRG_UN":"UN Member State","CAPT":"Ankara","EU_STAT":"F","EFTA_STAT":"F","CC_STAT":"T","NAME_GERM":"Türkei"},"id":"TR"},{"arcs":[[[192,193,194,195,196,-104,-106,197]],[[198]],[[199]],[[200]],[[201]],[[202]],[[203]],[[204]],[[205]],[[206]],[[207]],[[208]],[[209]],[[210]],[[211]],[[212]],[[213]],[[214]],[[215]],[[216]]],"type":"MultiPolygon","properties":{"NUTS_ID":"ES","LEVL_CODE":0,"CNTR_CODE":"ES","NAME_LATN":"España","NUTS_NAME":"España","MOUNT_TYPE":0,"URBN_TYPE":0,"COAST_TYPE":0,"NAME_ENGL":"Spain","NAME_FREN":"Espagne","ISO3_CODE":"ESP","SVRG_UN":"UN Member State","CAPT":"Madrid","EU_STAT":"T","EFTA_STAT":"F","CC_STAT":"F","NAME_GERM":"Spanien"},"id":"ES"},{"arcs":[[217,218,-182,219,220,221,222]],"type":"Polygon","properties":{"NUTS_ID":"BG","LEVL_CODE":0,"CNTR_CODE":"BG","NAME_LATN":"Bulgaria","NUTS_NAME":"България","MOUNT_TYPE":0,"URBN_TYPE":0,"COAST_TYPE":0,"NAME_ENGL":"Bulgaria","NAME_FREN":"Bulgarie","ISO3_CODE":"BGR","SVRG_UN":"UN Member State","CAPT":"Sofia","EU_STAT":"T","EFTA_STAT":"F","CC_STAT":"F","NAME_GERM":"Bulgarien"},"id":"BG"},{"arcs":[[-63,-14,223,-12,224,225]],"type":"Polygon","properties":{"NUTS_ID":"CH","LEVL_CODE":0,"CNTR_CODE":"CH","NAME_LATN":"Schweiz/Suisse/Svizzera","NUTS_NAME":"Schweiz/Suisse/Svizzera","MOUNT_TYPE":0,"URBN_TYPE":0,"COAST_TYPE":0,"NAME_ENGL":"Switzerland","NAME_FREN":"Suisse","ISO3_CODE":"CHE","SVRG_UN":"UN Member State","CAPT":"Bern","EU_STAT":"F","EFTA_STAT":"T","CC_STAT":"F","NAME_GERM":"Schweiz"},"id":"CH"},{"arcs":[[226]],"type":"Polygon","properties":{"NUTS_ID":"CY","LEVL_CODE":0,"CNTR_CODE":"CY","NAME_LATN":"Kýpros","NUTS_NAME":"Κύπρος","MOUNT_TYPE":0,"URBN_TYPE":0,"COAST_TYPE":0,"NAME_ENGL":"Cyprus","NAME_FREN":"Chypre","ISO3_CODE":"CYP","SVRG_UN":"UN Member State","CAPT":"Nicosia","EU_STAT":"T","EFTA_STAT":"F","CC_STAT":"F","NAME_GERM":"Zypern"},"id":"CY"},{"arcs":[[227,-218,-223,228,229,230]],"type":"Polygon","properties":{"NUTS_ID":"RO","LEVL_CODE":0,"CNTR_CODE":"RO","NAME_LATN":"România","NUTS_NAME":"România","MOUNT_TYPE":0,"URBN_TYPE":0,"COAST_TYPE":0,"NAME_ENGL":"Romania","NAME_FREN":"Roumanie","ISO3_CODE":"ROU","SVRG_UN":"UN Member State","CAPT":"Bucharest","EU_STAT":"T","EFTA_STAT":"F","CC_STAT":"F","NAME_GERM":"Rumänien"},"id":"RO"},{"arcs":[[231,-229,-222,232,233,234,235,236,237]],"type":"Polygon","properties":{"NUTS_ID":"RS","LEVL_CODE":0,"CNTR_CODE":"RS","NAME_LATN":"Serbia","NUTS_NAME":"Srbija/Сpбија","MOUNT_TYPE":0,"URBN_TYPE":0,"COAST_TYPE":0,"NAME_ENGL":"Serbia","NAME_FREN":"Serbie","ISO3_CODE":"SRB","SVRG_UN":"UN Member State","CAPT":"Belgrade","EU_STAT":"F","EFTA_STAT":"F","CC_STAT":"T","NAME_GERM":"Serbien"},"id":"RS"},{"arcs":[[-62,-100,238,-7,-16]],"type":"Polygon","properties":{"NUTS_ID":"CZ","LEVL_CODE":0,"CNTR_CODE":"CZ","NAME_LATN":"Česko","NUTS_NAME":"Česko","MOUNT_TYPE":0,"URBN_TYPE":0,"COAST_TYPE":0,"NAME_ENGL":"Czechia","NAME_FREN":"Tchéquie","ISO3_CODE":"CZE","SVRG_UN":"UN Member State","CAPT":"Prague","EU_STAT":"T","EFTA_STAT":"F","CC_STAT":"F","NAME_GERM":"Tschechien"},"id":"CZ"},{"arcs":[[[239,240,241]],[[242]],[[243]],[[244]],[[245]],[[246]],[[247]],[[248]],[[249]],[[250]],[[251]],[[252]],[[253]],[[254]],[[255]],[[256]],[[257]],[[258]],[[259]],[[260]],[[261]],[[262]],[[263]],[[264]],[[265]],[[266]],[[267]],[[268]],[[269]],[[270]],[[271]],[[272]],[[273]],[[274]],[[275]],[[276]],[[277]],[[278]],[[279]],[[280]],[[281]],[[282]],[[283]],[[284]],[[285]],[[286]],[[287]],[[288]],[[289]],[[290]],[[291]],[[292]],[[293]],[[294]]],"type":"MultiPolygon","properties":{"NUTS_ID":"FI","LEVL_CODE":0,"CNTR_CODE":"FI","NAME_LATN":"Suomi/Finland","NUTS_NAME":"Suomi/Finland","MOUNT_TYPE":0,"URBN_TYPE":0,"COAST_TYPE":0,"NAME_ENGL":"Finland","NAME_FREN":"Finlande","ISO3_CODE":"FIN","SVRG_UN":"UN Member State","CAPT":"Helsinki","EU_STAT":"T","EFTA_STAT":"F","CC_STAT":"F","NAME_GERM":"Finnland"},"id":"FI"},{"arcs":[[[295,296,297]],[[298]],[[299]],[[300]],[[301]],[[302]],[[303]],[[304]],[[305]],[[306]],[[307]],[[308]]],"type":"MultiPolygon","properties":{"NUTS_ID":"EE","LEVL_CODE":0,"CNTR_CODE":"EE","NAME_LATN":"Eesti","NUTS_NAME":"Eesti","MOUNT_TYPE":0,"URBN_TYPE":0,"COAST_TYPE":0,"NAME_ENGL":"Estonia","NAME_FREN":"Estonie","ISO3_CODE":"EST","SVRG_UN":"UN Member State","CAPT":"Tallinn","EU_STAT":"T","EFTA_STAT":"F","CC_STAT":"F","NAME_GERM":"Estland"},"id":"EE"},{"arcs":[[309,310,-230,-232,-238,311,312,-9,313]],"type":"Polygon","properties":{"NUTS_ID":"HU","LEVL_CODE":0,"CNTR_CODE":"HU","NAME_LATN":"Magyarország","NUTS_NAME":"Magyarország","MOUNT_TYPE":0,"URBN_TYPE":0,"COAST_TYPE":0,"NAME_ENGL":"Hungary","NAME_FREN":"Hongrie","ISO3_CODE":"HUN","SVRG_UN":"UN Member State","CAPT":"Budapest","EU_STAT":"T","EFTA_STAT":"F","CC_STAT":"F","NAME_GERM":"Ungarn"},"id":"HU"},{"arcs":[[[314]],[[315]]],"type":"MultiPolygon","properties":{"NUTS_ID":"MT","LEVL_CODE":0,"CNTR_CODE":"MT","NAME_LATN":"Malta","NUTS_NAME":"Malta","MOUNT_TYPE":0,"URBN_TYPE":0,"COAST_TYPE":0,"NAME_ENGL":"Malta","NAME_FREN":"Malte","ISO3_CODE":"MLT","SVRG_UN":"UN Member State","CAPT":"Valletta","EU_STAT":"T","EFTA_STAT":"F","CC_STAT":"F","NAME_GERM":"Malta"},"id":"MT"},{"arcs":[[[316,-4,317,-220,-181]],[[318]],[[319]],[[320]],[[321]],[[322]],[[323]],[[324]],[[325]],[[326]],[[327]],[[328]],[[329]],[[330]],[[331]],[[332]],[[333]],[[334]],[[335]],[[336]],[[337]],[[338]],[[339]],[[340]],[[341]],[[342]],[[343]],[[344]],[[345]],[[346]],[[347]],[[348]],[[349]],[[350]],[[351]],[[352]],[[353]],[[354]],[[355]],[[356]],[[357]],[[358]],[[359]],[[360]],[[361]],[[362]],[[363]],[[364]],[[365]],[[366]],[[367]],[[368]],[[369]],[[370]],[[371]],[[372]],[[373]],[[374]],[[375]],[[376]],[[377]],[[378]],[[379]],[[380]],[[381]],[[382]],[[383]],[[384]],[[385]],[[386]],[[387]],[[388]],[[389]],[[390]],[[391]],[[392]],[[393]],[[394]],[[395]],[[396]],[[397]],[[398]],[[399]],[[400]],[[401]],[[402]],[[403]],[[404]],[[405]],[[406]],[[407]],[[408]],[[409]]],"type":"MultiPolygon","properties":{"NUTS_ID":"EL","LEVL_CODE":0,"CNTR_CODE":"EL","NAME_LATN":"Elláda","NUTS_NAME":"Ελλάδα","MOUNT_TYPE":0,"URBN_TYPE":0,"COAST_TYPE":0,"NAME_ENGL":"Greece","NAME_FREN":"Grèce","ISO3_CODE":"GRC","SVRG_UN":"UN Member State","CAPT":"Athens","EU_STAT":"T","EFTA_STAT":"F","CC_STAT":"F","NAME_GERM":"Griechenland"},"id":"EL"},{"arcs":[[[-242,410,411],[412]],[[413]],[[414]],[[415]],[[416]],[[417]],[[418]],[[419]],[[420]],[[421]],[[422]],[[423]],[[424]],[[425]],[[426]],[[427]],[[428]],[[429]],[[430]],[[431]],[[432]],[[433]],[[434]],[[435]],[[436]],[[437]],[[438]],[[439]],[[440]],[[441]],[[442]],[[443]],[[444]],[[445]],[[446]],[[447]],[[448]],[[449]],[[450]],[[451]],[[452]],[[453]],[[454]],[[455]],[[456]],[[457]],[[458]],[[459]],[[460]],[[461]],[[462]],[[463]],[[464]],[[465]],[[466]],[[467]],[[468]],[[469]],[[470]],[[471]],[[472]],[[473]],[[474]],[[475]],[[476]],[[477]],[[478]],[[479]],[[480]],[[481]],[[482]],[[483]],[[484]],[[485]],[[486]],[[487]],[[488]],[[489]],[[490]],[[491]],[[492]],[[493]],[[494]],[[495]],[[496]],[[497]],[[498]],[[499]],[[500]],[[501]],[[502]],[[503]],[[504]],[[505]],[[506]],[[507]],[[508]],[[509]],[[510]],[[511]],[[512]],[[513]],[[514]],[[515]],[[516]],[[517]],[[518]],[[519]],[[520]],[[521]],[[522]],[[523]],[[524]],[[525]],[[526]],[[527]],[[528]],[[529]],[[530]],[[531]],[[532]],[[533]],[[534]],[[535]],[[536]],[[537]],[[538]],[[539]],[[540]],[[541]],[[542]],[[543]],[[544]],[[545]],[[546]],[[547]],[[548]],[[549]],[[550]],[[551]],[[552]],[[553]],[[554]],[[555]],[[556]],[[557]],[[558]],[[559]],[[560]],[[561]],[[562]],[[563]],[[564]],[[565]],[[566]],[[567]],[[568]],[[569]],[[570]],[[571]],[[572]],[[573]],[[574]],[[575]],[[576]],[[577]],[[578]],[[579]],[[580]],[[581]],[[582]],[[583]],[[584]],[[585]],[[586]],[[587]],[[588]],[[589]],[[590]],[[591]],[[592]],[[593]]],"type":"MultiPolygon","properties":{"NUTS_ID":"NO","LEVL_CODE":0,"CNTR_CODE":"NO","NAME_LATN":"Norge","NUTS_NAME":"Norge","MOUNT_TYPE":0,"URBN_TYPE":0,"COAST_TYPE":0,"NAME_ENGL":"Norway","NAME_FREN":"Norvège","ISO3_CODE":"NOR","SVRG_UN":"UN Member State","CAPT":"Oslo","EU_STAT":"F","EFTA_STAT":"T","CC_STAT":"F","NAME_GERM":"Norwegen"},"id":"NO"},{"arcs":[[[-312,-237,594,595]],[[596,597]],[[598]],[[599]],[[600]],[[601]],[[602]],[[603]],[[604]],[[605]],[[606]],[[607]],[[608]],[[609]],[[610]],[[611]],[[612]],[[613]],[[614]],[[615]],[[616]],[[617]],[[618]],[[619]],[[620]],[[621]],[[622]],[[623]],[[624]],[[625]],[[626]],[[627]],[[628]],[[629]],[[630]]],"type":"MultiPolygon","properties":{"NUTS_ID":"HR","LEVL_CODE":0,"CNTR_CODE":"HR","NAME_LATN":"Hrvatska","NUTS_NAME":"Hrvatska","MOUNT_TYPE":0,"URBN_TYPE":0,"COAST_TYPE":0,"NAME_ENGL":"Croatia","NAME_FREN":"Croatie","ISO3_CODE":"HRV","SVRG_UN":"UN Member State","CAPT":"Zagreb","EU_STAT":"T","EFTA_STAT":"F","CC_STAT":"F","NAME_GERM":"Kroatien"},"id":"HR"},{"arcs":[[-596,631,632,-10,-313]],"type":"Polygon","properties":{"NUTS_ID":"SI","LEVL_CODE":0,"CNTR_CODE":"SI","NAME_LATN":"Slovenija","NUTS_NAME":"Slovenija","MOUNT_TYPE":0,"URBN_TYPE":0,"COAST_TYPE":0,"NAME_ENGL":"Slovenia","NAME_FREN":"Slovénie","ISO3_CODE":"SVN","SVRG_UN":"UN Member State","CAPT":"Ljubljana","EU_STAT":"T","EFTA_STAT":"F","CC_STAT":"F","NAME_GERM":"Slowenien"},"id":"SI"},{"arcs":[[-99,633,-310,-314,-8,-239]],"type":"Polygon","properties":{"NUTS_ID":"SK","LEVL_CODE":0,"CNTR_CODE":"SK","NAME_LATN":"Slovensko","NUTS_NAME":"Slovensko","MOUNT_TYPE":0,"URBN_TYPE":0,"COAST_TYPE":0,"NAME_ENGL":"Slovakia","NAME_FREN":"Slovaquie","ISO3_CODE":"SVK","SVRG_UN":"UN Member State","CAPT":"Bratislava","EU_STAT":"T","EFTA_STAT":"F","CC_STAT":"F","NAME_GERM":"Slowakei"},"id":"SK"},{"arcs":[[[634,-411,-241]],[[635]],[[636]],[[637]],[[638]],[[639]],[[640]],[[641]],[[642]],[[643]],[[644]],[[645]],[[646]],[[647]],[[648]],[[649]],[[650]],[[651]],[[652]],[[653]],[[654]],[[655]],[[656]],[[657]],[[658]],[[659]],[[660]],[[661]],[[662]],[[663]],[[664]],[[665]],[[666]],[[667]],[[668]],[[669]],[[670]],[[671]],[[672]],[[673]],[[674]],[[675]],[[676]],[[677]],[[678]],[[679]],[[680]],[[681]],[[682]],[[683]],[[684]],[[685]],[[686]],[[687]],[[688]],[[689]],[[690]],[[691]],[[692]],[[693]],[[694]],[[695]],[[696]],[[697]]],"type":"MultiPolygon","properties":{"NUTS_ID":"SE","LEVL_CODE":0,"CNTR_CODE":"SE","NAME_LATN":"Sverige","NUTS_NAME":"Sverige","MOUNT_TYPE":0,"URBN_TYPE":0,"COAST_TYPE":0,"NAME_ENGL":"Sweden","NAME_FREN":"Suède","ISO3_CODE":"SWE","SVRG_UN":"UN Member State","CAPT":"Stockholm","EU_STAT":"T","EFTA_STAT":"F","CC_STAT":"F","NAME_GERM":"Schweden"},"id":"SE"},{"arcs":[[[698,-20,699,-64,-226,700,701,-196,702,-194,703],[-214]],[[704]],[[705]],[[706]],[[707]],[[708]],[[709]],[[710]],[[711]],[[712]],[[713]],[[714]],[[715]],[[716]],[[717]],[[718]],[[719]],[[720]],[[721]],[[722]],[[723]],[[724]],[[725]],[[726]]],"type":"MultiPolygon","properties":{"NUTS_ID":"FR","LEVL_CODE":0,"CNTR_CODE":"FR","NAME_LATN":"France","NUTS_NAME":"France","MOUNT_TYPE":0,"URBN_TYPE":0,"COAST_TYPE":0,"NAME_ENGL":"France","NAME_FREN":"France","ISO3_CODE":"FRA","SVRG_UN":"UN Member State","CAPT":"Paris","EU_STAT":"T","EFTA_STAT":"F","CC_STAT":"F","NAME_GERM":"Frankreich"},"id":"FR"},{"arcs":[[[-121,727]],[[728]],[[729]],[[730]],[[731]],[[732]],[[733]],[[734]],[[735]],[[736]]],"type":"MultiPolygon","properties":{"NUTS_ID":"IE","LEVL_CODE":0,"CNTR_CODE":"IE","NAME_LATN":"Éire/Ireland","NUTS_NAME":"Éire/Ireland","MOUNT_TYPE":0,"URBN_TYPE":0,"COAST_TYPE":0,"NAME_ENGL":"Ireland","NAME_FREN":"Irlande","ISO3_CODE":"IRL","SVRG_UN":"UN Member State","CAPT":"Dublin","EU_STAT":"T","EFTA_STAT":"F","CC_STAT":"F","NAME_GERM":"Irland"},"id":"IE"},{"arcs":[[[737]],[[738]],[[739]],[[740]],[[741]]],"type":"MultiPolygon","properties":{"NUTS_ID":"IS","LEVL_CODE":0,"CNTR_CODE":"IS","NAME_LATN":"Ísland","NUTS_NAME":"Ísland","MOUNT_TYPE":0,"URBN_TYPE":0,"COAST_TYPE":0,"NAME_ENGL":"Iceland","NAME_FREN":"Islande","ISO3_CODE":"ISL","SVRG_UN":"UN Member State","CAPT":"Reykjavík","EU_STAT":"F","EFTA_STAT":"T","CC_STAT":"F","NAME_GERM":"Island"},"id":"IS"},{"arcs":[[-13,-224]],"type":"Polygon","properties":{"NUTS_ID":"LI","LEVL_CODE":0,"CNTR_CODE":"LI","NAME_LATN":"Liechtenstein","NUTS_NAME":"Liechtenstein","MOUNT_TYPE":0,"URBN_TYPE":0,"COAST_TYPE":0,"NAME_ENGL":"Liechtenstein","NAME_FREN":"Liechtenstein","ISO3_CODE":"LIE","SVRG_UN":"UN Member State","CAPT":"Vaduz","EU_STAT":"F","EFTA_STAT":"T","CC_STAT":"F","NAME_GERM":"Liechtenstein"},"id":"LI"},{"arcs":[[742,743,-97,744,745]],"type":"Polygon","properties":{"NUTS_ID":"LT","LEVL_CODE":0,"CNTR_CODE":"LT","NAME_LATN":"Lietuva","NUTS_NAME":"Lietuva","MOUNT_TYPE":0,"URBN_TYPE":0,"COAST_TYPE":0,"NAME_ENGL":"Lithuania","NAME_FREN":"Lituanie","ISO3_CODE":"LTU","SVRG_UN":"UN Member State","CAPT":"Vilnius","EU_STAT":"T","EFTA_STAT":"F","CC_STAT":"F","NAME_GERM":"Litauen"},"id":"LT"},{"arcs":[[-65,-700,-19]],"type":"Polygon","properties":{"NUTS_ID":"LU","LEVL_CODE":0,"CNTR_CODE":"LU","NAME_LATN":"Luxembourg","NUTS_NAME":"Luxembourg","MOUNT_TYPE":0,"URBN_TYPE":0,"COAST_TYPE":0,"NAME_ENGL":"Luxembourg","NAME_FREN":"Luxembourg","ISO3_CODE":"LUX","SVRG_UN":"UN Member State","CAPT":"Luxembourg","EU_STAT":"T","EFTA_STAT":"F","CC_STAT":"F","NAME_GERM":"Luxemburg"},"id":"LU"},{"arcs":[[746,-743,-746,747,-297]],"type":"Polygon","properties":{"NUTS_ID":"LV","LEVL_CODE":0,"CNTR_CODE":"LV","NAME_LATN":"Latvija","NUTS_NAME":"Latvija","MOUNT_TYPE":0,"URBN_TYPE":0,"COAST_TYPE":0,"NAME_ENGL":"Latvia","NAME_FREN":"Lettonie","ISO3_CODE":"LVA","SVRG_UN":"UN Member State","CAPT":"Riga","EU_STAT":"T","EFTA_STAT":"F","CC_STAT":"F","NAME_GERM":"Lettland"},"id":"LV"},{"arcs":[[-235,748,-1,-6,749,-597,750]],"type":"Polygon","properties":{"NUTS_ID":"ME","LEVL_CODE":0,"CNTR_CODE":"ME","NAME_LATN":"Crna Gora","NUTS_NAME":"Црна Гора","MOUNT_TYPE":0,"URBN_TYPE":0,"COAST_TYPE":0,"NAME_ENGL":"Montenegro","NAME_FREN":"Monténégro","ISO3_CODE":"MNE","SVRG_UN":"UN Member State","CAPT":"Podgorica","EU_STAT":"F","EFTA_STAT":"F","CC_STAT":"T","NAME_GERM":"Montenegro"},"id":"ME"},{"arcs":[[-221,-318,-3,751,-233]],"type":"Polygon","properties":{"NUTS_ID":"MK","LEVL_CODE":0,"CNTR_CODE":"MK","NAME_LATN":"Severna Makedonija","NUTS_NAME":"Северна Македонија","MOUNT_TYPE":0,"URBN_TYPE":0,"COAST_TYPE":0,"NAME_ENGL":"North Macedonia","NAME_FREN":"Macédoine du Nord","ISO3_CODE":"MKD","SVRG_UN":"UN Member State","CAPT":"Skopje","EU_STAT":"F","EFTA_STAT":"F","CC_STAT":"T","NAME_GERM":"Nordmazedonien"},"id":"MK"},{"arcs":[[[-11,-633,752,-701,-225],[753],[754]],[[755]],[[756]],[[757]],[[758]],[[759]],[[760]],[[761]],[[762]],[[763]],[[764]],[[765]],[[766]],[[767]],[[768]],[[769]],[[770]],[[771]],[[772]],[[773]],[[774]],[[775]],[[776]],[[777]],[[778]],[[779]],[[780]],[[781]],[[782]],[[783]],[[784]],[[785]],[[786]]],"type":"MultiPolygon","properties":{"NUTS_ID":"IT","LEVL_CODE":0,"CNTR_CODE":"IT","NAME_LATN":"Italia","NUTS_NAME":"Italia","MOUNT_TYPE":0,"URBN_TYPE":0,"COAST_TYPE":0,"NAME_ENGL":"Italy","NAME_FREN":"Italie","ISO3_CODE":"ITA","SVRG_UN":"UN Member State","CAPT":"Rome","EU_STAT":"T","EFTA_STAT":"F","CC_STAT":"F","NAME_GERM":"Italien"},"id":"IT"}]}}}