{"type": "FeatureCollection", "name": "NUTS_RG_60M_2021_3035", "crs": {"type": "name", "properties": {"name": "urn:ogc:def:crs:EPSG::3035"}}, "features": [{"type": "Feature", "properties": {"NUTS_ID": "DK", "LEVL_CODE": 0, "CNTR_CODE": "DK", "NAME_LATN": "Danmark", "NUTS_NAME": "Danmark", "MOUNT_TYPE": 0, "URBN_TYPE": 0, "COAST_TYPE": 0, "NAME_ENGL": "Denmark", "NAME_FREN": "Danemark", "ISO3_CODE": "DNK", "SVRG_UN": "UN Member State", "CAPT": "Copenhagen", "EU_STAT": "T", "EFTA_STAT": "F", "CC_STAT": "F", "NAME_GERM": "Dänemark"}, "geometry": {"type": "MultiPolygon", "coordinates": [[[[4350873.034399999, 3805523.0441999994], [4333207.062999999, 3731189.0035999995], [4371444.760399999, 3709872.974300001], [4373684.3467999995, 3691339.0622000005], [4317589.2348, 3625126.0066], [4300374.668199999, 3623120.2839], [4310654.8440000005, 3543739.8956000004], [4296791.0067, 3530750.5178999994], [4283856.6886, 3525296.4646000005], [4274283.7929, 3523118.9946999997], [4264045.7861, 3530123.4396], [4249689.6296999995, 3532312.2336999997], [4233488.610400001, 3534838.2576], [4206730.371099999, 3607914.155200001], [4207097.7344, 3636782.6064999998], [4209646.3386, 3718056.8630999997], [4239257.802300001, 3714501.1626999993], [4252907.743799999, 3735150.0868999995], [4278366.9034, 3732415.6337], [4264070.5239, 3758783.4650999997], [4253281.521500001, 3758473.8757000007], [4242406.2972, 3736611.0679], [4218669.1138, 3749597.2256000005], [4237985.487600001, 3778485.4078], [4253632.164100001, 3780310.408399999], [4337943.0417, 3832934.8523999993], [4350873.034399999, 3805523.0441999994]]], [[[4478969.6675, 3648032.8610999994], [4483003.9076000005, 3636653.2402], [4483442.702199999, 3627096.3663999997], [4494202.343, 3619375.9897000007], [4486271.765799999, 3610440.0326000005], [4478644.9537, 3616397.9992999993], [4470058.706900001, 3612362.066400001], [4461580.009400001, 3593304.3318000007], [4466903.742799999, 3569192.7401], [4447265.077199999, 3510327.7759000007], [4409463.0046999995, 3523907.976399999], [4415598.7502999995, 3550646.374399999], [4398888.3050999995, 3579315.2716000006], [4398650.158600001, 3616062.6950000003], [4416603.817, 3640365.8100000005], [4442809.4101, 3636989.2061], [4454857.100199999, 3667685.5846999995], [4477924.5309, 3664114.4546000008], [4478969.6675, 3648032.8610999994]]], [[[4377517.6185, 3548323.9846], [4372610.7994, 3530144.287900001], [4348493.1647, 3530953.34], [4340720.056500001, 3530913.743899999], [4306133.109300001, 3584922.9717999995], [4323871.3697999995, 3607135.3202], [4364880.111199999, 3604560.9712000005], [4377517.6185, 3548323.9846]]], [[[4650436.6755, 3566064.9552999996], [4646834.236400001, 3554928.2983999997], [4637471.761700001, 3554821.074100001], [4620473.755100001, 3568132.855900001], [4624296.5853, 3584535.6273999996], [4635779.866599999, 3578896.6063], [4650436.6755, 3566064.9552999996]]]]}}, {"type": "Feature", "properties": {"NUTS_ID": "RS", "LEVL_CODE": 0, "CNTR_CODE": "RS", "NAME_LATN": "Serbia", "NUTS_NAME": "Srbija/Сpбија", "MOUNT_TYPE": 0, "URBN_TYPE": 0, "COAST_TYPE": 0, "NAME_ENGL": "Serbia", "NAME_FREN": "Serbie", "ISO3_CODE": "SRB", "SVRG_UN": "UN Member State", "CAPT": "Belgrade", "EU_STAT": "F", "EFTA_STAT": "F", "CC_STAT": "T", "NAME_GERM": "Serbien"}, "geometry": {"type": "MultiPolygon", "coordinates": [[[[5220467.4044, 2522847.3762999997], [5217048.233999999, 2480557.5320999995], [5271841.4077, 2464554.9574999996], [5272190.4103, 2464260.9650999997], [5309847.146500001, 2471925.0744000003], [5330611.946599999, 2430822.4794999994], [5322636.3971, 2410288.7277000006], [5317492.5178, 2376326.8265000004], [5344289.3862, 2341572.718800001], [5351004.2761, 2340906.9679000005], [5375157.8499, 2323275.2777999993], [5359818.047800001, 2286468.8461000007], [5341408.2982, 2280944.8636000007], [5336280.7314, 2275236.1873000003], [5340814.5933, 2256088.8045000006], [5338319.639799999, 2217739.3945000004], [5276030.969699999, 2202300.501599999], [5277999.6954, 2217207.2006], [5282575.4122, 2252504.2894], [5269237.211300001, 2252081.4225999992], [5254073.8344, 2267297.9202999994], [5208552.1359, 2291175.2666999996], [5198294.206, 2303847.0112999994], [5166993.0154, 2250206.426000001], [5141136.5436, 2266081.0558], [5066457.268100001, 2314658.2445], [5085287.898600001, 2329284.5242999997], [5080833.128900001, 2380379.4864000008], [5048464.5754, 2412450.329500001], [5058853.6995, 2465999.955499999], [5033462.4998, 2459084.4516000003], [5039110.455499999, 2489241.2667999994], [5060947.4131000005, 2497458.0582999997], [5031555.451400001, 2513131.0206000004], [5024761.136399999, 2522836.0852000006], [5026320.3224, 2528866.5682999995], [5009623.0449, 2575455.7397000007], [5040491.776900001, 2587133.3753999993], [5068153.706700001, 2612699.3713000007], [5081487.072000001, 2610251.4306000005], [5102473.9651, 2611270.4463], [5112369.7859000005, 2611777.776900001], [5147917.9965, 2579517.2293], [5182474.6197, 2531852.3934000004], [5220467.4044, 2522847.3762999997]]]]}}, {"type": "Feature", "properties": {"NUTS_ID": "EE", "LEVL_CODE": 0, "CNTR_CODE": "EE", "NAME_LATN": "Eesti", "NUTS_NAME": "Eesti", "MOUNT_TYPE": 0, "URBN_TYPE": 0, "COAST_TYPE": 0, "NAME_ENGL": "Estonia", "NAME_FREN": "Estonie", "ISO3_CODE": "EST", "SVRG_UN": "UN Member State", "CAPT": "Tallinn", "EU_STAT": "T", "EFTA_STAT": "F", "CC_STAT": "F", "NAME_GERM": "Estland"}, "geometry": {"type": "MultiPolygon", "coordinates": [[[[5314985.396600001, 4087160.6611], [5354049.6872000005, 4004104.4673999995], [5350178.1391, 3949790.8620999996], [5297161.5155, 3941153.178099999], [5203368.3127, 3975554.1010999996], [5192747.907199999, 3965598.4433999993], [5167149.6851, 3949298.7948000003], [5166521.9147, 3996787.3203], [5135024.3961, 3990002.0045], [5103396.3761, 4016847.963300001], [5090939.0001, 4077902.9847999997], [5100683.6543000005, 4090791.899599999], [5209290.378799999, 4151086.2525999993], [5218019.812100001, 4159433.3910000008], [5262087.088099999, 4156077.8782], [5333199.4778, 4170603.0385999996], [5340949.349300001, 4159054.2250999995], [5314985.396600001, 4087160.6611]]], [[[5068119.089500001, 4043693.0704999994], [5066259.089, 4016324.7841999996], [5083634.980599999, 4020511.189099999], [5085144.2182, 4000835.0855], [5053057.351399999, 3958959.251700001], [5030958.016899999, 3957907.4825999998], [5013912.3079, 3983248.717599999], [5041779.7689, 4011076.019200001], [5041689.998400001, 4058791.4165000003], [5068119.089500001, 4043693.0704999994]]]]}}, {"type": "Feature", "properties": {"NUTS_ID": "EL", "LEVL_CODE": 0, "CNTR_CODE": "EL", "NAME_LATN": "Elláda", "NUTS_NAME": "Ελλάδα", "MOUNT_TYPE": 0, "URBN_TYPE": 0, "COAST_TYPE": 0, "NAME_ENGL": "Greece", "NAME_FREN": "Grèce", "ISO3_CODE": "GRC", "SVRG_UN": "UN Member State", "CAPT": "Athens", "EU_STAT": "T", "EFTA_STAT": "F", "CC_STAT": "F", "NAME_GERM": "Griechenland"}, "geometry": {"type": "MultiPolygon", "coordinates": [[[[5701097.2457, 2187851.018100001], [5670221.351600001, 2102712.0823], [5634310.3353, 2110075.8584000003], [5590944.570699999, 2115570.1479], [5566630.600199999, 2095682.0326000005], [5560640.107100001, 2071343.7489999998], [5540871.343599999, 2095944.5902999993], [5489625.8429000005, 2071907.8979000002], [5481466.686799999, 2068049.8540000003], [5483052.7173999995, 2054451.792199999], [5480097.476199999, 2017692.3747000005], [5452305.4746, 2001760.4974000007], [5425133.287799999, 2012115.6253999993], [5395086.4066, 2027025.0923999995], [5394171.957800001, 2022669.8443], [5390661.6076, 1986515.9552999996], [5402932.342499999, 1966143.8368999995], [5430523.069700001, 1929120.9557000007], [5449489.624299999, 1907782.0150000006], [5445167.0264, 1861251.9126999993], [5433921.3454, 1841242.9146999996], [5488622.6417, 1818401.6473999992], [5496223.673699999, 1816735.1371], [5494944.154100001, 1845211.9987000003], [5547411.9738, 1825535.5769999996], [5543952.2491, 1811812.3091000002], [5515659.935900001, 1803758.7913000006], [5518880.299900001, 1803023.7859000005], [5546711.625499999, 1796329.797700001], [5548723.390699999, 1780525.0990999993], [5560887.1426, 1739450.0757], [5532122.3838, 1750830.4309], [5524357.137399999, 1759294.6012999993], [5516523.0362, 1766108.5681999996], [5504508.3561, 1764939.6818000004], [5481334.7018, 1752736.3058000002], [5479887.361500001, 1727657.3498999998], [5488661.635600001, 1713641.9921000004], [5499344.443600001, 1717587.9474999998], [5496202.7094, 1734035.0392000005], [5506720.504000001, 1735910.0851000007], [5510477.2908, 1702305.6491], [5458096.4253, 1692110.0995000005], [5479065.861500001, 1651168.1980000008], [5483653.093800001, 1616536.2424999997], [5432890.740700001, 1606388.3160999995], [5401914.7831, 1625018.6117000002], [5379499.9899, 1607846.9337000009], [5359181.243899999, 1668489.8117999993], [5339112.4704, 1689275.7656999994], [5310699.7477, 1715305.9655000009], [5319574.675100001, 1743336.3945000004], [5361529.785499999, 1770216.7983], [5407983.1646, 1761674.1608000007], [5474074.188100001, 1763692.4251000006], [5472996.0616999995, 1775580.6459999997], [5452024.061000001, 1777729.4662999995], [5424908.373299999, 1788694.0699000005], [5376409.9658, 1784530.4707999993], [5359044.2345, 1779807.2290000003], [5303207.014599999, 1769045.954], [5258026.5918000005, 1819145.4718999993], [5284757.238500001, 1843547.8577999994], [5249807.678200001, 1838938.2514999993], [5227286.7963, 1860859.8632999994], [5181589.9125, 1901158.5284000002], [5204901.861400001, 1917791.1150000002], [5212814.773399999, 1916169.5964000002], [5209461.178400001, 1937386.5007000007], [5227594.233899999, 1950737.2138999999], [5237775.048, 1982254.042199999], [5257241.4647, 2015037.9755000006], [5247352.797800001, 2040320.5046999995], [5313654.692500001, 2058838.0856999997], [5322792.8606, 2079259.303200001], [5345487.9179, 2090787.7475000005], [5355938.123199999, 2086869.9175000004], [5397537.215500001, 2118650.8937999997], [5401576.043400001, 2119111.646400001], [5444429.4277, 2133891.873299999], [5458423.3883, 2133421.0621000007], [5491533.976, 2156084.1009], [5526578.855699999, 2165242.6676000003], [5554204.395199999, 2149956.8691000007], [5587712.9121, 2151062.0305000003], [5592371.229800001, 2146859.8309000004], [5647445.114700001, 2163286.583799999], [5650629.5156, 2165419.6841], [5675518.538699999, 2215228.6450999994], [5701097.2457, 2187851.018100001]]], [[[5603984.553099999, 1506606.0384999998], [5627380.4724, 1488246.1392], [5681341.6688, 1504584.7500999998], [5733951.1581, 1502941.8564999998], [5800944.6372, 1502612.3627000004], [5795153.4702, 1485787.0631000008], [5745263.3618, 1470711.8471000008], [5684918.1402, 1454670.8866000008], [5668625.7005, 1466862.6846999992], [5627846.1983, 1468433.8955000006], [5568031.401699999, 1465583.5606999993], [5558465.102299999, 1476240.9978999998], [5564777.3116999995, 1492092.4362000003], [5603984.553099999, 1506606.0384999998]]], [[[5817736.591399999, 1795305.8165000007], [5796628.9953000005, 1758860.9825], [5759899.293400001, 1755539.0074000005], [5752923.568600001, 1769871.7643], [5787230.3957, 1775004.8584000003], [5780020.5847, 1792273.1241999995], [5802591.759, 1805812.1537999995], [5817736.591399999, 1795305.8165000007]]], [[[5729877.473999999, 1958321.7645999994], [5741415.597100001, 1940614.0650999993], [5740733.627699999, 1920089.1881000008], [5717913.676100001, 1918179.4649999999], [5714084.887399999, 1937830.6411000006], [5703902.919500001, 1925096.2356000002], [5687318.227, 1933625.5913999993], [5690806.4662999995, 1942674.3374000005], [5729877.473999999, 1958321.7645999994]]], [[[5946891.7075, 1642817.5252], [5932149.2906, 1617118.491800001], [5919815.3358, 1614900.1971000005], [5913571.826099999, 1634881.4153000005], [5910780.805299999, 1650777.0578000005], [5942014.6862, 1672627.1912999991], [5946891.7075, 1642817.5252]]], [[[5708788.4877, 1703805.8980999999], [5716323.6218, 1677819.7608000003], [5699205.5660999995, 1671425.5691], [5689132.933800001, 1687843.7666999996], [5674013.6588, 1672224.3110000007], [5660024.396500001, 1679252.6566000003], [5666955.0392, 1699891.5505], [5708788.4877, 1703805.8980999999]]], [[[5731824.4761, 1842012.1499000005], [5722775.071900001, 1822222.2951999996], [5712641.8058, 1830970.5890999995], [5716012.013699999, 1847459.0341999996], [5699492.555600001, 1861229.4570000004], [5712725.7557, 1870825.0226000007], [5727390.174699999, 1868251.9688000008], [5731824.4761, 1842012.1499000005]]], [[[5258660.9311, 1773480.3758000005], [5264108.173, 1730538.6608000007], [5233554.767200001, 1743038.7163999993], [5242977.3235, 1768759.1612999998], [5258660.9311, 1773480.3758000005]]], [[[5601404.4120000005, 1793565.6872000005], [5588763.4355999995, 1767928.6425], [5558149.3289, 1782727.071799999], [5567322.918099999, 1795252.6281000003], [5601404.4120000005, 1793565.6872000005]]], [[[5504351.2995, 1579441.9023000002], [5502336.134, 1541086.0144999996], [5482692.837099999, 1550478.8971999995], [5477582.356000001, 1574866.2567999996], [5504351.2995, 1579441.9023000002]]], [[[5722954.047700001, 1624871.9974000007], [5716150.8474, 1602801.8672000002], [5685436.114499999, 1622599.171], [5704892.5781, 1640638.451199999], [5722954.047700001, 1624871.9974000007]]], [[[5289612.4136, 1699541.8509999998], [5283990.0932, 1683127.7699999996], [5253063.6719, 1703314.9655000009], [5262293.317299999, 1724216.6636999995], [5289612.4136, 1699541.8509999998]]], [[[5514373.6293, 2008579.4782999996], [5521544.3221, 1982032.4498999994], [5497392.308700001, 1981816.5790999997], [5485349.1866, 2006014.1938000005], [5514373.6293, 2008579.4782999996]]], [[[5646438.3958, 1779321.4252000004], [5643831.2917, 1751145.3238999993], [5612028.0198, 1767653.6240999997], [5626905.360400001, 1786613.9700000007], [5646438.3958, 1779321.4252000004]]], [[[5653962.3992, 2058109.0407999996], [5635578.188200001, 2045419.2513999995], [5624704.3827, 2060109.5452999994], [5629116.105699999, 2079459.8310000002], [5648199.0758, 2078564.5686000008], [5653962.3992, 2058109.0407999996]]], [[[5541784.9802, 1880285.7616000008], [5525805.286, 1866516.9623000007], [5513241.486099999, 1887784.0009000003], [5538367.2379, 1912122.363], [5541784.9802, 1880285.7616000008]]], [[[5267790.2476, 1797657.0474999994], [5238463.1503, 1778735.9779000003], [5241114.153899999, 1811624.4656000007], [5253416.0068, 1823473.7929999996], [5267790.2476, 1797657.0474999994]]], [[[5172421.250499999, 1885689.7709999997], [5159430.5506, 1883575.6532000005], [5140740.5604, 1905524.2643999998], [5160423.398, 1916810.867900001], [5173006.816500001, 1910015.6778999995], [5172421.250499999, 1885689.7709999997]]], [[[5620094.5644000005, 2016374.3902000003], [5628488.1315, 1983296.258199999], [5601725.396500001, 1984453.0381000005], [5597466.890000001, 2004466.1295999996], [5620094.5644000005, 2016374.3902000003]]], [[[5323297.738299999, 1642763.6962000001], [5297380.2486000005, 1628416.6203000005], [5280022.8213, 1641772.2781000007], [5311961.9156, 1661821.927100001], [5323297.738299999, 1642763.6962000001]]]]}}, {"type": "Feature", "properties": {"NUTS_ID": "ES", "LEVL_CODE": 0, "CNTR_CODE": "ES", "NAME_LATN": "España", "NUTS_NAME": "España", "MOUNT_TYPE": 0, "URBN_TYPE": 0, "COAST_TYPE": 0, "NAME_ENGL": "Spain", "NAME_FREN": "Espagne", "ISO3_CODE": "ESP", "SVRG_UN": "UN Member State", "CAPT": "Madrid", "EU_STAT": "T", "EFTA_STAT": "F", "CC_STAT": "F", "NAME_GERM": "Spanien"}, "geometry": {"type": "MultiPolygon", "coordinates": [[[[2912845.0681, 2451346.838199999], [2954461.5582999997, 2426794.9991999995], [3048810.573999999, 2413341.8238999993], [3150432.1084000003, 2367561.8840999994], [3241371.8056000005, 2352092.7432000004], [3257969.7192, 2342918.488500001], [3288670.385500001, 2346255.619999999], [3313142.3012000006, 2331293.032299999], [3340071.2053999994, 2326830.8924000002], [3358653.794399999, 2325035.2841999996], [3367335.8532, 2324216.1876], [3368407.7152999993, 2322270.5248000007], [3371028.6866999995, 2317520.1096], [3393705.6569999997, 2309700.1274999995], [3446154.712200001, 2264004.4198000003], [3478445.4934, 2251519.461100001], [3540709.943499999, 2226544.1711], [3555449.739, 2223671.0808000006], [3563128.5130000003, 2229190.7112000007], [3573288.5988999996, 2236521.7369], [3610160.1626999993, 2218084.5045999996], [3618228.6633, 2206417.9881999996], [3621045.8857000005, 2191586.128900001], [3640254.1414, 2192873.1951], [3640544.7918999996, 2191503.195699999], [3758412.626, 2173293.2490999997], [3745684.4419, 2120436.249500001], [3718113.155200001, 2089575.7193999998], [3618795.3077000007, 2049423.9584], [3556316.2591999993, 2032334.2839000002], [3538321.442500001, 2011972.7665999997], [3515777.0196, 1986674.8182999995], [3445577.7430000007, 1906510.609099999], [3431717.7398000006, 1869960.1678999998], [3447420.7983999997, 1813123.3479999993], [3460823.1437, 1791282.0977999996], [3406426.3587999996, 1762027.7755999994], [3370291.3166000005, 1707909.2694000006], [3287208.5506999996, 1667564.6730000004], [3270542.1349, 1648420.2855999991], [3259019.3167000003, 1635251.5614999998], [3236982.2836000007, 1610217.8969], [3175488.4696999993, 1617310.9110000003], [3144922.6086, 1621046.3414999992], [3123117.7705000006, 1624308.2484000009], [3087263.7814000007, 1629828.3533999994], [3033301.7106, 1635460.8302999996], [2948813.8093, 1608501.5980999991], [2938041.8399, 1592776.9705999997], [2936959.989499999, 1593056.5219], [2935429.5359000005, 1593682.6921999995], [2930860.5483, 1595972.1827000007], [2927031.2744999994, 1585948.0746], [2912633.832699999, 1582546.5112999994], [2896409.0803999994, 1593439.6593999993], [2888152.7097999994, 1605791.4318000004], [2877072.045600001, 1609936.5909000002], [2853957.317, 1668880.8277000003], [2853475.7518000007, 1676543.7486000005], [2862160.9350000005, 1681571.7458999995], [2817387.2651000004, 1732249.2284999993], [2777974.267000001, 1743031.7994], [2776212.4310999997, 1783297.5351], [2785763.5819000006, 1800101.8616000004], [2841367.7413999997, 1845643.4425000008], [2825810.8137, 1846890.8708999995], [2817367.6576000005, 1878991.0332999993], [2830219.0867999997, 1909755.1043999996], [2851525.2676, 1934571.5063000005], [2839691.3215999994, 1967475.0245999992], [2822316.5429, 2015259.6797000002], [2868562.2829, 2012858.7808999997], [2885229.647399999, 2068270.8232000005], [2892686.5370000005, 2068076.5185000002], [2903686.877800001, 2094913.7258000001], [2904457.601, 2151677.7938], [2928114.7364000008, 2166294.6163], [2947304.8771, 2172124.7914000005], [2968508.660700001, 2201289.1238], [2947976.512700001, 2240662.4060999993], [2921462.8126999997, 2255028.6382999998], [2901984.571900001, 2249097.1273999996], [2831796.0873000007, 2259162.0669], [2822605.4909000006, 2261163.0436000004], [2828168.7161, 2298249.038899999], [2767741.0801, 2281168.122199999], [2785736.7751, 2329544.0899], [2799517.0140000004, 2366660.8057000004], [2779356.7490999997, 2365202.441400001], [2768931.5584999993, 2408013.3790000007], [2777570.198999999, 2417446.5478000008], [2793854.0087, 2435304.5789], [2823820.7687, 2434649.0449], [2849078.9859999996, 2434213.8176000006], [2906664.9859999996, 2459935.7007999998], [2912845.0681, 2451346.838199999]]], [[[3722706.4079, 1898039.2884999998], [3731040.7194999997, 1879794.6481999997], [3748220.9123, 1879825.1542000007], [3756255.0975, 1864875.0741000008], [3734530.7139, 1834377.9974000007], [3718504.1807000004, 1825568.6118], [3697085.4814, 1838182.2444000002], [3685691.3013000004, 1861505.6067999993], [3675220.1215000004, 1850663.7595000006], [3666499.883300001, 1865968.3651], [3700964.147399999, 1891478.3967000004], [3722706.4079, 1898039.2884999998]]], [[[1723459.5716999993, 1019578.6360999998], [1692639.6500000004, 1014039.2190000005], [1682399.5919000003, 1057541.9925999995], [1722227.0427, 1051010.103599999], [1746193.5901999995, 1061236.0130000003], [1753729.6879999992, 1052902.023], [1723459.5716999993, 1019578.6360999998]]], [[[1814438.5451999996, 953782.2973999996], [1789087.0903999992, 947345.0979999993], [1772632.1963, 981875.4482000005], [1791896.8366, 997296.1522000004], [1818872.7493999992, 987496.432], [1814438.5451999996, 953782.2973999996]]], [[[1964513.9485, 948550.5579000004], [1931568.7359999996, 955532.3500999995], [1961995.0271000005, 993182.7197999991], [1982538.2741, 1007561.6933999993], [1984500.1623999998, 985518.6319999993], [1964513.9485, 948550.5579000004]]], [[[1612654.2448999994, 1105484.8818999995], [1597702.3212000001, 1104943.7704000007], [1592112.5534000006, 1142120.8642999995], [1620686.2434, 1140531.5742000006], [1612654.2448999994, 1105484.8818999995]]], [[[2029313.1416999996, 1016347.2753999997], [1991218.946799999, 1011806.3322999999], [1986069.0188999996, 1022690.4092999995], [1990694.7049000002, 1032248.4496], [2031136.8760000002, 1033415.6938000005], [2029313.1416999996, 1016347.2753999997]]], [[[1585170.5584999993, 1035473.9146999996], [1559760.7599, 1011300.0434000008], [1537515.9993999992, 1036397.8071999997], [1580979.5755000003, 1044201.2429000009], [1585170.5584999993, 1035473.9146999996]]], [[[3588739.0264, 1813043.897500001], [3569606.5536, 1788720.7510000002], [3548589.0701, 1799185.7504999992], [3560772.0286, 1820484.6421000008], [3588739.0264, 1813043.897500001]]], [[[3838965.128900001, 1880982.3159999996], [3821291.6811999995, 1875259.8915], [3798550.3234, 1899270.0248000007], [3820936.3209000006, 1909529.2749000005], [3838965.128900001, 1880982.3159999996]]], [[[1666965.2700999994, 1031551.4308000002], [1639470.9330000002, 1026624.7515999991], [1626955.9088000003, 1047081.8443999998], [1647278.3397000004, 1063146.1845999993], [1666965.2700999994, 1031551.4308000002]]], [[[2932473.420600001, 1566453.7273999993], [2933352.5614, 1564854.4441999998], [2934436.8531, 1565167.7334000003], [2935189.394200001, 1563888.6918000001], [2936389.9119000006, 1564074.5416], [2936893.6021, 1564789.0945999995], [2937874.6883000005, 1565146.3714000005], [2938533.3062999994, 1564338.2774999999], [2938365.7852, 1563875.1765], [2937579.1917000003, 1563525.7830999997], [2935840.2689999994, 1563195.9510999992], [2934673.1421000008, 1563595.8603000008], [2933781.5253999997, 1562986.5468000006], [2932889.942, 1563031.8134000003], [2932255.162799999, 1562345.8067000005], [2929629.6896, 1567615.6918000001], [2930066.1142999995, 1567858.0932999998], [2931211.384400001, 1567705.1435000002], [2932473.420600001, 1566453.7273999993]]], [[[3138029.0790999997, 1458217.8237999994], [3138377.2391, 1457596.9024999999], [3135234.5297, 1459882.0632000007], [3137230.7940999996, 1462498.6922999993], [3137738.7519000005, 1461778.8937], [3137650.3462000005, 1461082.0842000004], [3138659.9242000002, 1459316.1362999994], [3138269.2108999994, 1459153.958900001], [3138029.0790999997, 1458217.8237999994]]]]}}, {"type": "Feature", "properties": {"NUTS_ID": "FI", "LEVL_CODE": 0, "CNTR_CODE": "FI", "NAME_LATN": "Suomi/Finland", "NUTS_NAME": "Suomi/Finland", "MOUNT_TYPE": 0, "URBN_TYPE": 0, "COAST_TYPE": 0, "NAME_ENGL": "Finland", "NAME_FREN": "Finlande", "ISO3_CODE": "FIN", "SVRG_UN": "UN Member State", "CAPT": "Helsinki", "EU_STAT": "T", "EFTA_STAT": "F", "CC_STAT": "F", "NAME_GERM": "Finnland"}, "geometry": {"type": "MultiPolygon", "coordinates": [[[[5072809.138800001, 5205674.012399999], [5073953.327199999, 5144644.1348], [5089249.3467999995, 5117360.5407], [5102408.6712, 5111127.675100001], [5162417.305299999, 5069947.8796], [5150352.6445, 4990509.077], [5179392.876800001, 4947691.8651], [5187963.2129999995, 4936693.889], [5232501.782500001, 4872869.5013], [5227537.041200001, 4839633.0667], [5244975.466499999, 4776304.910700001], [5266351.009099999, 4762868.237500001], [5273600.8697, 4742689.323000001], [5277738.1303, 4731171.742000001], [5306798.164799999, 4707264.389699999], [5307643.1349, 4671756.4691], [5296286.373299999, 4657446.260399999], [5368495.0458, 4621133.819499999], [5400404.300799999, 4588601.680299999], [5398603.942600001, 4540274.9559], [5368677.9329, 4456900.7027], [5295069.118799999, 4299085.5338], [5288693.066400001, 4283533.598099999], [5273756.7454, 4265294.494000001], [5235584.481799999, 4253987.700099999], [5218623.9695999995, 4259109.271199999], [5072006.100400001, 4157718.8603000008], [5046107.8858, 4154066.092], [5041165.411, 4175348.3124], [5018494.7948, 4156322.9853000008], [4995850.579500001, 4183128.9558000006], [4951957.2597, 4163052.7992000002], [4928832.2377, 4235378.977600001], [4936923.693700001, 4266002.3083999995], [4936631.214199999, 4321581.8928], [4914878.0491, 4364837.4351], [4889603.577, 4446256.645300001], [4885968.065099999, 4486648.1655], [4960842.423900001, 4587133.144400001], [4985007.287599999, 4614223.249299999], [5005513.895300001, 4674929.630000001], [5012198.095899999, 4702483.2796], [5003689.2258, 4735026.387800001], [5015892.637, 4739799.261299999], [5026115.522500001, 4715435.056299999], [5040402.866800001, 4727558.8904], [5015509.8336, 4795585.6214000005], [4994333.1877999995, 4799920.049000001], [4967895.5929000005, 4811191.227299999], [4939457.887, 4857278.8039], [4929425.7168000005, 4919018.998299999], [4882630.9618999995, 5043779.6998], [4744757.5046, 5136005.0243], [4760596.4999, 5158082.832699999], [4770072.6545, 5167675.498199999], [4781583.823799999, 5166481.751], [4786541.835899999, 5162420.5875], [4801469.590500001, 5146847.401900001], [4853855.835899999, 5111817.7235], [4889483.3258, 5130749.9980999995], [4932226.6894000005, 5124378.9022], [4948346.343599999, 5164461.637800001], [4943807.892000001, 5250194.7501], [4996322.788799999, 5301735.9025], [5064258.8256, 5266231.4595], [5072809.138800001, 5205674.012399999]]], [[[4906991.8747000005, 4154328.9218000006], [4885222.891100001, 4144299.7602999993], [4849742.4968, 4160483.1746999994], [4852846.601299999, 4171726.2469999995], [4880171.5502, 4177511.1174999997], [4895042.2908, 4177026.4817999993], [4906991.8747000005, 4154328.9218000006]]], [[[5001266.190300001, 4135605.8715000004], [4991593.5600000005, 4121921.4332999997], [4983243.0832, 4137834.6878999993], [4976174.6581999995, 4151378.9044000003], [4992663.9954, 4157357.0139000006], [5001266.190300001, 4135605.8715000004]]], [[[4930820.4868, 4199582.882300001], [4931862.395199999, 4177670.5063000005], [4912180.695800001, 4177878.5001999997], [4916772.704299999, 4207999.920399999], [4930820.4868, 4199582.882300001]]]]}}, {"type": "Feature", "properties": {"NUTS_ID": "FR", "LEVL_CODE": 0, "CNTR_CODE": "FR", "NAME_LATN": "France", "NUTS_NAME": "France", "MOUNT_TYPE": 0, "URBN_TYPE": 0, "COAST_TYPE": 0, "NAME_ENGL": "France", "NAME_FREN": "France", "ISO3_CODE": "FRA", "SVRG_UN": "UN Member State", "CAPT": "Paris", "EU_STAT": "T", "EFTA_STAT": "F", "CC_STAT": "F", "NAME_GERM": "Frankreich"}, "geometry": {"type": "MultiPolygon", "coordinates": [[[[3817784.9420999996, 3090853.9849999994], [3818208.9650999997, 3090203.6359], [3819380.580499999, 3090402.751], [3820232.0768999998, 3088929.274599999], [3820865.0940000005, 3089001.2928], [3821127.0906000007, 3089941.3904], [3821872.7488, 3089834.652899999], [3822511.539000001, 3090764.4552999996], [3822702.193499999, 3092377.1894000005], [3823205.976399999, 3092752.3683], [3823719.6410000008, 3092926.2487000003], [3823373.370100001, 3093872.069700001], [3823576.295499999, 3094429.0299999993], [3824816.5967999995, 3095157.707699999], [3825314.076199999, 3094776.3259999994], [3825882.0142, 3094749.912900001], [3826732.1295, 3095446.3819999993], [3828413.9506, 3096281.0318], [3828830.3148999996, 3096701.8082], [3829124.514799999, 3097051.1959000006], [3829391.7752, 3097020.708799999], [3835046.9453999996, 3097095.6535], [3844678.012599999, 3088813.8804], [3853161.5405, 3069289.1185], [3868536.232000001, 3061788.467599999], [3871119.5032, 3058361.0966], [3876165.7367000002, 3046342.8936], [3896518.9996000007, 3044671.3225], [3901203.5385999996, 3001917.1602], [3907618.9147999994, 2999071.3099000007], [3921742.4297, 2996168.7018], [3949129.2158000004, 3017066.643100001], [3959123.5232999995, 2977871.6417999994], [3971752.4340000004, 2967666.1932999995], [3988312.6208999995, 2955361.1799], [3993083.8806999996, 2941704.5809000004], [4012456.508300001, 2945942.9268999994], [4018497.2259, 2945664.4036], [4023633.5628999993, 2939874.9432999995], [4057753.9418, 2935021.0808000006], [4071243.3954000007, 2928770.9639], [4082335.1054, 2905956.7978000008], [4109552.371200001, 2897821.1248000003], [4121360.4156, 2894898.5023], [4129088.6479, 2897694.362400001], [4148169.9397, 2885085.8198000006], [4168238.4449000005, 2883501.2454000004], [4179638.1773000006, 2878090.5392000005], [4191568.4299, 2874149.0747999996], [4170832.9875000007, 2847105.0318], [4148737.4970999993, 2796455.1335000005], [4140622.8365, 2781605.5660999995], [4140555.6732, 2780969.7829], [4140149.0461, 2758618.4416000005], [4136889.5688000005, 2739716.5875000004], [4139577.4244, 2722539.9049999993], [4136938.8966000006, 2719812.1586000007], [4133383.940300001, 2713039.7738000005], [4123319.4144, 2705527.9356999993], [4104716.988399999, 2714128.7832999993], [4090009.1479, 2707007.728700001], [4082697.7651000004, 2677681.3720999993], [4082827.792300001, 2677478.4815999996], [4051112.1227, 2643952.642999999], [4024713.6202000007, 2612631.9044000003], [4018233.3856000006, 2597241.8249999993], [4022416.092599999, 2586011.9647000004], [4008290.6635999996, 2566176.7631], [4025672.9941000007, 2570762.0755000003], [4031470.0842000004, 2588477.0012999997], [4048975.1100999992, 2597449.4472000003], [4076472.880999999, 2595665.6992000006], [4091539.9584999997, 2538951.4132000003], [4072064.4948999994, 2523773.4279999994], [4094309.3320000004, 2488413.1999999993], [4095551.4164000005, 2465999.3100000005], [4055455.9967, 2450215.5264], [4088123.4881999996, 2404818.9069], [4078566.3036, 2398682.6088999994], [4072437.7837000005, 2366359.4788000006], [4137476.9604, 2330752.1697000004], [4121719.5385, 2300472.5979999993], [4114290.4915999994, 2296841.2978000008], [4114147.2435, 2297136.0012999997], [4112108.3661, 2295115.3287000004], [4111882.3718999997, 2294742.4174000006], [4112225.4616, 2294422.3629], [4072166.411800001, 2268612.8674999997], [4032631.8049999997, 2234461.5803999994], [3968344.3807999995, 2240334.946900001], [3853357.737400001, 2279282.4799000006], [3843684.6764, 2290546.8387], [3798359.9470000006, 2270509.5507999994], [3785157.6610000003, 2264759.6624999996], [3771048.433, 2258657.5887], [3751465.3564, 2218747.8960999995], [3750769.3911000006, 2202240.7512], [3758412.626, 2173293.2490999997], [3640544.7918999996, 2191503.195699999], [3640254.1414, 2192873.1951], [3645972.8148, 2199964.7068000007], [3618228.6633, 2206417.9881999996], [3610160.1626999993, 2218084.5045999996], [3573288.5988999996, 2236521.7369], [3563128.5130000003, 2229190.7112000007], [3555449.739, 2223671.0808000006], [3540709.943499999, 2226544.1711], [3478445.4934, 2251519.461100001], [3446154.712200001, 2264004.4198000003], [3393705.6569999997, 2309700.1274999995], [3371028.6866999995, 2317520.1096], [3368407.7152999993, 2322270.5248000007], [3367335.8532, 2324216.1876], [3391140.7709, 2340602.364499999], [3427515.4086000007, 2440388.0063000005], [3451405.1644, 2543018.3781000003], [3482989.9301999994, 2528820.6995], [3457113.9517, 2585136.346000001], [3464111.6295, 2643534.1921999995], [3420152.1384999994, 2673330.4977], [3414050.9527000003, 2687679.066299999], [3407138.6264999993, 2704063.3279999997], [3414068.5150000006, 2730767.9806999993], [3385828.4147999994, 2782799.1964999996], [3363646.7588, 2799697.4349000007], [3338781.8299000002, 2790544.7408000007], [3323013.6382, 2823439.8303999994], [3314789.6072000004, 2840825.3693000004], [3256614.5375999995, 2855614.9738], [3259545.8423999995, 2886464.0923999995], [3243119.5627999995, 2916492.9441], [3264231.5483, 2938073.443], [3320985.1766999997, 2931509.0515], [3343000.508300001, 2935486.1711], [3362406.0352999996, 2939072.3869000003], [3382724.117799999, 2911833.1833999995], [3442783.7885999996, 2896432.291099999], [3471713.9855000004, 2901644.076199999], [3473345.5108000003, 3001726.1877999995], [3500005.7974999994, 3008007.1742000002], [3515982.0009000003, 2973170.9476999994], [3619366.6592999995, 2970507.3045000006], [3644488.9839999992, 2968707.3280999996], [3648739.0617999993, 2975371.7832999993], [3652782.7069000006, 2976094.3311], [3652817.7008999996, 2976375.3478999995], [3652852.695800001, 2976656.3649000004], [3608006.2128999997, 2984295.780200001], [3621889.076300001, 3003960.126599999], [3657641.5549999997, 3015040.5424000006], [3705361.3970999997, 3030981.6422000006], [3727768.7654999997, 3060350.0757], [3726112.350400001, 3087332.4086000007], [3734384.2558999993, 3117049.5149000008], [3765498.250600001, 3129649.2190000005], [3799789.3935000002, 3135288.8575], [3802065.476500001, 3115282.907400001], [3817784.9420999996, 3090853.9849999994]]], [[[-2633205.8843, 585669.2791000009], [-2687025.0462999996, 585897.4741999991], [-2751314.568, 661506.3747000005], [-2796196.0107000005, 684584.8662999999], [-2823672.4431, 738972.6840000004], [-2789907.2282999996, 742232.3933000006], [-2721769.1217, 811308.0453999992], [-2721122.7128999997, 929894.6364999991], [-2671225.8876, 1001491.2862999998], [-2629938.9272, 1011812.3564999998], [-2612768.5990000004, 1007434.2410000004], [-2556175.0198, 917612.2396000009], [-2537329.2232999997, 864551.7410000004], [-2488519.0537, 728801.5072000008], [-2495404.1226000004, 657048.4132000003], [-2633205.8843, 585669.2791000009]]], [[[4266688.6185, 2070299.9861999992], [4257347.9024, 2041659.8243000004], [4236115.923900001, 2046352.6637999993], [4228587.3279, 2070742.982999999], [4215930.3434999995, 2112203.6213000007], [4206959.399700001, 2141948.1119999997], [4272737.657500001, 2188026.9871999994], [4271177.4068, 2084154.0124999993], [4266688.6185, 2070299.9861999992]]], [[[10027630.8853, -3037304.4621], [10020454.333700001, -3059872.0118000004], [9967868.3671, -3077410.3949999996], [9952758.314599998, -3059767.5469000004], [9980799.718600001, -3028276.6986999996], [10004588.3981, -3020920.5587], [10027630.8853, -3037304.4621]]], [[[-2609505.1196, 2693342.1422000006], [-2632084.4571, 2691005.41], [-2619049.0297999997, 2730580.0635], [-2592735.3076, 2712781.5782999992], [-2576707.2298, 2719010.5208], [-2582501.2737, 2680539.399], [-2609505.1196, 2693342.1422000006]]], [[[-2663695.2866, 2473009.9213999994], [-2678297.9902999997, 2480514.1851000004], [-2673406.4406000003, 2534672.5376999993], [-2650198.9313000003, 2506390.3067000005], [-2663695.2866, 2473009.9213999994]]], [[[8750373.578699999, -2760963.1295999996], [8741209.214699998, -2798698.0275], [8714253.055300001, -2796107.8850999996], [8722639.2643, -2768486.1341000004], [8750373.578699999, -2760963.1295999996]]], [[[-2590741.7624000004, 2629733.3343], [-2617948.2675, 2632520.1435000002], [-2615545.0053000003, 2665146.3751999997], [-2592890.6171000004, 2666129.0976], [-2590741.7624000004, 2629733.3343]]]]}}, {"type": "Feature", "properties": {"NUTS_ID": "HR", "LEVL_CODE": 0, "CNTR_CODE": "HR", "NAME_LATN": "Hrvatska", "NUTS_NAME": "Hrvatska", "MOUNT_TYPE": 0, "URBN_TYPE": 0, "COAST_TYPE": 0, "NAME_ENGL": "Croatia", "NAME_FREN": "Croatie", "ISO3_CODE": "HRV", "SVRG_UN": "UN Member State", "CAPT": "Zagreb", "EU_STAT": "T", "EFTA_STAT": "F", "CC_STAT": "F", "NAME_GERM": "Kroatien"}, "geometry": {"type": "MultiPolygon", "coordinates": [[[[4914925.3323, 2556676.2138], [4935711.286699999, 2552486.5812999997], [5004436.5659, 2574073.972100001], [5009623.0449, 2575455.7397000007], [5026320.3224, 2528866.5682999995], [5024761.136399999, 2522836.0852000006], [5031555.451400001, 2513131.0206000004], [5060947.4131000005, 2497458.0582999997], [5039110.455499999, 2489241.2667999994], [5033462.4998, 2459084.4516000003], [5018480.271600001, 2458933.7032999992], [5009325.8891, 2474681.6164999995], [4991980.3915, 2480137.603599999], [4951514.7261, 2480303.1921999995], [4937776.332599999, 2471262.3274000008], [4906108.8029, 2478963.5726999994], [4882408.3431, 2477037.91], [4813686.818299999, 2460179.387599999], [4779874.8684, 2474907.3243000004], [4774121.292099999, 2442304.3264000006], [4809434.5459, 2391562.4036], [4814757.7227, 2364694.1284999996], [4837474.2413, 2348050.0409999993], [4846574.346000001, 2341238.2278000005], [4927371.7873, 2260004.8387], [4989825.736199999, 2212174.6248000003], [5014573.7599, 2200024.6327], [5023279.372199999, 2185927.997300001], [4972072.864700001, 2210100.3878000006], [4946488.074999999, 2229853.1834999993], [4940446.4383000005, 2234753.4148999993], [4920627.898499999, 2249010.5722000003], [4884345.8248, 2273303.3604000006], [4808250.023800001, 2285465.8763999995], [4766932.5394, 2321857.4737], [4749009.876599999, 2330506.2741], [4749260.9528, 2326768.6240999997], [4749291.721999999, 2326310.4782999996], [4749538.3462000005, 2322637.5369000006], [4749569.6373, 2322171.4230000004], [4749610.4487, 2321563.4612000007], [4749742.0262, 2319603.1128000002], [4749967.016899999, 2316250.1043999996], [4750169.0184, 2313238.717], [4741377.6719, 2321524.0523000006], [4724762.7117, 2349761.401799999], [4742242.8968, 2376582.9690000005], [4715103.4088, 2395120.4186000004], [4710045.4332, 2410424.7612999994], [4706013.147500001, 2448078.6213000007], [4678709.635, 2434724.932600001], [4653693.8279, 2458516.5646], [4625173.1523, 2427475.9804999996], [4599008.8037, 2476415.494000001], [4606910.833699999, 2489415.437000001], [4642725.0929000005, 2494425.2696], [4643271.7804000005, 2494333.5858999994], [4664447.307399999, 2498010.1328999996], [4677333.5853, 2517639.023499999], [4730255.16, 2493771.1679], [4735901.171599999, 2531543.4870999996], [4741351.1735, 2535261.6369000003], [4763299.947699999, 2557231.321799999], [4756287.5679, 2569024.9848999996], [4767522.000399999, 2589203.2477], [4773662.2333, 2591913.8157], [4805669.1493, 2605574.086100001], [4800109.809699999, 2617566.9919000007], [4827385.8894, 2618351.326199999], [4848359.353399999, 2606260.0957999993], [4850286.352600001, 2603109.4586999994], [4885838.4597, 2569452.5403000005], [4897745.692500001, 2566288.3329000007], [4914925.3323, 2556676.2138]]], [[[4802010.203199999, 2225569.772], [4783944.4416000005, 2217553.4005999994], [4766842.662799999, 2225617.5578000005], [4774199.7623, 2232729.043400001], [4799661.0633000005, 2245651.5637], [4812172.5887, 2241080.588300001], [4802010.203199999, 2225569.772]]], [[[4868898.306299999, 2156198.854800001], [4844342.796700001, 2151647.2257000003], [4826233.6381, 2163733.9481000006], [4836438.4728, 2175422.445800001], [4857612.1327, 2174401.204500001], [4868898.306299999, 2156198.854800001]]], [[[4919648.4245, 2235888.4771], [4916831.1713, 2223445.9471000005], [4892341.0188, 2221845.6352999993], [4886810.7552000005, 2231551.929199999], [4894495.299699999, 2246522.1159000006], [4909039.6316, 2248927.944], [4919648.4245, 2235888.4771]]]]}}, {"type": "Feature", "properties": {"NUTS_ID": "HU", "LEVL_CODE": 0, "CNTR_CODE": "HU", "NAME_LATN": "Magyarország", "NUTS_NAME": "Magyarország", "MOUNT_TYPE": 0, "URBN_TYPE": 0, "COAST_TYPE": 0, "NAME_ENGL": "Hungary", "NAME_FREN": "Hongrie", "ISO3_CODE": "HUN", "SVRG_UN": "UN Member State", "CAPT": "Budapest", "EU_STAT": "T", "EFTA_STAT": "F", "CC_STAT": "F", "NAME_GERM": "Ungarn"}, "geometry": {"type": "MultiPolygon", "coordinates": [[[[5159903.8344, 2891350.2935000006], [5214660.069499999, 2880853.8320000004], [5216710.2202, 2884027.4801000003], [5279162.0724, 2843993.0884000007], [5232859.490499999, 2796039.1740000006], [5229004.0033, 2795171.6274999995], [5203937.8378, 2726154.8417000007], [5193727.933599999, 2682800.758199999], [5176556.373, 2644649.0899], [5149175.4487, 2633827.471999999], [5145578.1417, 2620383.8599999994], [5112369.7859000005, 2611777.776900001], [5102473.9651, 2611270.4463], [5081487.072000001, 2610251.4306000005], [5068153.706700001, 2612699.3713000007], [5040491.776900001, 2587133.3753999993], [5009623.0449, 2575455.7397000007], [5004436.5659, 2574073.972100001], [4935711.286699999, 2552486.5812999997], [4914925.3323, 2556676.2138], [4897745.692500001, 2566288.3329000007], [4885838.4597, 2569452.5403000005], [4850286.352600001, 2603109.4586999994], [4848359.353399999, 2606260.0957999993], [4827385.8894, 2618351.326199999], [4807826.1532000005, 2644113.7391999997], [4786947.8336, 2658724.9250000007], [4811576.9648, 2680342.3698999994], [4806751.430600001, 2714374.6019], [4821838.7709, 2726165.9716], [4802912.6987, 2748897.5074000005], [4844980.647700001, 2758836.3794], [4854633.2936, 2791782.4586999994], [4861008.709100001, 2793004.7731], [4897845.193, 2768465.3463000003], [4912119.8091, 2767793.6603999995], [4982212.621300001, 2784591.9952000007], [4974418.3094, 2794447.3637000006], [4985038.552200001, 2811671.278999999], [4991117.540200001, 2814757.4297], [5066406.101399999, 2834643.9049999993], [5092186.1017, 2871555.9102999996], [5159903.8344, 2891350.2935000006]]]]}}, {"type": "Feature", "properties": {"NUTS_ID": "IE", "LEVL_CODE": 0, "CNTR_CODE": "IE", "NAME_LATN": "Éire/Ireland", "NUTS_NAME": "Éire/Ireland", "MOUNT_TYPE": 0, "URBN_TYPE": 0, "COAST_TYPE": 0, "NAME_ENGL": "Ireland", "NAME_FREN": "Irlande", "ISO3_CODE": "IRL", "SVRG_UN": "UN Member State", "CAPT": "Dublin", "EU_STAT": "T", "EFTA_STAT": "F", "CC_STAT": "F", "NAME_GERM": "Irland"}, "geometry": {"type": "MultiPolygon", "coordinates": [[[[3173848.043400001, 3612488.6251], [3195615.0461999997, 3589512.522399999], [3214939.132200001, 3602580.7288000006], [3235160.6678, 3596830.425899999], [3245165.7368, 3577208.328400001], [3244775.7710999995, 3561762.7819999997], [3267014.1543000005, 3563205.9560000002], [3258608.927100001, 3511383.283], [3263290.492900001, 3493217.353700001], [3255316.576199999, 3463709.3354], [3240880.3333, 3412798.4442], [3205614.5670999996, 3361773.0997], [3108541.1415999997, 3354476.7108999994], [2978351.1560999993, 3337521.957699999], [2945859.5538999997, 3376722.8989000004], [2965101.1202000007, 3427072.1415999997], [3025762.0605999995, 3449549.3127999995], [3035185.5490000006, 3491156.8958], [3065671.0968999993, 3502790.1567], [3016105.5384, 3538827.9297], [3005532.8137, 3570044.7643999998], [3019430.190199999, 3589715.1007000003], [3018438.1960000005, 3617603.3116999995], [3042558.8431, 3639689.5074000005], [3087910.4957999997, 3615179.6028000005], [3142931.390900001, 3637196.670600001], [3133726.9563999996, 3663079.7677999996], [3170810.707800001, 3705282.9833000004], [3233385.166099999, 3710083.0327000003], [3230329.8203999996, 3682748.466600001], [3197575.4376, 3657011.4365999997], [3199284.5310999993, 3641564.6778999995], [3173848.043400001, 3612488.6251]]]]}}, {"type": "Feature", "properties": {"NUTS_ID": "IS", "LEVL_CODE": 0, "CNTR_CODE": "IS", "NAME_LATN": "Ísland", "NUTS_NAME": "Ísland", "MOUNT_TYPE": 0, "URBN_TYPE": 0, "COAST_TYPE": 0, "NAME_ENGL": "Iceland", "NAME_FREN": "Islande", "ISO3_CODE": "ISL", "SVRG_UN": "UN Member State", "CAPT": "Reykjavík", "EU_STAT": "F", "EFTA_STAT": "T", "CC_STAT": "F", "NAME_GERM": "Island"}, "geometry": {"type": "MultiPolygon", "coordinates": [[[[3232232.5056999996, 4908819.394200001], [3228233.5602, 4870363.569599999], [3204109.8178000003, 4833704.7827], [3134322.9992999993, 4791820.6537999995], [2952145.4415000007, 4768793.2086], [2869561.7916, 4813198.1653], [2806151.7323000003, 4886031.692], [2807712.9813, 4905169.5998], [2838648.7873, 4925562.6888999995], [2858074.2029, 4922790.0057], [2829547.3879000004, 4943649.892899999], [2812929.4616, 4999239.850400001], [2865876.1325000003, 5053660.294600001], [2823221.181, 5079215.351], [2822380.9919000007, 5107070.060799999], [2905636.1961000003, 5139349.110200001], [2929483.0209, 5108676.689099999], [2934492.6215000004, 5028953.1491], [2992571.7792000007, 5054149.333900001], [3105557.8594000004, 5016973.5471], [3182248.6417999994, 5029088.8411], [3215343.221000001, 4973810.8059], [3232232.5056999996, 4908819.394200001]]]]}}, {"type": "Feature", "properties": {"NUTS_ID": "IT", "LEVL_CODE": 0, "CNTR_CODE": "IT", "NAME_LATN": "Italia", "NUTS_NAME": "Italia", "MOUNT_TYPE": 0, "URBN_TYPE": 0, "COAST_TYPE": 0, "NAME_ENGL": "Italy", "NAME_FREN": "Italie", "ISO3_CODE": "ITA", "SVRG_UN": "UN Member State", "CAPT": "Rome", "EU_STAT": "T", "EFTA_STAT": "F", "CC_STAT": "F", "NAME_GERM": "Italien"}, "geometry": {"type": "MultiPolygon", "coordinates": [[[[4491314.129799999, 2664310.289000001], [4489656.706700001, 2645101.3159], [4510728.830499999, 2621660.5086000003], [4527096.498, 2619689.6187999994], [4530306.198799999, 2617285.803200001], [4589828.600299999, 2612229.3573000003], [4606152.070499999, 2608175.0654000007], [4604291.080700001, 2598604.5420999993], [4591448.658299999, 2588075.378900001], [4591854.307499999, 2555074.1741000004], [4600801.203500001, 2529734.6720000003], [4600790.590299999, 2528446.5233999994], [4615786.936899999, 2521947.978599999], [4625607.4045, 2510559.301999999], [4620627.842700001, 2504937.5133999996], [4611706.6953, 2505312.588199999], [4599618.362199999, 2526057.5034999996], [4589953.6570999995, 2516385.7314], [4582187.4428, 2519520.6866999995], [4562837.831700001, 2508581.9823000003], [4495895.107000001, 2470763.3575999998], [4504513.282, 2452710.476399999], [4511151.919199999, 2412079.661699999], [4501438.159399999, 2393730.2409000006], [4511885.271199999, 2349087.2687999997], [4517387.1285999995, 2342327.0321999993], [4542187.0638999995, 2321829.948999999], [4577064.4146, 2298875.7301000003], [4616324.151799999, 2270013.7672000006], [4625430.5031, 2250490.1938000005], [4625722.103499999, 2249913.0874000005], [4626261.070699999, 2248710.5479000006], [4626751.0372, 2247578.164999999], [4627358.160700001, 2246295.7541000005], [4627653.820599999, 2245720.5506999996], [4628254.921399999, 2244616.3332], [4628557.6581999995, 2244104.8248999994], [4629807.9614, 2240146.7781000007], [4631030.1565000005, 2237181.0087], [4631633.512, 2236265.9746000003], [4632308.327400001, 2234298.9564999994], [4633316.567399999, 2232322.4278999995], [4634480.054500001, 2229759.138800001], [4634827.8828, 2228807.7578], [4634997.6483, 2227229.4637], [4635294.2158, 2225749.9496], [4641630.086300001, 2206987.3696999997], [4650921.624600001, 2184702.9782999996], [4662614.362400001, 2167738.8082], [4671923.4134, 2158742.1172], [4717676.632300001, 2119915.694700001], [4748383.586999999, 2106070.6742000002], [4824160.8003, 2109316.9856000002], [4824850.307600001, 2090224.0295000002], [4826062.3496, 2056175.3235999998], [4871066.9235, 2038145.4593000002], [4945371.7378, 2007500.8091000002], [4990654.573999999, 1988739.8658000007], [5009076.984999999, 1972177.3040999994], [5041303.092499999, 1938834.7643], [5035626.410499999, 1904443.9593000002], [5015703.3989, 1908573.7260999996], [4983093.549900001, 1945002.7710999995], [4905972.885, 1948907.3000000007], [4889506.1939, 1916502.2782000005], [4884047.857100001, 1871924.1488000005], [4927897.3654, 1849464.5260000005], [4939271.283299999, 1802361.0481000002], [4921369.322899999, 1787169.8807999995], [4909332.9245, 1781128.2804000005], [4895575.9034, 1760870.2741999999], [4898485.7995, 1734482.4820000008], [4836966.787599999, 1669863.5932999998], [4819543.7479, 1691928.8340000007], [4840158.866, 1733790.2212000005], [4863490.236500001, 1769259.0022], [4851084.487400001, 1794642.0122999996], [4815169.1022, 1888734.5168999992], [4804763.6351, 1901170.2929999996], [4756714.554, 1912831.8747000005], [4727078.128900001, 1954206.9710000008], [4701598.084799999, 1960713.5135999992], [4662108.0463, 1986871.4190999996], [4637532.455600001, 2021521.166099999], [4553745.958900001, 2039279.2923000008], [4513774.3632, 2073011.7046000008], [4464782.959000001, 2118743.7467], [4440807.365599999, 2142554.3783], [4378764.8838, 2204150.202299999], [4345279.331499999, 2274842.6735999994], [4341816.6175999995, 2300678.1303000003], [4332538.923900001, 2318419.5977999996], [4322507.7072, 2326070.842700001], [4281865.553300001, 2345283.3445999995], [4211842.227299999, 2364240.6691999994], [4170959.8007999994, 2316230.6527999993], [4121719.5385, 2300472.5979999993], [4137476.9604, 2330752.1697000004], [4072437.7837000005, 2366359.4788000006], [4078566.3036, 2398682.6088999994], [4088123.4881999996, 2404818.9069], [4055455.9967, 2450215.5264], [4095551.4164000005, 2465999.3100000005], [4094309.3320000004, 2488413.1999999993], [4072064.4948999994, 2523773.4279999994], [4091539.9584999997, 2538951.4132000003], [4155107.7885999996, 2536147.715], [4156152.8649000004, 2537251.1045999993], [4196776.6841, 2594561.0877], [4221436.720000001, 2554668.332800001], [4236365.010399999, 2524805.7344000004], [4256006.521, 2562205.0749999993], [4262968.432399999, 2569255.1774000004], [4270832.195599999, 2595632.4387], [4324907.0221, 2580200.1414], [4334343.9449000005, 2607397.545600001], [4355774.3639, 2602036.5163000003], [4356848.7469999995, 2638051.4913], [4395997.266100001, 2633155.3092], [4409680.1316, 2650942.1194], [4444821.7107, 2656889.1414], [4462343.119100001, 2656248.4411999993], [4483320.7127, 2665352.2216], [4491314.129799999, 2664310.289000001]], [[4517770.191, 2089869.2397000007], [4520215.8496, 2088254.202299999], [4530801.7906, 2089644.6719000004], [4528137.0868999995, 2098003.3181], [4523438.68, 2096237.6366000008], [4517770.191, 2089869.2397000007]], [[4518519.4133, 2312664.644200001], [4519277.1338, 2312611.7202000003], [4519783.4833, 2312941.680400001], [4521280.7787999995, 2312977.1467000004], [4521699.535800001, 2314145.9243], [4519615.3078000005, 2321415.6092000008], [4518295.6449, 2312960.2874999996], [4518519.4133, 2312664.644200001]]], [[[4605538.501700001, 1685110.6470999997], [4690793.236400001, 1670054.6800999995], [4792129.5252, 1692431.0241], [4787071.7480999995, 1652570.0656000003], [4775275.4198, 1602135.1038000006], [4791105.577099999, 1571965.6993000004], [4771337.8016, 1529624.4864000008], [4732533.237299999, 1534570.0101999994], [4710072.1544, 1558882.7113000005], [4682530.865, 1568851.5188999996], [4578759.5769, 1616090.8729999997], [4556151.842800001, 1622071.7694000006], [4546803.6982, 1653886.3219000008], [4584163.2787, 1667359.9342999998], [4605538.501700001, 1685110.6470999997]]], [[[4279335.9318, 1788230.9803], [4199979.8377, 1764520.0514000002], [4178712.0921, 1777247.9694999997], [4181881.6336000003, 1818822.1631000005], [4191866.005000001, 1848044.9605], [4189784.4738999996, 1901712.7294999994], [4184513.1996999998, 1924933.2226], [4171082.5823, 1968064.5196000002], [4219713.067500001, 1982154.6537999995], [4268806.916999999, 2010861.2415999994], [4299705.048900001, 1951216.7446999997], [4289165.4836, 1900466.4927999992], [4290842.2005, 1828771.5175], [4279335.9318, 1788230.9803]]], [[[4518351.7531, 1531189.0841000006], [4500970.6493, 1507150.235200001], [4479217.802100001, 1536458.3197000008], [4487649.129000001, 1545685.8505000006], [4518351.7531, 1531189.0841000006]]]]}}, {"type": "Feature", "properties": {"NUTS_ID": "LI", "LEVL_CODE": 0, "CNTR_CODE": "LI", "NAME_LATN": "Liechtenstein", "NUTS_NAME": "Liechtenstein", "MOUNT_TYPE": 0, "URBN_TYPE": 0, "COAST_TYPE": 0, "NAME_ENGL": "Liechtenstein", "NAME_FREN": "Liechtenstein", "ISO3_CODE": "LIE", "SVRG_UN": "UN Member State", "CAPT": "Vaduz", "EU_STAT": "F", "EFTA_STAT": "T", "CC_STAT": "F", "NAME_GERM": "Liechtenstein"}, "geometry": {"type": "MultiPolygon", "coordinates": [[[[4292201.6435, 2670971.976399999], [4291125.0428, 2660883.3062999994], [4281155.7798, 2659947.7641000003], [4285464.4256, 2684223.103700001], [4292201.6435, 2670971.976399999]]]]}}, {"type": "Feature", "properties": {"NUTS_ID": "LT", "LEVL_CODE": 0, "CNTR_CODE": "LT", "NAME_LATN": "Lietuva", "NUTS_NAME": "Lietuva", "MOUNT_TYPE": 0, "URBN_TYPE": 0, "COAST_TYPE": 0, "NAME_ENGL": "Lithuania", "NAME_FREN": "Lituanie", "ISO3_CODE": "LTU", "SVRG_UN": "UN Member State", "CAPT": "Vilnius", "EU_STAT": "T", "EFTA_STAT": "F", "CC_STAT": "F", "NAME_GERM": "Litauen"}, "geometry": {"type": "MultiPolygon", "coordinates": [[[[5114449.1548999995, 3771206.5187], [5130157.0145, 3766126.4203999992], [5192242.198100001, 3769546.0725], [5231736.936000001, 3790696.4021000005], [5298223.159499999, 3769132.5767], [5314580.0447, 3760461.810900001], [5356923.878900001, 3740090.5593], [5374609.0176, 3696416.7972999997], [5371400.884400001, 3683815.693499999], [5351501.5657, 3675907.1116000004], [5347477.6841, 3660179.2818], [5334161.9756000005, 3651099.0450999998], [5326369.9383000005, 3631446.2008999996], [5331054.435699999, 3607861.5889999997], [5334687.998299999, 3564716.6867999993], [5282724.105799999, 3548285.2378000002], [5264627.805199999, 3519688.9715], [5202339.4189, 3510354.4520999994], [5183759.5777, 3540551.7379], [5147704.3763999995, 3546424.1741000004], [5140298.2325, 3597576.4493000004], [5120797.056700001, 3621728.9948999994], [5059830.3111000005, 3623763.2136000004], [5041850.8978, 3630961.417300001], [5034954.090299999, 3627178.4388999995], [5009299.3714000005, 3698293.4141000006], [5007410.6272, 3715789.812999999], [5057503.611199999, 3759611.2509000003], [5097787.3825, 3764687.1994000003], [5114449.1548999995, 3771206.5187]]]]}}, {"type": "Feature", "properties": {"NUTS_ID": "LU", "LEVL_CODE": 0, "CNTR_CODE": "LU", "NAME_LATN": "Luxembourg", "NUTS_NAME": "Luxembourg", "MOUNT_TYPE": 0, "URBN_TYPE": 0, "COAST_TYPE": 0, "NAME_ENGL": "Luxembourg", "NAME_FREN": "Luxembourg", "ISO3_CODE": "LUX", "SVRG_UN": "UN Member State", "CAPT": "Luxembourg", "EU_STAT": "T", "EFTA_STAT": "F", "CC_STAT": "F", "NAME_GERM": "Luxemburg"}, "geometry": {"type": "MultiPolygon", "coordinates": [[[[4044953.8672, 3009232.5731000006], [4067410.837099999, 2973721.5833], [4059130.7711999994, 2944039.3893999998], [4057753.9418, 2935021.0808000006], [4023633.5628999993, 2939874.9432999995], [4018497.2259, 2945664.4036], [4015259.6960000005, 2980087.2218999993], [4037218.2765999995, 3015531.6271], [4044953.8672, 3009232.5731000006]]]]}}, {"type": "Feature", "properties": {"NUTS_ID": "LV", "LEVL_CODE": 0, "CNTR_CODE": "LV", "NAME_LATN": "Latvija", "NUTS_NAME": "Latvija", "MOUNT_TYPE": 0, "URBN_TYPE": 0, "COAST_TYPE": 0, "NAME_ENGL": "Latvia", "NAME_FREN": "Lettonie", "ISO3_CODE": "LVA", "SVRG_UN": "UN Member State", "CAPT": "Riga", "EU_STAT": "T", "EFTA_STAT": "F", "CC_STAT": "F", "NAME_GERM": "Lettland"}, "geometry": {"type": "MultiPolygon", "coordinates": [[[[5374000.401000001, 3938766.4824], [5435586.0679, 3815982.9613000005], [5412479.6875, 3775879.8604000006], [5356923.878900001, 3740090.5593], [5314580.0447, 3760461.810900001], [5298223.159499999, 3769132.5767], [5231736.936000001, 3790696.4021000005], [5192242.198100001, 3769546.0725], [5130157.0145, 3766126.4203999992], [5114449.1548999995, 3771206.5187], [5097787.3825, 3764687.1994000003], [5057503.611199999, 3759611.2509000003], [5007410.6272, 3715789.812999999], [4995327.017000001, 3794588.554300001], [5019721.195699999, 3883840.9365999997], [5062315.4394000005, 3909757.0678000003], [5108900.0502, 3874214.467700001], [5134269.051100001, 3848234.7097999994], [5162340.052999999, 3849279.3166000005], [5171516.0714, 3860201.5352], [5181786.1339, 3888519.2655999996], [5167149.6851, 3949298.7948000003], [5192747.907199999, 3965598.4433999993], [5203368.3127, 3975554.1010999996], [5297161.5155, 3941153.178099999], [5350178.1391, 3949790.8620999996], [5374000.401000001, 3938766.4824]]]]}}, {"type": "Feature", "properties": {"NUTS_ID": "ME", "LEVL_CODE": 0, "CNTR_CODE": "ME", "NAME_LATN": "Crna Gora", "NUTS_NAME": "Црна Гора", "MOUNT_TYPE": 0, "URBN_TYPE": 0, "COAST_TYPE": 0, "NAME_ENGL": "Montenegro", "NAME_FREN": "Monténégro", "ISO3_CODE": "MNE", "SVRG_UN": "UN Member State", "CAPT": "Podgorica", "EU_STAT": "F", "EFTA_STAT": "F", "CC_STAT": "T", "NAME_GERM": "Montenegro"}, "geometry": {"type": "MultiPolygon", "coordinates": [[[[5141136.5436, 2266081.0558], [5166993.0154, 2250206.426000001], [5148385.4728999995, 2216598.8893999998], [5129579.17, 2204098.7522], [5114728.990599999, 2211157.813100001], [5102498.4156, 2192384.709899999], [5095919.711300001, 2180685.8253000006], [5097664.817299999, 2159722.134299999], [5100056.775800001, 2130793.9449000005], [5023279.372199999, 2185927.997300001], [5014573.7599, 2200024.6327], [5029351.8892, 2268625.4878000002], [5066457.268100001, 2314658.2445], [5141136.5436, 2266081.0558]]]]}}, {"type": "Feature", "properties": {"NUTS_ID": "MK", "LEVL_CODE": 0, "CNTR_CODE": "MK", "NAME_LATN": "Severna Makedonija", "NUTS_NAME": "Северна Македонија", "MOUNT_TYPE": 0, "URBN_TYPE": 0, "COAST_TYPE": 0, "NAME_ENGL": "North Macedonia", "NAME_FREN": "Macédoine du Nord", "ISO3_CODE": "MKD", "SVRG_UN": "UN Member State", "CAPT": "Skopje", "EU_STAT": "F", "EFTA_STAT": "F", "CC_STAT": "T", "NAME_GERM": "Nordmazedonien"}, "geometry": {"type": "MultiPolygon", "coordinates": [[[[5401767.5221, 2139536.8017999995], [5401576.043400001, 2119111.646400001], [5397537.215500001, 2118650.8937999997], [5355938.123199999, 2086869.9175000004], [5345487.9179, 2090787.7475000005], [5322792.8606, 2079259.303200001], [5313654.692500001, 2058838.0856999997], [5247352.797800001, 2040320.5046999995], [5234386.400699999, 2046491.7477000002], [5211962.695699999, 2061668.541099999], [5200756.984200001, 2085264.6585000008], [5201644.286499999, 2114995.650699999], [5199720.3018, 2131646.3004], [5198279.4438000005, 2144087.0679], [5200419.919600001, 2147880.021299999], [5223995.2037, 2177174.4495], [5247774.643999999, 2180924.943], [5264708.4410999995, 2197420.479800001], [5276030.969699999, 2202300.501599999], [5338319.639799999, 2217739.3945000004], [5353216.907500001, 2202689.0275], [5364847.6908, 2199118.3167000003], [5384665.1899, 2193093.2741], [5394496.420399999, 2162270.083799999], [5401767.5221, 2139536.8017999995]]]]}}, {"type": "Feature", "properties": {"NUTS_ID": "MT", "LEVL_CODE": 0, "CNTR_CODE": "MT", "NAME_LATN": "Malta", "NUTS_NAME": "Malta", "MOUNT_TYPE": 0, "URBN_TYPE": 0, "COAST_TYPE": 0, "NAME_ENGL": "Malta", "NAME_FREN": "Malte", "ISO3_CODE": "MLT", "SVRG_UN": "UN Member State", "CAPT": "Valletta", "EU_STAT": "T", "EFTA_STAT": "F", "CC_STAT": "F", "NAME_GERM": "Malta"}, "geometry": {"type": "MultiPolygon", "coordinates": [[[[4743978.0666000005, 1443103.0176999997], [4725857.978599999, 1418218.9462000001], [4706798.8958, 1435253.6868999992], [4721964.922700001, 1456526.6530000009], [4743978.0666000005, 1443103.0176999997]]], [[[4716375.0984000005, 1452229.2113000005], [4708696.406300001, 1449147.4462000001], [4700230.949100001, 1455546.7606000006], [4705401.043099999, 1457903.3519000001], [4716375.0984000005, 1452229.2113000005]]]]}}, {"type": "Feature", "properties": {"NUTS_ID": "SE", "LEVL_CODE": 0, "CNTR_CODE": "SE", "NAME_LATN": "Sverige", "NUTS_NAME": "Sverige", "MOUNT_TYPE": 0, "URBN_TYPE": 0, "COAST_TYPE": 0, "NAME_ENGL": "Sweden", "NAME_FREN": "Suède", "ISO3_CODE": "SWE", "SVRG_UN": "UN Member State", "CAPT": "Stockholm", "EU_STAT": "T", "EFTA_STAT": "F", "CC_STAT": "F", "NAME_GERM": "Schweden"}, "geometry": {"type": "MultiPolygon", "coordinates": [[[[4744757.5046, 5136005.0243], [4882630.9618999995, 5043779.6998], [4929425.7168000005, 4919018.998299999], [4939457.887, 4857278.8039], [4967895.5929000005, 4811191.227299999], [4971226.650800001, 4797934.918099999], [4915519.2436999995, 4784777.3561], [4897826.8837, 4749343.784600001], [4882949.412699999, 4752630.926899999], [4865014.382099999, 4706862.0638], [4852405.141799999, 4671786.730900001], [4863191.8124, 4648471.6743], [4866056.1239, 4612841.6285], [4824121.6776, 4539689.8155000005], [4784816.1929, 4515904.392100001], [4748512.5888, 4460124.615900001], [4748689.9761, 4441848.693299999], [4708274.867900001, 4382150.151799999], [4712400.866699999, 4358106.142100001], [4708560.2783, 4324518.272500001], [4717890.8456999995, 4307525.6906], [4707581.9307, 4249823.112400001], [4724601.1691, 4193676.019200001], [4802428.181700001, 4155190.641899999], [4828639.4246, 4099628.105799999], [4813627.897500001, 4024026.3301], [4778123.9757, 3992595.4799000006], [4756741.1951, 4006531.7815000005], [4749146.8927, 3979009.009299999], [4713515.568299999, 3965892.4120000005], [4730318.3267, 3916416.1548999995], [4715177.6598000005, 3895576.2678999994], [4723660.3072999995, 3846239.482000001], [4714642.3265, 3797035.8910000008], [4734261.931299999, 3762690.9342], [4722886.927300001, 3713585.4924999997], [4707053.106899999, 3735827.7872], [4695105.4978, 3706695.4233999997], [4680618.7213, 3681309.1801999994], [4604192.8281, 3670893.6075], [4583909.419, 3601419.1911999993], [4522235.599300001, 3592091.9229000006], [4487078.975199999, 3662743.1703999992], [4499886.534700001, 3708681.501700001], [4436222.649900001, 3830455.2589999996], [4409723.8868, 3876749.5907000005], [4390494.7667, 3950683.3049999997], [4390976.5208, 3986335.1828000005], [4404885.393100001, 3988539.145199999], [4414590.9651999995, 3982028.8113], [4419716.5154, 3995431.0604], [4425445.6281, 4016571.0274], [4429455.153999999, 4078125.6467000004], [4424393.606000001, 4083582.6481999997], [4441629.048599999, 4089343.866800001], [4457049.282199999, 4110970.5056999996], [4462806.228700001, 4150810.2381999996], [4445605.062000001, 4211601.132300001], [4465658.2871, 4219983.2985], [4465246.070800001, 4261087.826400001], [4436644.1457, 4298009.4877], [4440904.7279, 4353715.4593], [4438332.4803, 4360687.112199999], [4424849.4953000005, 4454897.044], [4428899.1995, 4481072.204600001], [4430966.837200001, 4503388.899800001], [4445732.5723, 4529630.7809], [4475502.457900001, 4555685.7949], [4517888.839400001, 4557693.2116], [4520389.6183, 4592218.7552000005], [4506168.570599999, 4609613.9451], [4500553.1686, 4616548.5276], [4525407.6393, 4674222.130000001], [4532037.6675, 4779505.4033], [4566978.611199999, 4813265.669600001], [4563730.3927, 4830690.195], [4598950.251599999, 4895824.906199999], [4587371.919, 4935277.019400001], [4605710.551100001, 4987904.661900001], [4626113.4443, 5012633.2763], [4644414.573000001, 5008079.9103], [4659061.4355999995, 5021416.403899999], [4655620.2413, 5065448.5865], [4731700.331700001, 5058529.409600001], [4736996.603800001, 5130193.0163], [4744757.5046, 5136005.0243]]], [[[4848366.974300001, 3829771.1625999995], [4819113.076400001, 3791717.662799999], [4817976.391899999, 3810697.2008999996], [4808950.644099999, 3823345.8236999996], [4812958.930299999, 3837542.9165000003], [4806240.5188, 3853278.9408], [4823231.8354, 3886955.7137], [4837869.4964000005, 3900907.4658000004], [4859010.725199999, 3904881.4912], [4856709.8451000005, 3882759.2256000005], [4845993.246200001, 3871328.3907999992], [4848366.974300001, 3829771.1625999995]]]]}}, {"type": "Feature", "properties": {"NUTS_ID": "SI", "LEVL_CODE": 0, "CNTR_CODE": "SI", "NAME_LATN": "Slovenija", "NUTS_NAME": "Slovenija", "MOUNT_TYPE": 0, "URBN_TYPE": 0, "COAST_TYPE": 0, "NAME_ENGL": "Slovenia", "NAME_FREN": "Slovénie", "ISO3_CODE": "SVN", "SVRG_UN": "UN Member State", "CAPT": "Ljubljana", "EU_STAT": "T", "EFTA_STAT": "F", "CC_STAT": "F", "NAME_GERM": "Slowenien"}, "geometry": {"type": "MultiPolygon", "coordinates": [[[[4807826.1532000005, 2644113.7391999997], [4827385.8894, 2618351.326199999], [4800109.809699999, 2617566.9919000007], [4805669.1493, 2605574.086100001], [4773662.2333, 2591913.8157], [4767522.000399999, 2589203.2477], [4756287.5679, 2569024.9848999996], [4763299.947699999, 2557231.321799999], [4741351.1735, 2535261.6369000003], [4735901.171599999, 2531543.4870999996], [4730255.16, 2493771.1679], [4677333.5853, 2517639.023499999], [4664447.307399999, 2498010.1328999996], [4643271.7804000005, 2494333.5858999994], [4642725.0929000005, 2494425.2696], [4606910.833699999, 2489415.437000001], [4611706.6953, 2505312.588199999], [4620627.842700001, 2504937.5133999996], [4625607.4045, 2510559.301999999], [4615786.936899999, 2521947.978599999], [4600790.590299999, 2528446.5233999994], [4600801.203500001, 2529734.6720000003], [4591854.307499999, 2555074.1741000004], [4591448.658299999, 2588075.378900001], [4604291.080700001, 2598604.5420999993], [4606152.070499999, 2608175.0654000007], [4661893.2820999995, 2602363.9946], [4672386.9882, 2595156.8956000004], [4680269.760500001, 2604354.046], [4708765.1296999995, 2628648.7771000005], [4734492.067299999, 2630626.1513], [4753009.4882, 2637824.3693000004], [4763403.3181, 2638817.9725], [4778298.5133, 2654263.0853000004], [4786947.8336, 2658724.9250000007], [4807826.1532000005, 2644113.7391999997]]]]}}, {"type": "Feature", "properties": {"NUTS_ID": "SK", "LEVL_CODE": 0, "CNTR_CODE": "SK", "NAME_LATN": "Slovensko", "NUTS_NAME": "Slovensko", "MOUNT_TYPE": 0, "URBN_TYPE": 0, "COAST_TYPE": 0, "NAME_ENGL": "Slovakia", "NAME_FREN": "Slovaquie", "ISO3_CODE": "SVK", "SVRG_UN": "UN Member State", "CAPT": "Bratislava", "EU_STAT": "T", "EFTA_STAT": "F", "CC_STAT": "F", "NAME_GERM": "Slowakei"}, "geometry": {"type": "MultiPolygon", "coordinates": [[[[5003133.9341, 2988592.054199999], [5038951.0986, 2947340.4475], [5056054.9975000005, 2957982.587099999], [5088278.376800001, 2978299.3541], [5144084.4395, 2988537.182600001], [5234032.6688, 2964367.443499999], [5224941.452400001, 2937247.0222999994], [5224306.5472, 2918985.7387000006], [5215149.253900001, 2903071.4311999995], [5216710.2202, 2884027.4801000003], [5214660.069499999, 2880853.8320000004], [5159903.8344, 2891350.2935000006], [5092186.1017, 2871555.9102999996], [5066406.101399999, 2834643.9049999993], [4991117.540200001, 2814757.4297], [4985038.552200001, 2811671.278999999], [4974418.3094, 2794447.3637000006], [4982212.621300001, 2784591.9952000007], [4912119.8091, 2767793.6603999995], [4897845.193, 2768465.3463000003], [4861008.709100001, 2793004.7731], [4854633.2936, 2791782.4586999994], [4846489.8573, 2803511.3914], [4839232.970000001, 2808802.6084000003], [4827291.811899999, 2837437.805400001], [4833565.827299999, 2848880.935799999], [4832035.225400001, 2857836.831599999], [4863380.6556, 2882817.0767], [4881191.0218, 2889219.8411999997], [4924768.599400001, 2945551.253799999], [4929608.184, 2955255.7161], [4960290.233100001, 2972378.4113999996], [4981146.918199999, 2964053.5408999994], [5003133.9341, 2988592.054199999]]]]}}, {"type": "Feature", "properties": {"NUTS_ID": "TR", "LEVL_CODE": 0, "CNTR_CODE": "TR", "NAME_LATN": "Türkiye", "NUTS_NAME": "Türkiye", "MOUNT_TYPE": 0, "URBN_TYPE": 0, "COAST_TYPE": 0, "NAME_ENGL": "Türkiye", "NAME_FREN": "Turquie", "ISO3_CODE": "TUR", "SVRG_UN": "UN Member State", "CAPT": "Ankara", "EU_STAT": "F", "EFTA_STAT": "F", "CC_STAT": "T", "NAME_GERM": "Türkei"}, "geometry": {"type": "MultiPolygon", "coordinates": [[[[6356465.817399999, 2443434.8202], [6395523.5098, 2424239.2030999996], [6409166.8167, 2417609.2498000003], [6440997.9889, 2436614.3001000006], [6484464.5649999995, 2407241.4979], [6518512.2499, 2422758.3924000002], [6554504.056, 2413417.5238000005], [6636245.636299999, 2422566.8159999996], [6714844.6566, 2468396.6492], [6806797.9845, 2496974.0232999995], [6863319.487, 2563702.9341], [6877693.0627999995, 2593564.760399999], [6954095.9932, 2618883.6136000007], [6971457.456800001, 2641629.5605999995], [7039843.9048999995, 2620996.2040999997], [7042456.9915, 2614067.5738999993], [7072348.187899999, 2593859.6841], [7097392.381899999, 2525649.5086000003], [7157971.4132, 2539552.8128999993], [7200768.670700001, 2525292.1191000007], [7207824.4076000005, 2518558.9759], [7180384.485200001, 2515331.3751999997], [7182389.863500001, 2483234.6312000006], [7161574.8838, 2461759.922700001], [7236798.2401, 2366482.6076999996], [7242714.932399999, 2323929.8709999993], [7262037.1986, 2318390.437000001], [7293423.442, 2286500.9360000007], [7315862.6073, 2266543.1262], [7283937.5315000005, 2233986.6587000005], [7258803.624500001, 2250900.5209999997], [7202815.5611000005, 2223242.4891999997], [7154667.656300001, 2212020.4042000007], [7124012.305400001, 2165629.3127999995], [7103113.676200001, 2171297.1703999992], [7068256.7217, 2139622.1384999994], [6995339.5594, 2106571.0227000006], [6958937.7105, 2067415.2199000008], [6884158.5572, 2009049.2844999991], [6780983.347200001, 1988231.3523999993], [6747420.0195, 1958428.3577999994], [6712732.7217999995, 1942071.8383000009], [6667078.8047, 1943517.4802], [6665485.5601, 1942998.0375999995], [6680951.7039, 1881483.8074999992], [6658440.251700001, 1827795.3937], [6632484.1888, 1824591.7613999993], [6613549.9582, 1863788.5624000002], [6629679.3904, 1913288.8247999996], [6604629.318299999, 1929139.0099], [6573381.1, 1879906.4305000007], [6520092.964299999, 1880306.4375], [6475379.6327, 1850275.8661000002], [6428168.735400001, 1781893.5724999998], [6340388.0031, 1747312.3746000007], [6263190.4365, 1781527.7017], [6170186.3872, 1785985.0524000004], [6153377.519099999, 1775001.0872000009], [6143638.330600001, 1714866.6030000001], [6095150.044600001, 1686268.1022999994], [6046336.5285, 1688777.9886000007], [5969219.4427000005, 1726746.1736999992], [5921216.427100001, 1702196.0600000005], [5917612.034600001, 1728639.5223999992], [5867935.2455, 1731734.0724999998], [5859174.7631, 1770511.9892999995], [5843580.828400001, 1775482.7113000005], [5836588.2962, 1816074.271400001], [5758196.4399, 1845969.5074000005], [5780870.9004, 1907184.6307999995], [5765133.607899999, 1947264.7561000008], [5760725.334899999, 1983691.8000000007], [5744714.005999999, 1984964.8693000004], [5715425.365499999, 1972078.1105000004], [5701751.8212, 1984521.3738000002], [5693475.3555, 2016894.168299999], [5706752.212300001, 2067184.2843999993], [5801743.3506000005, 2084104.5943999998], [5854053.862500001, 2107095.8665999994], [5910777.8969, 2119687.5295], [5920390.886499999, 2131891.8538000006], [5917207.304300001, 2145272.4524000008], [5959377.2969, 2169198.0484999996], [5940443.759199999, 2176264.6207], [5903691.669, 2182081.2392999995], [5912477.327, 2219090.911699999], [5974176.278899999, 2223871.1973], [6012649.8224, 2239140.841600001], [6066415.911900001, 2241475.3683], [6090470.8893, 2253507.5096000005], [6138406.577299999, 2321627.943600001], [6164277.663899999, 2347358.2804000005], [6183748.3344, 2366948.9923], [6228777.543500001, 2399837.196900001], [6297883.448899999, 2416571.0295], [6356465.817399999, 2443434.8202]]], [[[5888007.035499999, 2217366.2183999997], [5895969.377699999, 2183332.2357], [5824749.2566, 2171034.837200001], [5791286.5868999995, 2156409.0371000003], [5751528.5013, 2100720.0274], [5730188.575300001, 2106048.3146], [5670221.351600001, 2102712.0823], [5701097.2457, 2187851.018100001], [5675518.538699999, 2215228.6450999994], [5687246.9263, 2242311.344799999], [5716919.9485, 2257473.069700001], [5723794.925799999, 2269102.7313], [5804912.6646, 2276442.7947000004], [5816890.4836, 2250802.4026999995], [5824292.444399999, 2234996.306500001], [5826981.3456999995, 2233956.2378000002], [5888007.035499999, 2217366.2183999997]]], [[[5686401.606799999, 2038433.7096999995], [5665548.799000001, 2021393.5497999992], [5647895.333699999, 2032533.9031000007], [5678158.2907, 2059036.8673999999], [5686401.606799999, 2038433.7096999995]]]]}}, {"type": "Feature", "properties": {"NUTS_ID": "UK", "LEVL_CODE": 0, "CNTR_CODE": "UK", "NAME_LATN": "United Kingdom", "NUTS_NAME": "United Kingdom", "MOUNT_TYPE": 0, "URBN_TYPE": 0, "COAST_TYPE": 0, "NAME_ENGL": "United Kingdom", "NAME_FREN": "Royaume-Uni", "ISO3_CODE": "GBR", "SVRG_UN": "UN Member State", "CAPT": "London", "EU_STAT": "F", "EFTA_STAT": "F", "CC_STAT": "F", "NAME_GERM": "Vereinigtes Königreich"}, "geometry": {"type": "MultiPolygon", "coordinates": [[[[3620055.7709999997, 3201443.211100001], [3621681.0913999993, 3203977.2249], [3627185.7415999994, 3200517.068499999], [3643744.4990999997, 3197624.8969], [3644571.4089, 3196739.092700001], [3645111.9164000005, 3196160.2765999995], [3645384.0725, 3195936.155099999], [3646115.5846999995, 3195333.8921000008], [3647489.7607000005, 3194132.056399999], [3647902.5701, 3194119.405099999], [3648588.4013, 3194235.8268], [3649860.2295999993, 3195229.9933], [3650263.100299999, 3195054.1955999993], [3650994.660599999, 3193365.1898], [3651676.3904999997, 3192902.2412], [3652768.864499999, 3192561.5485999994], [3653708.6169000007, 3192372.6994000003], [3656217.4132000003, 3191822.4507], [3657772.6656, 3192007.305400001], [3658133.8115999997, 3192032.4800000004], [3658424.8598999996, 3191987.598099999], [3658830.1218999997, 3192230.7797], [3659985.6806000005, 3192633.5703999996], [3669373.7040999997, 3192660.7994999997], [3670416.2422, 3182315.698000001], [3678432.579500001, 3180074.4165000003], [3692323.9300999995, 3176224.8495000005], [3714279.009299999, 3173098.7717000004], [3718156.7750000004, 3159923.9596999995], [3687544.3005, 3129787.660700001], [3679891.0244999994, 3130408.2580999993], [3672050.7456, 3129691.793299999], [3615846.2278000005, 3124914.9778000005], [3603878.9793999996, 3129741.9738999996], [3553352.2958000004, 3136848.3926], [3546122.244999999, 3135664.585000001], [3534366.0965, 3137638.798800001], [3524825.1017000005, 3147432.1055999994], [3522689.3104, 3148843.6772000007], [3499622.7479999997, 3135259.5458000004], [3495970.6580999997, 3134147.6164999995], [3492808.174900001, 3134525.7272999994], [3485286.7863, 3135433.0131], [3480319.294399999, 3136038.4222999997], [3423258.2137, 3146071.6227], [3412061.7118999995, 3148118.8852999993], [3380452.6229999997, 3142176.4832000006], [3369080.1911999993, 3133124.837200001], [3368336.4393000007, 3123718.3510999996], [3362853.4997000005, 3119436.7459999993], [3344542.5841000006, 3108428.1449999996], [3326732.154100001, 3122780.3549000006], [3320727.783399999, 3126475.2514999993], [3322251.8126999997, 3132619.4716], [3318908.0637999997, 3138087.0746], [3246076.8512999993, 3105947.9013], [3225411.546, 3119549.9806999993], [3306083.6352999993, 3192206.2293], [3369157.1538999993, 3214448.3686999995], [3392402.0527, 3207259.7633999996], [3401610.4755000006, 3204446.5611000005], [3420726.5153, 3214768.8002000004], [3443456.182600001, 3231525.7848000005], [3446880.534499999, 3235492.6993000004], [3458893.1213000007, 3248428.0107000005], [3449231.922700001, 3245831.7205999997], [3440287.8418000005, 3242921.3466999996], [3418182.1822999995, 3235811.0523000006], [3396103.558, 3227337.876], [3379715.6192000005, 3239322.0113999993], [3365915.7026000004, 3258726.4584999997], [3356470.978599999, 3270329.0656000003], [3292872.1479, 3275532.2158000004], [3281088.3982999995, 3296440.5736], [3382753.9767000005, 3361870.9650999997], [3363477.7205999997, 3414599.955], [3392606.814099999, 3438782.4625000004], [3435926.8509, 3440955.7751], [3453179.0140000004, 3428337.3719999995], [3452256.0638999995, 3433065.543400001], [3455781.6843, 3444576.0884000007], [3464414.4016999993, 3432207.4518], [3473828.511499999, 3431100.3741999995], [3471545.5427, 3433575.1773000006], [3471269.745100001, 3434116.4317000005], [3461783.0678000003, 3447439.755000001], [3460571.7983999997, 3462266.2422], [3470406.6829000004, 3475254.0593999997], [3481999.7444, 3476443.699100001], [3474370.2081000004, 3491917.5001999997], [3481171.6976999994, 3504640.4196000006], [3485612.7661000006, 3526832.8169], [3466270.4267999995, 3521147.6422000006], [3449638.3654999994, 3576478.7024000008], [3466493.3277000003, 3603700.755999999], [3485013.3154000007, 3612131.7843999993], [3490108.832699999, 3617887.9864000008], [3469108.7453000005, 3615722.4952000007], [3390817.9201999996, 3608523.877699999], [3360498.1899999995, 3628303.6657], [3366151.2761000004, 3643820.5701], [3386061.114600001, 3676921.7895], [3403235.1805000007, 3701218.310799999], [3393176.3049999997, 3718031.5385], [3396189.7875999995, 3737426.8367999997], [3404090.6919, 3744589.569], [3418028.6960000005, 3738400.954399999], [3418311.8077000007, 3739744.0424000006], [3411164.9464999996, 3748588.319599999], [3412436.513699999, 3771494.1021999996], [3367217.3351000007, 3706570.103599999], [3331175.6340999994, 3694016.7129999995], [3358646.0046999995, 3790644.9536000006], [3335896.3959, 3826324.2882000003], [3356677.025800001, 3841124.7876999993], [3379703.289000001, 3895854.5447000004], [3395470.4689000007, 3908044.5418999996], [3402307.123400001, 3954367.1148000006], [3444221.9256999996, 4007273.5207], [3516378.957800001, 4000440.584899999], [3461377.2294999994, 3908521.089299999], [3526308.051000001, 3910506.171599999], [3561339.2410000004, 3911995.5756], [3608638.9376999997, 3876201.1593999993], [3564651.011600001, 3804905.2749000005], [3557178.754899999, 3793273.4517], [3544610.5228000004, 3781610.8419000003], [3520820.005000001, 3779174.6586000007], [3504922.8270999994, 3769882.3027], [3523749.864499999, 3761757.653000001], [3524674.9047, 3761007.8731999993], [3525336.9879, 3759730.4869], [3525668.9832000006, 3758050.5857999995], [3525635.2189000007, 3756147.8487], [3525238.9310999997, 3754225.8895999994], [3524522.0749999993, 3752490.4735000003], [3523561.0242, 3751127.4614000004], [3522452.3114, 3750270.921599999], [3492175.3694, 3735817.744000001], [3491442.9005999994, 3735536.3309000004], [3490943.6347000003, 3735794.368899999], [3490540.6437999997, 3735610.047700001], [3491163.5877, 3735221.917199999], [3490958.5294000003, 3734671.7301000003], [3490982.1525999997, 3734085.6359], [3490704.707800001, 3733512.7686], [3490464.1711, 3733891.4243], [3490002.7576, 3734037.5157999992], [3489798.4845000003, 3734555.7074999996], [3489509.2781000007, 3734928.7214], [3487951.1191000007, 3735870.2672000006], [3487607.7661000006, 3735750.5703], [3487455.8946, 3735586.2271999996], [3487140.885399999, 3735898.130000001], [3487021.2194999997, 3736571.0928000007], [3485477.058700001, 3737664.5031000003], [3484369.6795000006, 3737854.2731], [3483637.0876, 3738803.7672000006], [3482920.1790999994, 3738766.213199999], [3481977.9728999995, 3739044.963199999], [3481487.5231999997, 3739543.908399999], [3481291.1514999997, 3740279.187000001], [3480479.4678000007, 3741395.2544], [3479690.1845999993, 3741590.4471000005], [3479796.3083999995, 3741079.0304000005], [3479648.2091000006, 3740586.280099999], [3479429.854800001, 3740301.4148999993], [3479084.8194999993, 3740206.1432000007], [3478326.5624, 3740414.3312], [3478087.4659, 3741341.6372999996], [3477872.3945000004, 3741541.8861], [3475853.1797, 3741607.4999], [3474502.908500001, 3741154.1174], [3473612.2061, 3741495.1423000004], [3472456.643100001, 3742587.1599000003], [3471612.6098999996, 3744338.2337999996], [3470941.1975, 3745423.005000001], [3470390.576300001, 3745756.9535000008], [3469946.0787000004, 3746131.9934], [3469714.4483000003, 3746327.465500001], [3469073.2711999994, 3747565.7523999996], [3468322.8246, 3749052.8411], [3467717.150699999, 3749732.7134000007], [3466777.0512000006, 3749967.7907999996], [3466009.9483000003, 3749202.325099999], [3465947.8029999994, 3749429.5637999997], [3465885.6690999996, 3749656.803099999], [3466307.9283000007, 3749946.4814999998], [3466363.441400001, 3750432.5171000008], [3466002.6005000006, 3750936.7545], [3465246.8282999992, 3751552.8563], [3464716.3987000007, 3751446.8038999997], [3464589.2579999994, 3751204.030200001], [3464379.5854, 3750347.5122999996], [3464000.8476, 3750091.9043000005], [3464308.6897, 3750073.539999999], [3464481.2061, 3750174.0], [3464710.008199999, 3750504.0901999995], [3464747.5134999994, 3751192.056399999], [3465158.1717000008, 3750993.2531000003], [3465740.550899999, 3750629.5096000005], [3465405.4881999996, 3749797.9092999995], [3465486.8072999995, 3749154.8594000004], [3465772.1340999994, 3748836.931], [3466493.0143, 3748684.1750000007], [3472509.4506, 3738956.1317], [3482977.0286999997, 3734488.7936000004], [3488330.0065, 3732534.954500001], [3508634.7518000007, 3723383.9762999993], [3552262.0264, 3715465.689200001], [3570116.0853000004, 3697125.9514000006], [3576951.0308, 3684729.3123000003], [3582187.912799999, 3675297.9571], [3589903.4712000005, 3661272.846999999], [3590374.2598, 3636825.9058999997], [3592155.2672000006, 3610215.7831999995], [3595987.894200001, 3594899.253900001], [3595544.8106999993, 3585543.0714999996], [3599768.0418, 3569285.7589], [3599388.4892999995, 3553305.4936999995], [3625708.122300001, 3546887.1467000004], [3656090.2706000004, 3496747.442399999], [3654434.0238000005, 3476708.7763], [3660686.4996000007, 3452358.1659999993], [3644569.4272000007, 3454641.7156000007], [3635823.5885000005, 3450747.5012], [3617033.8850999996, 3449572.4760999996], [3636536.3488999996, 3447545.7858000007], [3661305.2819999997, 3425260.6345000006], [3673865.431399999, 3390409.7146000005], [3658415.1522000004, 3356366.1446], [3666864.9111, 3344046.1195], [3700407.666099999, 3351757.2805000003], [3714435.7141999993, 3355058.8991], [3739365.8357999995, 3346662.9119000006], [3760200.0012, 3324800.736300001], [3761888.236300001, 3300995.782299999], [3741353.467599999, 3254283.0979999993], [3707889.301999999, 3242284.7193], [3697392.159600001, 3219210.3500999995], [3682807.2401, 3214473.0602], [3671573.747300001, 3210859.3913000003], [3671064.6777999997, 3198229.4825], [3664855.6209999993, 3200561.199100001], [3654719.1642000005, 3193810.1154999994], [3643416.5744000003, 3198789.3972999994], [3636000.4470000006, 3202680.2786], [3629855.9514000006, 3202560.5429999996], [3623764.2393999994, 3203484.5467000008], [3621681.0913999993, 3203977.2249], [3621527.3604000006, 3204088.022], [3618580.2809999995, 3201701.3999000005], [3612135.8245, 3202967.9835], [3613362.2228999995, 3200894.5220999997], [3620055.7709999997, 3201443.211100001]]], [[[3230329.8203999996, 3682748.466600001], [3236307.3610999994, 3678562.4067], [3252818.8046000004, 3689149.8693000004], [3300387.783500001, 3689755.908399999], [3309324.5363999996, 3662898.0988999996], [3306910.9417000003, 3621319.4058999997], [3303772.059800001, 3618198.355799999], [3309523.3145000003, 3616906.9865000006], [3326115.635, 3613225.0734], [3325818.2509000003, 3586023.142999999], [3320894.7715000007, 3580735.0478000008], [3316939.8149999995, 3592764.4944], [3313863.0731000006, 3576299.1032], [3285069.8533999994, 3554456.8554999996], [3267014.1543000005, 3563205.9560000002], [3244775.7710999995, 3561762.7819999997], [3245165.7368, 3577208.328400001], [3235160.6678, 3596830.425899999], [3214939.132200001, 3602580.7288000006], [3195615.0461999997, 3589512.522399999], [3173848.043400001, 3612488.6251], [3199284.5310999993, 3641564.6778999995], [3197575.4376, 3657011.4365999997], [3230329.8203999996, 3682748.466600001]]], [[[3301991.0339, 3955779.7521], [3301840.3050999995, 3944764.4836999997], [3280061.763800001, 3903739.851], [3274896.6346000005, 3908116.3292999994], [3287729.4079, 3937607.497300001], [3290299.2507000007, 3967784.5231999997], [3315586.690199999, 3977884.6323000006], [3316721.9101, 4000967.0834], [3334274.2485000007, 4023625.898499999], [3377291.8451000005, 4038243.118899999], [3378769.583799999, 4018108.0732000005], [3361723.1677, 3990129.5666000005], [3327092.8494000006, 3973344.2128], [3301991.0339, 3955779.7521]]], [[[3323562.6757999994, 3931364.1602], [3346925.8308000006, 3940906.9964000005], [3358588.4487999994, 3958999.2556], [3368083.8198000006, 3908537.1206], [3358109.862299999, 3877275.5415000003], [3349876.9705, 3886091.024599999], [3334528.2785, 3863827.9418], [3328549.5143999998, 3879442.5469000004], [3349303.582800001, 3900734.3519], [3344391.6415, 3914010.6296999995], [3323650.5821, 3918920.6352999993], [3323562.6757999994, 3931364.1602]]], [[[3692417.0890999995, 4197913.5425], [3700198.2906, 4210128.8355], [3708946.5778, 4200874.598099999], [3713935.3204999994, 4230457.3116], [3728995.7130999994, 4228088.228], [3703741.4136999995, 4175490.5814999994], [3692924.8807999995, 4162960.7914000005], [3692417.0890999995, 4197913.5425]]], [[[3586365.9486999996, 4090902.0452999994], [3592915.4421999995, 4072843.4612000007], [3563497.8523999993, 4038565.3890000004], [3554208.6147000007, 4051883.8549000006], [3560861.3423999995, 4068427.6435000002], [3586365.9486999996, 4090902.0452999994]]], [[[3321162.7084, 3732133.4186000004], [3312182.2248, 3728380.5878999997], [3298814.125, 3750249.4229000006], [3307297.0935999993, 3758116.390900001], [3331199.3146, 3760454.8090000004], [3327236.8691000007, 3743384.34], [3321162.7084, 3732133.4186000004]]], [[[3354541.1807000004, 3456996.0320999995], [3379028.088300001, 3463201.7961999997], [3383213.079500001, 3440412.3221000005], [3366761.349199999, 3427444.3366], [3354541.1807000004, 3456996.0320999995]]], [[[3676998.8725000005, 4139731.5579000004], [3684494.3236, 4153634.158399999], [3702441.7358, 4135469.3718999997], [3687478.035700001, 4118856.2644999996], [3680383.8899000008, 4129673.9451], [3676998.8725000005, 4139731.5579000004]]], [[[3513561.3089000005, 3128341.3149999995], [3522551.3373000007, 3139323.5561999995], [3539420.0056999996, 3132835.039000001], [3535765.1164999995, 3108410.8841999993], [3518486.8004, 3111151.4234999996], [3513561.3089000005, 3128341.3149999995]]], [[[3283557.2699999996, 4039540.0404000003], [3315661.445699999, 4048203.3432], [3303501.890900001, 4021070.512599999], [3285166.8161999993, 4028794.6963], [3283557.2699999996, 4039540.0404000003]]], [[[3218031.1114000008, 4015194.707800001], [3243681.9681, 3996998.6468], [3233528.0854, 3979584.6098999996], [3217022.0209, 3996130.930400001], [3218031.1114000008, 4015194.707800001]]], [[[3592915.4421999995, 4072843.4612000007], [3592901.6460999995, 4074583.4755000006], [3606123.0395, 4088442.5928000007], [3606912.4069, 4064160.0808000006], [3593740.2541000005, 4055352.8071], [3592915.4421999995, 4072843.4612000007]]], [[[3461943.4733000007, 3481447.4974000007], [3464057.1643000003, 3491282.1532000005], [3471740.8751999997, 3502049.3111000005], [3472384.513800001, 3481603.9678000007], [3461943.4733000007, 3481447.4974000007]]], [[[3672442.753799999, 3200615.7368], [3673905.1149000004, 3204464.0983000007], [3681173.7656999994, 3201641.8335999995], [3684013.7095, 3200542.8089000005], [3683737.4542999994, 3197132.6165999994], [3680718.2339999992, 3198060.7863], [3672442.753799999, 3200615.7368]]]]}}, {"type": "Feature", "properties": {"NUTS_ID": "NL", "LEVL_CODE": 0, "CNTR_CODE": "NL", "NAME_LATN": "Nederland", "NUTS_NAME": "Nederland", "MOUNT_TYPE": 0, "URBN_TYPE": 0, "COAST_TYPE": 0, "NAME_ENGL": "Netherlands", "NAME_FREN": "Pays-Bas", "ISO3_CODE": "NLD", "SVRG_UN": "UN Member State", "CAPT": "Amsterdam", "EU_STAT": "T", "EFTA_STAT": "F", "CC_STAT": "F", "NAME_GERM": "Niederlande"}, "geometry": {"type": "MultiPolygon", "coordinates": [[[[4133736.155200001, 3337487.729699999], [4125134.6445000004, 3307187.4432999995], [4118393.6692999993, 3285247.0691], [4098287.6952, 3284897.710999999], [4096766.4867000002, 3269198.322899999], [4117146.8552, 3258660.1053], [4120624.0736, 3240894.579399999], [4099187.351500001, 3228125.133300001], [4092852.0757999998, 3207673.7051], [4073465.7522, 3196970.059800001], [4057369.1633, 3205892.865700001], [4041680.6645, 3189693.8340000007], [4058181.026799999, 3146140.6393999998], [4046900.025699999, 3133097.6772000007], [4053685.3247999996, 3126266.0513000004], [4031952.4076000005, 3110464.237400001], [4045944.8244000003, 3096437.1327], [4040360.1849000007, 3079039.3890000004], [4025883.6818000004, 3075418.9510999992], [4017252.1834999993, 3086772.5351], [4024033.4265, 3108310.8542], [4026610.5578000005, 3113861.8872999996], [4011459.8396000005, 3132703.4902999997], [3988851.4396, 3138673.9134], [3980658.9135, 3157888.2239999995], [3957506.818499999, 3167694.4761999995], [3950633.7397000007, 3159702.9375], [3923161.9311999995, 3156164.4332], [3920660.2127, 3156217.704], [3883442.9903999995, 3175162.1089999992], [3896190.6349, 3201061.1819], [3918217.2456, 3226298.0676000006], [3923497.8717, 3231860.2903000005], [3936686.5755000003, 3245668.6426], [3946030.5296, 3260714.0299999993], [3951477.2358999997, 3272490.5833], [3955930.2215, 3287337.5961000007], [3960097.4846, 3307432.2420000006], [3971473.9976000004, 3356963.5716999993], [3996616.1115000006, 3332178.267999999], [4014218.2829, 3347857.646400001], [4022186.940199999, 3358879.6272], [4046788.7599, 3371594.909], [4067837.936899999, 3373652.2719], [4085028.9791, 3374111.0285], [4113226.3334999997, 3371154.9495], [4127371.2161999997, 3353524.3608], [4134707.5439999998, 3351905.1378000006], [4133736.155200001, 3337487.729699999]]], [[[3900841.3057000004, 3141114.0470000003], [3892268.487299999, 3140257.5569], [3859809.09, 3150168.8783], [3859737.4079, 3160854.8641999997], [3919814.3946, 3153328.4564999994], [3900841.3057000004, 3141114.0470000003]]]]}}, {"type": "Feature", "properties": {"NUTS_ID": "PL", "LEVL_CODE": 0, "CNTR_CODE": "PL", "NAME_LATN": "Polska", "NUTS_NAME": "Polska", "MOUNT_TYPE": 0, "URBN_TYPE": 0, "COAST_TYPE": 0, "NAME_ENGL": "Poland", "NAME_FREN": "Pologne", "ISO3_CODE": "POL", "SVRG_UN": "UN Member State", "CAPT": "Warsaw", "EU_STAT": "T", "EFTA_STAT": "F", "CC_STAT": "F", "NAME_GERM": "Polen"}, "geometry": {"type": "MultiPolygon", "coordinates": [[[[4871927.0243, 3530224.727600001], [4901276.725, 3508415.4630999994], [4944136.4856, 3525194.486300001], [4944637.576400001, 3524517.5705999993], [4925940.6598000005, 3510876.572899999], [4922206.6141, 3502100.9487999994], [4954962.0809, 3524883.5679], [4976730.92, 3524959.1202000007], [4988318.1765, 3525040.8861999996], [5069607.537900001, 3528478.2787999995], [5147704.3763999995, 3546424.1741000004], [5183759.5777, 3540551.7379], [5202339.4189, 3510354.4520999994], [5212596.743899999, 3482699.7271], [5236429.878900001, 3437174.9952000007], [5250768.1742, 3400147.626], [5251371.4409, 3377815.090399999], [5214670.998199999, 3322722.8641999997], [5250671.5485, 3303593.9591000006], [5251592.694599999, 3262450.6114000008], [5260075.682, 3243410.1711], [5271129.0626, 3219181.101500001], [5311677.2048, 3151424.7452000007], [5280978.566199999, 3104580.3881], [5233492.579700001, 3019106.4867000002], [5242087.6472, 2978646.089400001], [5234032.6688, 2964367.443499999], [5144084.4395, 2988537.182600001], [5088278.376800001, 2978299.3541], [5056054.9975000005, 2957982.587099999], [5038951.0986, 2947340.4475], [5003133.9341, 2988592.054199999], [4981146.918199999, 2964053.5408999994], [4960290.233100001, 2972378.4113999996], [4935450.206499999, 3013499.7408000007], [4895030.487, 3026304.2892000005], [4849853.547, 3042644.7591999993], [4810829.4825, 3060614.4891999997], [4810262.3573, 3032463.4832000006], [4790698.883300001, 3024479.4278999995], [4768791.1215, 3072783.737299999], [4752267.583900001, 3079151.3924000002], [4710986.851, 3088955.8484000005], [4684723.023800001, 3106894.619999999], [4660255.7794, 3095529.1428999994], [4667129.407400001, 3151023.3308000006], [4648590.561000001, 3174085.7885], [4644664.8412999995, 3220609.5798000004], [4646802.7424, 3228426.8564999998], [4634821.9384, 3250189.340500001], [4629435.833000001, 3263563.6764], [4629911.4213, 3289187.701199999], [4620842.0239, 3294804.2860000003], [4600578.1602, 3317654.933700001], [4599281.9924, 3324914.319700001], [4614776.206, 3366892.3253000006], [4602721.2754999995, 3407226.048800001], [4672679.301000001, 3463343.8610999994], [4753691.1339, 3515984.9076000005], [4813353.057, 3545894.5317], [4852859.773499999, 3552930.579399999], [4871927.0243, 3530224.727600001]]]]}}, {"type": "Feature", "properties": {"NUTS_ID": "PT", "LEVL_CODE": 0, "CNTR_CODE": "PT", "NAME_LATN": "Portugal", "NUTS_NAME": "Portugal", "MOUNT_TYPE": 0, "URBN_TYPE": 0, "COAST_TYPE": 0, "NAME_ENGL": "Portugal", "NAME_FREN": "Portugal", "ISO3_CODE": "PRT", "SVRG_UN": "UN Member State", "CAPT": "Lisbon", "EU_STAT": "T", "EFTA_STAT": "F", "CC_STAT": "F", "NAME_GERM": "Portugal"}, "geometry": {"type": "MultiPolygon", "coordinates": [[[[2828168.7161, 2298249.038899999], [2822605.4909000006, 2261163.0436000004], [2831796.0873000007, 2259162.0669], [2901984.571900001, 2249097.1273999996], [2921462.8126999997, 2255028.6382999998], [2947976.512700001, 2240662.4060999993], [2968508.660700001, 2201289.1238], [2947304.8771, 2172124.7914000005], [2928114.7364000008, 2166294.6163], [2904457.601, 2151677.7938], [2903686.877800001, 2094913.7258000001], [2892686.5370000005, 2068076.5185000002], [2885229.647399999, 2068270.8232000005], [2868562.2829, 2012858.7808999997], [2822316.5429, 2015259.6797000002], [2839691.3215999994, 1967475.0245999992], [2851525.2676, 1934571.5063000005], [2830219.0867999997, 1909755.1043999996], [2817367.6576000005, 1878991.0332999993], [2825810.8137, 1846890.8708999995], [2841367.7413999997, 1845643.4425000008], [2785763.5819000006, 1800101.8616000004], [2776212.4310999997, 1783297.5351], [2777974.267000001, 1743031.7994], [2716789.8863999993, 1743703.9405000005], [2650902.5336000007, 1770068.8133000005], [2663467.4574999996, 1801241.7698], [2669849.727600001, 1828253.6971000005], [2694644.1553000007, 1915721.6198999994], [2656160.146299999, 1919937.5013999995], [2640740.7589, 1957901.7792000007], [2650545.8937999997, 1988702.1366000008], [2699298.2816000003, 2054638.7631], [2718974.6217, 2084386.7928999998], [2740605.9649, 2132542.3486], [2761836.7282, 2178696.657299999], [2764565.4979, 2236104.0847999994], [2765263.257099999, 2251928.6169000007], [2767741.0801, 2281168.122199999], [2828168.7161, 2298249.038899999]]], [[[1116797.6481999997, 2546398.1851000004], [1106892.2939, 2541137.0353999995], [1078297.1147000007, 2563485.4580000006], [1073182.3680000007, 2586915.5546000004], [1096072.137599999, 2585258.319599999], [1116797.6481999997, 2546398.1851000004]]], [[[1853968.4941000007, 1202944.3419000003], [1838037.678200001, 1194547.5578000005], [1814641.4897000007, 1210606.2315999996], [1819320.080600001, 1224853.7853999995], [1835193.8515000008, 1233732.6305], [1853968.4941000007, 1202944.3419000003]]], [[[966093.4571000002, 2765591.6624999996], [947015.4243999999, 2750559.9101], [934908.1416999996, 2758452.626], [940995.2879000008, 2778082.227499999], [954958.5254999995, 2790551.001700001], [966093.4571000002, 2765591.6624999996]]], [[[1229099.5785000008, 2526270.6525], [1220520.5826999992, 2499953.632200001], [1195408.4298, 2515726.6800999995], [1193823.1537999995, 2533253.7457999997], [1229099.5785000008, 2526270.6525]]], [[[1324518.075099999, 2336627.7377000004], [1289350.3487, 2349228.489], [1287397.6604999993, 2360453.5736999996], [1299368.1396999992, 2365967.7152999993], [1332664.5469000004, 2349395.456599999], [1324518.075099999, 2336627.7377000004]]], [[[1842602.8033000007, 1509528.9200999998], [1810037.8563, 1504972.1842], [1797207.0074000005, 1529867.9174000006], [1829207.0196000002, 1529640.2830999997], [1842602.8033000007, 1509528.9200999998]]], [[[1291097.898600001, 2364480.3784999996], [1274894.0131, 2358947.7101000007], [1267048.7685000002, 2384908.7052999996], [1283208.6887999997, 2389646.4394000005], [1291097.898600001, 2364480.3784999996]]]]}}, {"type": "Feature", "properties": {"NUTS_ID": "RO", "LEVL_CODE": 0, "CNTR_CODE": "RO", "NAME_LATN": "România", "NUTS_NAME": "România", "MOUNT_TYPE": 0, "URBN_TYPE": 0, "COAST_TYPE": 0, "NAME_ENGL": "Romania", "NAME_FREN": "Roumanie", "ISO3_CODE": "ROU", "SVRG_UN": "UN Member State", "CAPT": "Bucharest", "EU_STAT": "T", "EFTA_STAT": "F", "CC_STAT": "F", "NAME_GERM": "Rumänien"}, "geometry": {"type": "MultiPolygon", "coordinates": [[[[5593798.1768, 2903635.9738999996], [5616141.5503, 2872864.2773], [5688359.5791, 2804383.0753000006], [5707261.7586, 2763100.8388], [5707440.4903, 2725187.3452000003], [5731142.557600001, 2657535.0019000005], [5770137.441400001, 2642596.7248], [5814677.389, 2672729.356899999], [5845263.706700001, 2669525.889799999], [5848989.4395, 2658978.6268000007], [5849006.036699999, 2619962.917300001], [5811317.4219, 2587520.1794000007], [5797648.9791, 2549192.7453000005], [5803878.310699999, 2477397.2667999994], [5728800.2762, 2487225.7224000003], [5692416.938200001, 2494414.3203999996], [5625117.978399999, 2468918.4036], [5623303.4111, 2468347.4583], [5577228.5008000005, 2418572.3232000005], [5568140.8038, 2411494.9099000003], [5548282.5320999995, 2408758.8222000003], [5496185.8872, 2405891.3795999996], [5470511.1852, 2397911.185900001], [5453726.007200001, 2394931.2346], [5413836.1129, 2397732.036699999], [5375819.819, 2393236.6164999995], [5363358.685799999, 2390534.4637], [5355670.479599999, 2421937.2738000005], [5330611.946599999, 2430822.4794999994], [5309847.146500001, 2471925.0744000003], [5272190.4103, 2464260.9650999997], [5271841.4077, 2464554.9574999996], [5217048.233999999, 2480557.5320999995], [5220467.4044, 2522847.3762999997], [5182474.6197, 2531852.3934000004], [5147917.9965, 2579517.2293], [5112369.7859000005, 2611777.776900001], [5145578.1417, 2620383.8599999994], [5149175.4487, 2633827.471999999], [5176556.373, 2644649.0899], [5193727.933599999, 2682800.758199999], [5203937.8378, 2726154.8417000007], [5229004.0033, 2795171.6274999995], [5232859.490499999, 2796039.1740000006], [5279162.0724, 2843993.0884000007], [5295136.3665, 2864796.5406], [5322716.993799999, 2853435.5439999998], [5401520.148, 2864803.687999999], [5434196.9673, 2848154.7302], [5512616.740900001, 2893427.4849999994], [5544403.6996, 2932763.283], [5593798.1768, 2903635.9738999996]]]]}}, {"type": "Feature", "properties": {"NUTS_ID": "AL", "LEVL_CODE": 0, "CNTR_CODE": "AL", "NAME_LATN": "Shqipëria", "NUTS_NAME": "Shqipëria", "MOUNT_TYPE": 0, "URBN_TYPE": 0, "COAST_TYPE": 0, "NAME_ENGL": "Albania", "NAME_FREN": "Albanie", "ISO3_CODE": "ALB", "SVRG_UN": "UN Member State", "CAPT": "Tirana", "EU_STAT": "F", "EFTA_STAT": "F", "CC_STAT": "T", "NAME_GERM": "Albanien"}, "geometry": {"type": "MultiPolygon", "coordinates": [[[[5148385.4728999995, 2216598.8893999998], [5166050.510199999, 2200779.6853], [5185363.6426, 2183615.7863], [5190865.3561, 2172115.3159], [5200419.919600001, 2147880.021299999], [5198279.4438000005, 2144087.0679], [5199720.3018, 2131646.3004], [5201644.286499999, 2114995.650699999], [5200756.984200001, 2085264.6585000008], [5211962.695699999, 2061668.541099999], [5234386.400699999, 2046491.7477000002], [5247352.797800001, 2040320.5046999995], [5257241.4647, 2015037.9755000006], [5237775.048, 1982254.042199999], [5227594.233899999, 1950737.2138999999], [5209461.178400001, 1937386.5007000007], [5212814.773399999, 1916169.5964000002], [5204901.861400001, 1917791.1150000002], [5181589.9125, 1901158.5284000002], [5179072.446599999, 1902139.448999999], [5178246.5393, 1918571.8867000006], [5166823.290899999, 1934022.3814000003], [5137988.8017, 1949342.0889999997], [5110688.655200001, 1998344.0128000006], [5116607.961300001, 2038729.2128999997], [5119478.1247000005, 2069006.5493], [5118781.2772, 2103409.3906999994], [5114941.2936, 2120276.6228], [5112296.8686999995, 2131907.9163000006], [5100056.775800001, 2130793.9449000005], [5097664.817299999, 2159722.134299999], [5095919.711300001, 2180685.8253000006], [5102498.4156, 2192384.709899999], [5114728.990599999, 2211157.813100001], [5129579.17, 2204098.7522], [5148385.4728999995, 2216598.8893999998]]]]}}, {"type": "Feature", "properties": {"NUTS_ID": "AT", "LEVL_CODE": 0, "CNTR_CODE": "AT", "NAME_LATN": "Österreich", "NUTS_NAME": "Österreich", "MOUNT_TYPE": 0, "URBN_TYPE": 0, "COAST_TYPE": 0, "NAME_ENGL": "Austria", "NAME_FREN": "Autriche", "ISO3_CODE": "AUT", "SVRG_UN": "UN Member State", "CAPT": "Vienna", "EU_STAT": "T", "EFTA_STAT": "F", "CC_STAT": "F", "NAME_GERM": "Österreich"}, "geometry": {"type": "MultiPolygon", "coordinates": [[[[4832035.225400001, 2857836.831599999], [4833565.827299999, 2848880.935799999], [4827291.811899999, 2837437.805400001], [4839232.970000001, 2808802.6084000003], [4846489.8573, 2803511.3914], [4854633.2936, 2791782.4586999994], [4844980.647700001, 2758836.3794], [4802912.6987, 2748897.5074000005], [4821838.7709, 2726165.9716], [4806751.430600001, 2714374.6019], [4811576.9648, 2680342.3698999994], [4786947.8336, 2658724.9250000007], [4778298.5133, 2654263.0853000004], [4763403.3181, 2638817.9725], [4753009.4882, 2637824.3693000004], [4734492.067299999, 2630626.1513], [4708765.1296999995, 2628648.7771000005], [4680269.760500001, 2604354.046], [4672386.9882, 2595156.8956000004], [4661893.2820999995, 2602363.9946], [4606152.070499999, 2608175.0654000007], [4589828.600299999, 2612229.3573000003], [4530306.198799999, 2617285.803200001], [4527096.498, 2619689.6187999994], [4510728.830499999, 2621660.5086000003], [4489656.706700001, 2645101.3159], [4491314.129799999, 2664310.289000001], [4483320.7127, 2665352.2216], [4462343.119100001, 2656248.4411999993], [4444821.7107, 2656889.1414], [4409680.1316, 2650942.1194], [4395997.266100001, 2633155.3092], [4356848.7469999995, 2638051.4913], [4332066.8737, 2637515.7503999993], [4291125.0428, 2660883.3062999994], [4292201.6435, 2670971.976399999], [4285464.4256, 2684223.103700001], [4287756.7698, 2714352.1854], [4318575.4584, 2714736.6659999993], [4320964.2509, 2707711.6807000004], [4334506.5766, 2684074.9562], [4352656.717800001, 2697259.9672999997], [4355225.3652, 2715902.9925999995], [4387765.814200001, 2714092.2085999995], [4395879.224099999, 2698559.6253999993], [4397789.8456999995, 2698611.856899999], [4428275.4441, 2704501.090399999], [4427326.055500001, 2710091.6841], [4443880.2947, 2721225.526799999], [4460729.270300001, 2722685.2793000005], [4475984.664100001, 2724949.8110000007], [4496572.345000001, 2734271.410700001], [4514603.5298, 2727668.8101000004], [4523482.837200001, 2733534.5822], [4550492.988700001, 2716598.8374000005], [4542424.854499999, 2755742.9772999994], [4535816.2831, 2765181.807], [4534508.8895, 2768916.1735999994], [4525936.166999999, 2781511.587099999], [4539906.565199999, 2792493.4747], [4556759.177300001, 2802949.1988999993], [4576129.709899999, 2833244.352], [4576657.3144000005, 2832784.0842000004], [4577520.554300001, 2832996.6304], [4577590.199999999, 2833819.306399999], [4578256.6741, 2833743.7687999997], [4578694.752699999, 2834033.946799999], [4578831.8160999995, 2834529.6916000005], [4579577.8562, 2834988.9930000007], [4579714.7586, 2835384.8275000006], [4579445.3671, 2836171.4388999995], [4579671.3643, 2836835.5207], [4579900.4079, 2836889.7173999995], [4596341.521500001, 2829133.7541000005], [4600312.774800001, 2851666.636], [4603174.0754, 2858273.119000001], [4666960.763, 2841107.5930000003], [4689833.4824, 2885245.5896000005], [4726983.6402, 2881333.1931999996], [4742889.3682, 2876362.7248], [4832035.225400001, 2857836.831599999]]]]}}, {"type": "Feature", "properties": {"NUTS_ID": "BE", "LEVL_CODE": 0, "CNTR_CODE": "BE", "NAME_LATN": "Belgique/België", "NUTS_NAME": "Belgique/België", "MOUNT_TYPE": 0, "URBN_TYPE": 0, "COAST_TYPE": 0, "NAME_ENGL": "Belgium", "NAME_FREN": "Belgique", "ISO3_CODE": "BEL", "SVRG_UN": "UN Member State", "CAPT": "Brussels", "EU_STAT": "T", "EFTA_STAT": "F", "CC_STAT": "F", "NAME_GERM": "Belgien"}, "geometry": {"type": "MultiPolygon", "coordinates": [[[[4011459.8396000005, 3132703.4902999997], [4026610.5578000005, 3113861.8872999996], [4024033.4265, 3108310.8542], [4017252.1834999993, 3086772.5351], [4025883.6818000004, 3075418.9510999992], [4040360.1849000007, 3079039.3890000004], [4059686.3597, 3049366.0593999997], [4065087.3355, 3029745.6953], [4044953.8672, 3009232.5731000006], [4037218.2765999995, 3015531.6271], [4015259.6960000005, 2980087.2218999993], [4018497.2259, 2945664.4036], [4012456.508300001, 2945942.9268999994], [3993083.8806999996, 2941704.5809000004], [3988312.6208999995, 2955361.1799], [3971752.4340000004, 2967666.1932999995], [3959123.5232999995, 2977871.6417999994], [3949129.2158000004, 3017066.643100001], [3921742.4297, 2996168.7018], [3907618.9147999994, 2999071.3099000007], [3901203.5385999996, 3001917.1602], [3896518.9996000007, 3044671.3225], [3876165.7367000002, 3046342.8936], [3871119.5032, 3058361.0966], [3868536.232000001, 3061788.467599999], [3853161.5405, 3069289.1185], [3844678.012599999, 3088813.8804], [3835046.9453999996, 3097095.6535], [3829391.7752, 3097020.708799999], [3829124.514799999, 3097051.1959000006], [3828830.3148999996, 3096701.8082], [3828413.9506, 3096281.0318], [3826732.1295, 3095446.3819999993], [3825882.0142, 3094749.912900001], [3825314.076199999, 3094776.3259999994], [3824816.5967999995, 3095157.707699999], [3823576.295499999, 3094429.0299999993], [3823373.370100001, 3093872.069700001], [3823719.6410000008, 3092926.2487000003], [3823205.976399999, 3092752.3683], [3822702.193499999, 3092377.1894000005], [3822511.539000001, 3090764.4552999996], [3821872.7488, 3089834.652899999], [3821127.0906000007, 3089941.3904], [3820865.0940000005, 3089001.2928], [3820232.0768999998, 3088929.274599999], [3819380.580499999, 3090402.751], [3818208.9650999997, 3090203.6359], [3817784.9420999996, 3090853.9849999994], [3802065.476500001, 3115282.907400001], [3799789.3935000002, 3135288.8575], [3814726.499399999, 3141880.0538], [3841458.8935000002, 3156115.8939999994], [3859737.4079, 3160854.8641999997], [3859809.09, 3150168.8783], [3892268.487299999, 3140257.5569], [3900841.3057000004, 3141114.0470000003], [3919814.3946, 3153328.4564999994], [3920366.332800001, 3153922.6905000005], [3920660.2127, 3156217.704], [3923161.9311999995, 3156164.4332], [3950633.7397000007, 3159702.9375], [3957506.818499999, 3167694.4761999995], [3980658.9135, 3157888.2239999995], [3988851.4396, 3138673.9134], [4011459.8396000005, 3132703.4902999997]]]]}}, {"type": "Feature", "properties": {"NUTS_ID": "BG", "LEVL_CODE": 0, "CNTR_CODE": "BG", "NAME_LATN": "Bulgaria", "NUTS_NAME": "България", "MOUNT_TYPE": 0, "URBN_TYPE": 0, "COAST_TYPE": 0, "NAME_ENGL": "Bulgaria", "NAME_FREN": "Bulgarie", "ISO3_CODE": "BGR", "SVRG_UN": "UN Member State", "CAPT": "Sofia", "EU_STAT": "T", "EFTA_STAT": "F", "CC_STAT": "F", "NAME_GERM": "Bulgarien"}, "geometry": {"type": "MultiPolygon", "coordinates": [[[[5355670.479599999, 2421937.2738000005], [5363358.685799999, 2390534.4637], [5375819.819, 2393236.6164999995], [5413836.1129, 2397732.036699999], [5453726.007200001, 2394931.2346], [5470511.1852, 2397911.185900001], [5496185.8872, 2405891.3795999996], [5548282.5320999995, 2408758.8222000003], [5568140.8038, 2411494.9099000003], [5577228.5008000005, 2418572.3232000005], [5623303.4111, 2468347.4583], [5625117.978399999, 2468918.4036], [5692416.938200001, 2494414.3203999996], [5728800.2762, 2487225.7224000003], [5803878.310699999, 2477397.2667999994], [5805366.4694, 2442801.2805000003], [5773956.4548, 2421445.3914], [5771739.2168000005, 2366169.118899999], [5769660.271, 2314718.1774000004], [5794317.1281, 2287897.4026999995], [5804912.6646, 2276442.7947000004], [5723794.925799999, 2269102.7313], [5716919.9485, 2257473.069700001], [5687246.9263, 2242311.344799999], [5675518.538699999, 2215228.6450999994], [5650629.5156, 2165419.6841], [5647445.114700001, 2163286.583799999], [5592371.229800001, 2146859.8309000004], [5587712.9121, 2151062.0305000003], [5554204.395199999, 2149956.8691000007], [5526578.855699999, 2165242.6676000003], [5491533.976, 2156084.1009], [5458423.3883, 2133421.0621000007], [5444429.4277, 2133891.873299999], [5401576.043400001, 2119111.646400001], [5401767.5221, 2139536.8017999995], [5394496.420399999, 2162270.083799999], [5384665.1899, 2193093.2741], [5364847.6908, 2199118.3167000003], [5353216.907500001, 2202689.0275], [5338319.639799999, 2217739.3945000004], [5340814.5933, 2256088.8045000006], [5336280.7314, 2275236.1873000003], [5341408.2982, 2280944.8636000007], [5359818.047800001, 2286468.8461000007], [5375157.8499, 2323275.2777999993], [5351004.2761, 2340906.9679000005], [5344289.3862, 2341572.718800001], [5317492.5178, 2376326.8265000004], [5322636.3971, 2410288.7277000006], [5330611.946599999, 2430822.4794999994], [5355670.479599999, 2421937.2738000005]]]]}}, {"type": "Feature", "properties": {"NUTS_ID": "CH", "LEVL_CODE": 0, "CNTR_CODE": "CH", "NAME_LATN": "Schweiz/Suisse/Svizzera", "NUTS_NAME": "Schweiz/Suisse/Svizzera", "MOUNT_TYPE": 0, "URBN_TYPE": 0, "COAST_TYPE": 0, "NAME_ENGL": "Switzerland", "NAME_FREN": "Suisse", "ISO3_CODE": "CHE", "SVRG_UN": "UN Member State", "CAPT": "Bern", "EU_STAT": "F", "EFTA_STAT": "T", "CC_STAT": "F", "NAME_GERM": "Schweiz"}, "geometry": {"type": "MultiPolygon", "coordinates": [[[[4259528.3868, 2727259.0359000005], [4283009.073799999, 2715444.941299999], [4287756.7698, 2714352.1854], [4285464.4256, 2684223.103700001], [4281155.7798, 2659947.7641000003], [4291125.0428, 2660883.3062999994], [4332066.8737, 2637515.7503999993], [4356848.7469999995, 2638051.4913], [4355774.3639, 2602036.5163000003], [4334343.9449000005, 2607397.545600001], [4324907.0221, 2580200.1414], [4270832.195599999, 2595632.4387], [4262968.432399999, 2569255.1774000004], [4256006.521, 2562205.0749999993], [4236365.010399999, 2524805.7344000004], [4221436.720000001, 2554668.332800001], [4196776.6841, 2594561.0877], [4156152.8649000004, 2537251.1045999993], [4155107.7885999996, 2536147.715], [4091539.9584999997, 2538951.4132000003], [4076472.880999999, 2595665.6992000006], [4048975.1100999992, 2597449.4472000003], [4031470.0842000004, 2588477.0012999997], [4025672.9941000007, 2570762.0755000003], [4008290.6635999996, 2566176.7631], [4022416.092599999, 2586011.9647000004], [4018233.3856000006, 2597241.8249999993], [4024713.6202000007, 2612631.9044000003], [4051112.1227, 2643952.642999999], [4082827.792300001, 2677478.4815999996], [4082697.7651000004, 2677681.3720999993], [4090009.1479, 2707007.728700001], [4104716.988399999, 2714128.7832999993], [4123319.4144, 2705527.9356999993], [4133383.940300001, 2713039.7738000005], [4136938.8966000006, 2719812.1586000007], [4139577.4244, 2722539.9049999993], [4142867.4965000004, 2719235.8000000007], [4148792.7694000006, 2716636.1911999993], [4162515.182499999, 2721450.2731999997], [4202525.681600001, 2718363.0526], [4209312.1808, 2724853.3637000006], [4209278.492900001, 2741411.866699999], [4217105.1602, 2744025.8792000003], [4220591.664899999, 2731159.9717999995], [4221123.476, 2731035.9192999993], [4259528.3868, 2727259.0359000005]]]]}}, {"type": "Feature", "properties": {"NUTS_ID": "CY", "LEVL_CODE": 0, "CNTR_CODE": "CY", "NAME_LATN": "Kýpros", "NUTS_NAME": "Κύπρος", "MOUNT_TYPE": 0, "URBN_TYPE": 0, "COAST_TYPE": 0, "NAME_ENGL": "Cyprus", "NAME_FREN": "Chypre", "ISO3_CODE": "CYP", "SVRG_UN": "UN Member State", "CAPT": "Nicosia", "EU_STAT": "T", "EFTA_STAT": "F", "CC_STAT": "F", "NAME_GERM": "Zypern"}, "geometry": {"type": "MultiPolygon", "coordinates": [[[[6467380.1095, 1643361.669399999], [6413298.6548999995, 1602175.7146000005], [6378262.987199999, 1596714.9674999993], [6357016.418299999, 1609132.5381000005], [6357268.0932, 1635312.6093000006], [6400291.3407000005, 1678043.2155000009], [6483594.1481, 1715912.7596000005], [6494000.962099999, 1733947.296599999], [6522423.109999999, 1757697.7875999995], [6524943.458000001, 1753897.0940000005], [6491385.578199999, 1706285.4462000001], [6483077.263599999, 1702725.8991], [6487898.009400001, 1674175.9061999992], [6467380.1095, 1643361.669399999]]]]}}, {"type": "Feature", "properties": {"NUTS_ID": "CZ", "LEVL_CODE": 0, "CNTR_CODE": "CZ", "NAME_LATN": "Česko", "NUTS_NAME": "Česko", "MOUNT_TYPE": 0, "URBN_TYPE": 0, "COAST_TYPE": 0, "NAME_ENGL": "Czechia", "NAME_FREN": "Tchéquie", "ISO3_CODE": "CZE", "SVRG_UN": "UN Member State", "CAPT": "Prague", "EU_STAT": "T", "EFTA_STAT": "F", "CC_STAT": "F", "NAME_GERM": "Tschechien"}, "geometry": {"type": "MultiPolygon", "coordinates": [[[[4635755.0407, 3113254.6547], [4645979.160499999, 3093185.0231999997], [4660255.7794, 3095529.1428999994], [4684723.023800001, 3106894.619999999], [4710986.851, 3088955.8484000005], [4752267.583900001, 3079151.3924000002], [4768791.1215, 3072783.737299999], [4790698.883300001, 3024479.4278999995], [4810262.3573, 3032463.4832000006], [4810829.4825, 3060614.4891999997], [4849853.547, 3042644.7591999993], [4895030.487, 3026304.2892000005], [4935450.206499999, 3013499.7408000007], [4960290.233100001, 2972378.4113999996], [4929608.184, 2955255.7161], [4924768.599400001, 2945551.253799999], [4881191.0218, 2889219.8411999997], [4863380.6556, 2882817.0767], [4832035.225400001, 2857836.831599999], [4742889.3682, 2876362.7248], [4726983.6402, 2881333.1931999996], [4689833.4824, 2885245.5896000005], [4666960.763, 2841107.5930000003], [4603174.0754, 2858273.119000001], [4581003.231000001, 2879001.467], [4571071.8972, 2879894.6663000006], [4552189.4165, 2900592.4167], [4511863.501, 2932678.570699999], [4508712.424799999, 2939910.5363999996], [4494030.7502999995, 2963467.4614000004], [4504235.755100001, 2980138.6501], [4482881.8697, 2996472.522500001], [4475191.6471, 3014233.6904000007], [4470617.443499999, 3025026.0146999992], [4504645.4372000005, 3036024.5754000004], [4530540.3905, 3036694.340399999], [4568654.602399999, 3063911.0807000007], [4578743.5452, 3075177.8411], [4613160.545, 3090520.4581000004], [4623550.103499999, 3113763.4321], [4635755.0407, 3113254.6547]]]]}}, {"type": "Feature", "properties": {"NUTS_ID": "DE", "LEVL_CODE": 0, "CNTR_CODE": "DE", "NAME_LATN": "Deutschland", "NUTS_NAME": "Deutschland", "MOUNT_TYPE": 0, "URBN_TYPE": 0, "COAST_TYPE": 0, "NAME_ENGL": "Germany", "NAME_FREN": "Allemagne", "ISO3_CODE": "DEU", "SVRG_UN": "UN Member State", "CAPT": "Berlin", "EU_STAT": "T", "EFTA_STAT": "F", "CC_STAT": "F", "NAME_GERM": "Deutschland"}, "geometry": {"type": "MultiPolygon", "coordinates": [[[[4264045.7861, 3530123.4396], [4274283.7929, 3523118.9946999997], [4283856.6886, 3525296.4646000005], [4286822.7674, 3523626.4880999997], [4288333.1447, 3524216.9692], [4306700.0561999995, 3513563.8450000007], [4307694.2598, 3495169.0646], [4331938.636299999, 3480738.1951], [4332328.8266, 3471046.3947], [4367472.4155, 3466735.8474000003], [4386496.9418, 3468978.9275], [4376190.2784, 3431980.1624999996], [4380328.672700001, 3428122.1577000003], [4423356.629799999, 3436786.9388999995], [4451511.6183, 3453830.8413999993], [4464496.873, 3461970.9582], [4469893.0550999995, 3465507.3104999997], [4531387.9187, 3500546.8101000004], [4551177.835899999, 3486755.055299999], [4537621.657299999, 3459061.6147000007], [4598483.263599999, 3432717.9909000006], [4598024.352, 3425758.6513], [4591126.8651, 3414092.931500001], [4602721.2754999995, 3407226.048800001], [4614776.206, 3366892.3253000006], [4599281.9924, 3324914.319700001], [4600578.1602, 3317654.933700001], [4620842.0239, 3294804.2860000003], [4629911.4213, 3289187.701199999], [4629435.833000001, 3263563.6764], [4634821.9384, 3250189.340500001], [4646802.7424, 3228426.8564999998], [4644664.8412999995, 3220609.5798000004], [4648590.561000001, 3174085.7885], [4667129.407400001, 3151023.3308000006], [4660255.7794, 3095529.1428999994], [4645979.160499999, 3093185.0231999997], [4635755.0407, 3113254.6547], [4623550.103499999, 3113763.4321], [4613160.545, 3090520.4581000004], [4578743.5452, 3075177.8411], [4568654.602399999, 3063911.0807000007], [4530540.3905, 3036694.340399999], [4504645.4372000005, 3036024.5754000004], [4470617.443499999, 3025026.0146999992], [4475191.6471, 3014233.6904000007], [4482881.8697, 2996472.522500001], [4504235.755100001, 2980138.6501], [4494030.7502999995, 2963467.4614000004], [4508712.424799999, 2939910.5363999996], [4511863.501, 2932678.570699999], [4552189.4165, 2900592.4167], [4571071.8972, 2879894.6663000006], [4581003.231000001, 2879001.467], [4603174.0754, 2858273.119000001], [4600312.774800001, 2851666.636], [4596341.521500001, 2829133.7541000005], [4579900.4079, 2836889.7173999995], [4579671.3643, 2836835.5207], [4579445.3671, 2836171.4388999995], [4579714.7586, 2835384.8275000006], [4579577.8562, 2834988.9930000007], [4578831.8160999995, 2834529.6916000005], [4578694.752699999, 2834033.946799999], [4578256.6741, 2833743.7687999997], [4577590.199999999, 2833819.306399999], [4577520.554300001, 2832996.6304], [4576657.3144000005, 2832784.0842000004], [4576129.709899999, 2833244.352], [4556759.177300001, 2802949.1988999993], [4539906.565199999, 2792493.4747], [4525936.166999999, 2781511.587099999], [4534508.8895, 2768916.1735999994], [4535816.2831, 2765181.807], [4542424.854499999, 2755742.9772999994], [4550492.988700001, 2716598.8374000005], [4523482.837200001, 2733534.5822], [4514603.5298, 2727668.8101000004], [4496572.345000001, 2734271.410700001], [4475984.664100001, 2724949.8110000007], [4460729.270300001, 2722685.2793000005], [4443880.2947, 2721225.526799999], [4427326.055500001, 2710091.6841], [4428275.4441, 2704501.090399999], [4397789.8456999995, 2698611.856899999], [4395879.224099999, 2698559.6253999993], [4387765.814200001, 2714092.2085999995], [4355225.3652, 2715902.9925999995], [4352656.717800001, 2697259.9672999997], [4334506.5766, 2684074.9562], [4320964.2509, 2707711.6807000004], [4318575.4584, 2714736.6659999993], [4287756.7698, 2714352.1854], [4283009.073799999, 2715444.941299999], [4259528.3868, 2727259.0359000005], [4221123.476, 2731035.9192999993], [4220591.664899999, 2731159.9717999995], [4217105.1602, 2744025.8792000003], [4209278.492900001, 2741411.866699999], [4209312.1808, 2724853.3637000006], [4202525.681600001, 2718363.0526], [4162515.182499999, 2721450.2731999997], [4148792.7694000006, 2716636.1911999993], [4142867.4965000004, 2719235.8000000007], [4139577.4244, 2722539.9049999993], [4136889.5688000005, 2739716.5875000004], [4140149.0461, 2758618.4416000005], [4140555.6732, 2780969.7829], [4140622.8365, 2781605.5660999995], [4148737.4970999993, 2796455.1335000005], [4170832.9875000007, 2847105.0318], [4191568.4299, 2874149.0747999996], [4179638.1773000006, 2878090.5392000005], [4168238.4449000005, 2883501.2454000004], [4148169.9397, 2885085.8198000006], [4129088.6479, 2897694.362400001], [4121360.4156, 2894898.5023], [4109552.371200001, 2897821.1248000003], [4082335.1054, 2905956.7978000008], [4071243.3954000007, 2928770.9639], [4057753.9418, 2935021.0808000006], [4059130.7711999994, 2944039.3893999998], [4067410.837099999, 2973721.5833], [4044953.8672, 3009232.5731000006], [4065087.3355, 3029745.6953], [4059686.3597, 3049366.0593999997], [4040360.1849000007, 3079039.3890000004], [4045944.8244000003, 3096437.1327], [4031952.4076000005, 3110464.237400001], [4053685.3247999996, 3126266.0513000004], [4046900.025699999, 3133097.6772000007], [4058181.026799999, 3146140.6393999998], [4041680.6645, 3189693.8340000007], [4057369.1633, 3205892.865700001], [4073465.7522, 3196970.059800001], [4092852.0757999998, 3207673.7051], [4099187.351500001, 3228125.133300001], [4120624.0736, 3240894.579399999], [4117146.8552, 3258660.1053], [4096766.4867000002, 3269198.322899999], [4098287.6952, 3284897.710999999], [4118393.6692999993, 3285247.0691], [4125134.6445000004, 3307187.4432999995], [4133736.155200001, 3337487.729699999], [4134707.5439999998, 3351905.1378000006], [4138750.3600999992, 3360935.3455999997], [4127540.2368, 3366604.9955], [4155275.4101, 3399818.1371999998], [4176382.6543000005, 3402209.9497999996], [4194751.966399999, 3393946.6743], [4197878.8917, 3384615.9682], [4192372.5107000005, 3379297.522500001], [4201005.0361, 3368299.9952000007], [4225157.210200001, 3380666.8516000006], [4223056.660599999, 3389733.5266999993], [4229550.3774, 3407325.4558000006], [4234678.0746, 3421310.459899999], [4247889.5098, 3417219.763699999], [4256375.465500001, 3414615.2423], [4273209.700099999, 3418043.1238], [4268364.658, 3419505.3093], [4244479.204, 3435836.931], [4245717.2721, 3462796.1393], [4233488.610400001, 3534838.2576], [4249689.6296999995, 3532312.2336999997], [4264045.7861, 3530123.4396]]], [[[4194192.7557999995, 3462176.4882999994], [4188683.2228999995, 3433561.2444], [4166955.4499999993, 3464869.876], [4184291.8157, 3472667.3577999994], [4194192.7557999995, 3462176.4882999994]]], [[[4236123.1843, 3426692.145199999], [4220740.653899999, 3412520.1379000004], [4210702.8399, 3415764.6764], [4221198.286699999, 3439472.8971999995], [4236123.1843, 3426692.145199999]]]]}}, {"type": "Feature", "properties": {"NUTS_ID": "NO", "LEVL_CODE": 0, "CNTR_CODE": "NO", "NAME_LATN": "Norge", "NUTS_NAME": "Norge", "MOUNT_TYPE": 0, "URBN_TYPE": 0, "COAST_TYPE": 0, "NAME_ENGL": "Norway", "NAME_FREN": "Norvège", "ISO3_CODE": "NOR", "SVRG_UN": "UN Member State", "CAPT": "Oslo", "EU_STAT": "F", "EFTA_STAT": "T", "CC_STAT": "F", "NAME_GERM": "Norwegen"}, "geometry": {"type": "MultiPolygon", "coordinates": [[[[4971010.6425, 5401019.9034], [5001186.657199999, 5378718.751599999], [5027555.567600001, 5391153.160700001], [5074653.9242, 5377303.7195999995], [5089119.8992, 5354898.9845], [5089238.543, 5313294.950200001], [5121979.895099999, 5303618.9924], [5129540.749399999, 5289674.165200001], [5129146.861400001, 5280535.3759], [5103863.7072, 5284239.232899999], [5102943.5492, 5264215.5197], [5091069.457800001, 5246229.9487], [5072809.138800001, 5205674.012399999], [5064258.8256, 5266231.4595], [4996322.788799999, 5301735.9025], [4943807.892000001, 5250194.7501], [4948346.343599999, 5164461.637800001], [4932226.6894000005, 5124378.9022], [4889483.3258, 5130749.9980999995], [4853855.835899999, 5111817.7235], [4801469.590500001, 5146847.401900001], [4786541.835899999, 5162420.5875], [4781583.823799999, 5166481.751], [4770072.6545, 5167675.498199999], [4760596.4999, 5158082.832699999], [4744757.5046, 5136005.0243], [4736996.603800001, 5130193.0163], [4731700.331700001, 5058529.409600001], [4655620.2413, 5065448.5865], [4659061.4355999995, 5021416.403899999], [4644414.573000001, 5008079.9103], [4626113.4443, 5012633.2763], [4605710.551100001, 4987904.661900001], [4587371.919, 4935277.019400001], [4598950.251599999, 4895824.906199999], [4563730.3927, 4830690.195], [4566978.611199999, 4813265.669600001], [4532037.6675, 4779505.4033], [4525407.6393, 4674222.130000001], [4500553.1686, 4616548.5276], [4506168.570599999, 4609613.9451], [4520389.6183, 4592218.7552000005], [4517888.839400001, 4557693.2116], [4475502.457900001, 4555685.7949], [4445732.5723, 4529630.7809], [4430966.837200001, 4503388.899800001], [4428899.1995, 4481072.204600001], [4424849.4953000005, 4454897.044], [4438332.4803, 4360687.112199999], [4440904.7279, 4353715.4593], [4436644.1457, 4298009.4877], [4465246.070800001, 4261087.826400001], [4465658.2871, 4219983.2985], [4445605.062000001, 4211601.132300001], [4462806.228700001, 4150810.2381999996], [4457049.282199999, 4110970.5056999996], [4441629.048599999, 4089343.866800001], [4424393.606000001, 4083582.6481999997], [4429455.153999999, 4078125.6467000004], [4425445.6281, 4016571.0274], [4419716.5154, 3995431.0604], [4414590.9651999995, 3982028.8113], [4404885.393100001, 3988539.145199999], [4401998.2873, 3995041.9647000004], [4373394.358200001, 3994669.7545999996], [4359073.0623, 4038766.7128999997], [4349264.099199999, 4075770.285700001], [4351022.8641, 4053305.3901000004], [4339298.0162, 4065644.9223999996], [4346422.859300001, 4037055.2649000008], [4346757.424699999, 4003238.4570000004], [4332808.4957, 3989225.238], [4311750.9410999995, 3993710.8703000005], [4279980.8333, 3964790.1810999997], [4256066.1259, 3930741.614600001], [4213958.0448, 3894853.0270000007], [4160463.1750000007, 3880519.0293000005], [4111864.4394000005, 3915147.7860000003], [4063429.7015000004, 3969120.2654], [4062753.6042, 3997635.1504999995], [4078629.6838000007, 4025681.0638999995], [4076161.3388, 4060048.1505999994], [4086573.9570000004, 4065581.8560000006], [4073655.440199999, 4082009.8311], [4067516.0020000003, 4048739.5405], [4066964.2595000006, 4034093.9768000003], [4049998.9838999994, 4016026.338199999], [4050940.9976000004, 4049816.8564999998], [4042374.994999999, 4151462.1871000007], [4055300.7489, 4201493.591600001], [4028865.9942000005, 4211714.6258000005], [4043570.6801999994, 4246645.327099999], [4050152.8543999996, 4300287.329], [4065300.0386999995, 4319486.0408], [4065105.2411, 4346554.886], [4083259.7125000004, 4327950.339], [4082496.217599999, 4349753.718699999], [4097728.3377, 4347843.539899999], [4127568.786800001, 4396800.4233], [4168269.650699999, 4431121.757200001], [4202989.6961, 4434136.853], [4214590.0529, 4479883.995100001], [4251819.0867, 4476423.644200001], [4237472.6719, 4493230.5568], [4240359.9783, 4507768.357000001], [4265630.768100001, 4503597.1555], [4273302.1142, 4491522.827400001], [4306292.048699999, 4506000.9859], [4317480.179400001, 4546301.294500001], [4356381.989499999, 4589914.0655000005], [4371705.4673999995, 4611538.400699999], [4372241.9955, 4650389.365599999], [4422522.2082, 4658514.7499], [4414948.2951, 4727918.163699999], [4427038.187000001, 4783167.2206], [4446799.338099999, 4822302.992699999], [4459084.3749, 4813829.069], [4463487.486099999, 4851215.2359], [4480658.793, 4880435.3213], [4504124.156300001, 4900429.4528], [4524696.8105999995, 4973594.759], [4562851.1568, 5012393.589400001], [4554861.9410999995, 5031191.655300001], [4510750.3848, 5023979.508199999], [4510924.7915, 5071567.874399999], [4554801.4717999995, 5123441.0911], [4564713.3299, 5084522.766100001], [4583196.3675999995, 5103804.6117], [4613870.429199999, 5083916.1098], [4600030.493899999, 5146386.755000001], [4653395.6316, 5197696.0228], [4662259.460999999, 5238895.491900001], [4695441.8423999995, 5242799.123400001], [4704025.0338, 5215904.151699999], [4727614.4300999995, 5214816.611500001], [4730784.409700001, 5245331.046499999], [4750208.8379, 5236473.608999999], [4759008.738299999, 5264464.8967], [4789654.0733, 5277247.586300001], [4802859.8138, 5328245.774], [4832691.8038, 5327944.989], [4889648.5798, 5378319.3178], [4903835.0221, 5335205.0209], [4971010.6425, 5401019.9034]]], [[[4481954.947699999, 6282491.5911], [4485237.586100001, 6252594.103800001], [4494757.2995, 6268023.8412999995], [4504190.986500001, 6256847.534499999], [4514231.807600001, 6224467.913000001], [4547343.677100001, 6222830.8466], [4561949.3862, 6198149.829], [4577279.6535, 6193829.794399999], [4579660.0637, 6176193.9287], [4594415.8171, 6165659.5548], [4606504.130799999, 6134655.6138], [4622146.8806, 6137205.261399999], [4633652.7357, 6116432.2837000005], [4661452.6272, 6093433.526699999], [4662600.602, 6075695.2248], [4649368.6338, 6049659.4208], [4640746.614600001, 6038706.889900001], [4630172.6515, 6066502.450099999], [4625206.7743, 6069497.161800001], [4614037.2645, 6055741.9725], [4592518.353499999, 6045162.3029], [4589624.8617, 6055298.366], [4592887.989700001, 6096201.613], [4565781.5309999995, 6139610.5057], [4557069.736199999, 6170920.3609], [4528767.7149, 6144115.7631], [4533271.115800001, 6109033.3344], [4522724.590600001, 6093310.726199999], [4524105.2711, 6042086.913799999], [4511601.443499999, 6035210.1687], [4508147.041300001, 5949200.799699999], [4495923.819, 5938367.064200001], [4431232.541200001, 6000256.731799999], [4419414.130999999, 6032513.0353999995], [4429545.8651, 6043863.3182], [4428542.751499999, 6055362.1543000005], [4412623.3586, 6063448.275900001], [4407644.031099999, 6090631.08], [4437731.716399999, 6099666.470899999], [4467513.2852, 6129989.536599999], [4465565.9640999995, 6154241.642999999], [4449543.921599999, 6139098.7301], [4433208.403100001, 6151484.3901], [4403150.802999999, 6106632.5715], [4390637.764, 6109407.688200001], [4372489.2897, 6146093.93], [4358913.4975000005, 6167752.816400001], [4358591.594799999, 6208673.2006], [4346810.902799999, 6208651.2565], [4337784.1383, 6253881.614399999], [4349644.2621, 6283781.3675999995], [4367754.676200001, 6263978.7651], [4366974.8014, 6283286.6887], [4393584.975, 6285089.9979], [4394833.445800001, 6274235.8433], [4390968.3237, 6259658.880999999], [4391944.0242, 6248906.612600001], [4403998.4617, 6237322.068499999], [4403237.319800001, 6252704.581900001], [4413467.3211, 6277879.7157000005], [4422457.299900001, 6273758.4377], [4450489.2941, 6211001.219699999], [4451126.933800001, 6219492.323100001], [4438126.889699999, 6273133.260299999], [4440716.001700001, 6299831.011399999], [4448229.8245, 6311273.8795], [4476436.3015, 6293045.381899999], [4481954.947699999, 6282491.5911]]], [[[4510674.046599999, 6371277.102399999], [4550099.428300001, 6338249.123500001], [4563279.560799999, 6326435.6412], [4564412.376499999, 6335364.93], [4560518.3565, 6363248.3827], [4572405.984099999, 6373500.732000001], [4580162.6029, 6345194.776000001], [4589963.7815000005, 6350401.1894000005], [4589220.7234000005, 6377149.813100001], [4652938.9922, 6347091.5153], [4656515.137499999, 6336344.5933], [4652709.0337000005, 6311272.100299999], [4642068.169299999, 6267997.330399999], [4602789.9889, 6246975.9592], [4531606.3903, 6258487.5131], [4525539.1894000005, 6267952.696699999], [4526644.759199999, 6275590.0908], [4538276.4289, 6271093.2896], [4533686.3609, 6291966.443499999], [4500572.0317, 6282002.596000001], [4476750.9464, 6327279.4331], [4480291.5463, 6349220.5233], [4485027.253799999, 6346817.2377], [4490307.804199999, 6328984.1537], [4499718.535, 6326428.629899999], [4495950.314300001, 6347623.957800001], [4505989.4013, 6338343.5634], [4506038.191, 6364624.042300001], [4510674.046599999, 6371277.102399999]]], [[[4351345.1559999995, 6139342.011499999], [4344817.854, 6134203.7327], [4332042.5297, 6170151.0331999995], [4331599.0363, 6181134.861300001], [4343760.2531, 6173821.9421], [4347877.9605, 6163372.171399999], [4351345.1559999995, 6139342.011499999]]], [[[4489350.8421, 5012888.968800001], [4468197.6897, 4995011.9517], [4462355.771299999, 5003033.091], [4483972.0098, 5031488.6206], [4489350.8421, 5012888.968800001]]], [[[4603544.630799999, 5715900.3159], [4599708.438999999, 5695376.2038], [4588451.6676, 5713526.906300001], [4596326.4092, 5726992.5087], [4603544.630799999, 5715900.3159]]], [[[4457512.147500001, 4989894.115599999], [4449988.1676, 4967044.3533], [4441307.7049, 4977366.782199999], [4450605.910700001, 5009443.189200001], [4457512.147500001, 4989894.115599999]]], [[[3671363.9694999997, 5402151.217700001], [3655188.5372, 5400904.6579], [3655017.579, 5408264.5013999995], [3674411.0427, 5429738.807399999], [3671363.9694999997, 5402151.217700001]]], [[[4371032.4855, 6110027.909700001], [4364748.9002, 6103048.536499999], [4358234.171700001, 6124629.8048], [4364269.252699999, 6132268.4783], [4371032.4855, 6110027.909700001]]], [[[4686146.9802, 6224279.3026], [4695358.2479, 6195699.328600001], [4686356.522399999, 6198780.6502], [4681334.5890999995, 6212432.2926], [4686146.9802, 6224279.3026]]], [[[4281550.8379, 4547227.8664], [4274343.7094, 4524241.469799999], [4254760.191500001, 4532857.8332], [4258826.624299999, 4545550.343], [4281550.8379, 4547227.8664]]], [[[4672085.4572, 6368987.599400001], [4677350.046599999, 6347906.926000001], [4663754.648, 6362824.8949], [4662325.005899999, 6373918.781199999], [4672085.4572, 6368987.599400001]]], [[[4848303.566199999, 5361192.332800001], [4838084.864, 5358305.1501], [4830628.112500001, 5382139.6943], [4838530.404100001, 5391087.1763], [4848303.566199999, 5361192.332800001]]], [[[4519413.695699999, 6400318.891899999], [4524226.183, 6376527.9728999995], [4514727.5875, 6384507.2432], [4513133.9179, 6401638.6018], [4519413.695699999, 6400318.891899999]]]]}}]}